<zipcodes>
  <object>
    <country_code>HT</country_code>
    <zipcode>HT3110</zipcode>
    <place>Port-de-Paix</place>
    <state>Nord-Ouest</state>
    <state_code>03</state_code>
    <province></province>
    <province_code></province_code>
    <community></community>
    <community_code></community_code>
    <latitude>19.9398</latitude>
    <longitude>-72.8304</longitude>
  </object>
  <object>
    <country_code>HT</country_code>
    <zipcode>HT3111</zipcode>
    <place>La Pointe</place>
    <state>Nord-Ouest</state>
    <state_code>03</state_code>
    <province></province>
    <province_code></province_code>
    <community></community>
    <community_code></community_code>
    <latitude>19.9452</latitude>
    <longitude>-72.7751</longitude>
  </object>
  <object>
    <country_code>HT</country_code>
    <zipcode>HT3120</zipcode>
    <place>La Tortue</place>
    <state>Nord-Ouest</state>
    <state_code>03</state_code>
    <province></province>
    <province_code></province_code>
    <community></community>
    <community_code></community_code>
    <latitude>20.0251</latitude>
    <longitude>-72.7778</longitude>
  </object>
  <object>
    <country_code>HT</country_code>
    <zipcode>HT3121</zipcode>
    <place>Pointe des Oiseaux</place>
    <state>Nord-Ouest</state>
    <state_code>03</state_code>
    <province></province>
    <province_code></province_code>
    <community></community>
    <community_code></community_code>
    <latitude>20.0157</latitude>
    <longitude>-72.764</longitude>
  </object>
  <object>
    <country_code>HT</country_code>
    <zipcode>HT3122</zipcode>
    <place>Mare Rouge</place>
    <state>Nord-Ouest</state>
    <state_code>03</state_code>
    <province></province>
    <province_code></province_code>
    <community></community>
    <community_code></community_code>
    <latitude>20.0344</latitude>
    <longitude>-72.7916</longitude>
  </object>
  <object>
    <country_code>HT</country_code>
    <zipcode>HT3130</zipcode>
    <place>Bassin-Bleu</place>
    <state>Nord-Ouest</state>
    <state_code>03</state_code>
    <province></province>
    <province_code></province_code>
    <community></community>
    <community_code></community_code>
    <latitude>19.9637</latitude>
    <longitude>-72.7993</longitude>
  </object>
  <object>
    <country_code>HT</country_code>
    <zipcode>HT3140</zipcode>
    <place>Chansolme</place>
    <state>Nord-Ouest</state>
    <state_code>03</state_code>
    <province></province>
    <province_code></province_code>
    <community></community>
    <community_code></community_code>
    <latitude>19.8832</latitude>
    <longitude>-72.8355</longitude>
  </object>
  <object>
    <country_code>HT</country_code>
    <zipcode>HT3210</zipcode>
    <place>Saint-Louis-du-Nord</place>
    <state>Nord-Ouest</state>
    <state_code>03</state_code>
    <province></province>
    <province_code></province_code>
    <community></community>
    <community_code></community_code>
    <latitude>19.9038</latitude>
    <longitude>-72.6868</longitude>
  </object>
  <object>
    <country_code>HT</country_code>
    <zipcode>HT3211</zipcode>
    <place>Bonneau</place>
    <state>Nord-Ouest</state>
    <state_code>03</state_code>
    <province></province>
    <province_code></province_code>
    <community></community>
    <community_code></community_code>
    <latitude>19.9076</latitude>
    <longitude>-72.6569</longitude>
  </object>
  <object>
    <country_code>HT</country_code>
    <zipcode>HT3212</zipcode>
    <place>Guichard</place>
    <state>Nord-Ouest</state>
    <state_code>03</state_code>
    <province></province>
    <province_code></province_code>
    <community></community>
    <community_code></community_code>
    <latitude>19.9</latitude>
    <longitude>-72.7167</longitude>
  </object>
  <object>
    <country_code>HT</country_code>
    <zipcode>HT3220</zipcode>
    <place>Anse-à-Foleur</place>
    <state>Nord-Ouest</state>
    <state_code>03</state_code>
    <province></province>
    <province_code></province_code>
    <community></community>
    <community_code></community_code>
    <latitude>19.8926</latitude>
    <longitude>-72.6201</longitude>
  </object>
  <object>
    <country_code>HT</country_code>
    <zipcode>HT3310</zipcode>
    <place>Môle-Saint-Nicolas</place>
    <state>Nord-Ouest</state>
    <state_code>03</state_code>
    <province></province>
    <province_code></province_code>
    <community></community>
    <community_code></community_code>
    <latitude>19.7361</latitude>
    <longitude>-73.2461</longitude>
  </object>
  <object>
    <country_code>HT</country_code>
    <zipcode>HT3320</zipcode>
    <place>Bombardopolis</place>
    <state>Nord-Ouest</state>
    <state_code>03</state_code>
    <province></province>
    <province_code></province_code>
    <community></community>
    <community_code></community_code>
    <latitude>19.6914</latitude>
    <longitude>-73.3377</longitude>
  </object>
  <object>
    <country_code>HT</country_code>
    <zipcode>HT3330</zipcode>
    <place>Baie-de-Henne</place>
    <state>Nord-Ouest</state>
    <state_code>03</state_code>
    <province></province>
    <province_code></province_code>
    <community></community>
    <community_code></community_code>
    <latitude>19.6631</latitude>
    <longitude>-73.2094</longitude>
  </object>
  <object>
    <country_code>HT</country_code>
    <zipcode>HT3340</zipcode>
    <place>Jean-Rabel</place>
    <state>Nord-Ouest</state>
    <state_code>03</state_code>
    <province></province>
    <province_code></province_code>
    <community></community>
    <community_code></community_code>
    <latitude>19.8538</latitude>
    <longitude>-73.1913</longitude>
  </object>
  <object>
    <country_code>HT</country_code>
    <zipcode>HT4110</zipcode>
    <place>Gonaïves</place>
    <state>Artibonite</state>
    <state_code>06</state_code>
    <province></province>
    <province_code></province_code>
    <community></community>
    <community_code></community_code>
    <latitude>19.4475</latitude>
    <longitude>-72.6893</longitude>
  </object>
  <object>
    <country_code>HT</country_code>
    <zipcode>HT4111</zipcode>
    <place>Petite Rivière de l’Artibonite</place>
    <state>Artibonite</state>
    <state_code>06</state_code>
    <province></province>
    <province_code></province_code>
    <community></community>
    <community_code></community_code>
    <latitude>19.124</latitude>
    <longitude>-72.4817</longitude>
  </object>
  <object>
    <country_code>HT</country_code>
    <zipcode>HT4120</zipcode>
    <place>Ennery</place>
    <state>Artibonite</state>
    <state_code>06</state_code>
    <province></province>
    <province_code></province_code>
    <community></community>
    <community_code></community_code>
    <latitude>19.4834</latitude>
    <longitude>-72.4854</longitude>
  </object>
  <object>
    <country_code>HT</country_code>
    <zipcode>HT4130</zipcode>
    <place>L'Estère</place>
    <state>Artibonite</state>
    <state_code>06</state_code>
    <province></province>
    <province_code></province_code>
    <community></community>
    <community_code></community_code>
    <latitude>19.3031</latitude>
    <longitude>-72.6097</longitude>
  </object>
  <object>
    <country_code>HT</country_code>
    <zipcode>HT4210</zipcode>
    <place>Gros Morne</place>
    <state>Artibonite</state>
    <state_code>06</state_code>
    <province></province>
    <province_code></province_code>
    <community></community>
    <community_code></community_code>
    <latitude>19.6708</latitude>
    <longitude>-72.6781</longitude>
  </object>
  <object>
    <country_code>HT</country_code>
    <zipcode>HT4220</zipcode>
    <place>Terre-Neuve</place>
    <state>Artibonite</state>
    <state_code>06</state_code>
    <province></province>
    <province_code></province_code>
    <community></community>
    <community_code></community_code>
    <latitude>19.5995</latitude>
    <longitude>-72.7809</longitude>
  </object>
  <object>
    <country_code>HT</country_code>
    <zipcode>HT4230</zipcode>
    <place>Anse-Rouge</place>
    <state>Artibonite</state>
    <state_code>06</state_code>
    <province></province>
    <province_code></province_code>
    <community></community>
    <community_code></community_code>
    <latitude>19.6345</latitude>
    <longitude>-72.9179</longitude>
  </object>
  <object>
    <country_code>HT</country_code>
    <zipcode>HT4231</zipcode>
    <place>Sources Chaudes</place>
    <state>Artibonite</state>
    <state_code>06</state_code>
    <province></province>
    <province_code></province_code>
    <community></community>
    <community_code></community_code>
    <latitude>19.6345</latitude>
    <longitude>-72.9179</longitude>
  </object>
  <object>
    <country_code>HT</country_code>
    <zipcode>HT4310</zipcode>
    <place>Saint-Marc</place>
    <state>Artibonite</state>
    <state_code>06</state_code>
    <province></province>
    <province_code></province_code>
    <community></community>
    <community_code></community_code>
    <latitude>19.1082</latitude>
    <longitude>-72.6938</longitude>
  </object>
  <object>
    <country_code>HT</country_code>
    <zipcode>HT4311</zipcode>
    <place>Montrouis</place>
    <state>Artibonite</state>
    <state_code>06</state_code>
    <province></province>
    <province_code></province_code>
    <community></community>
    <community_code></community_code>
    <latitude>19.0977</latitude>
    <longitude>-72.7082</longitude>
  </object>
  <object>
    <country_code>HT</country_code>
    <zipcode>HT4320</zipcode>
    <place>Verrettes</place>
    <state>Artibonite</state>
    <state_code>06</state_code>
    <province></province>
    <province_code></province_code>
    <community></community>
    <community_code></community_code>
    <latitude>19.0505</latitude>
    <longitude>-72.4658</longitude>
  </object>
  <object>
    <country_code>HT</country_code>
    <zipcode>HT4321</zipcode>
    <place>Désarmes</place>
    <state>Artibonite</state>
    <state_code>06</state_code>
    <province></province>
    <province_code></province_code>
    <community></community>
    <community_code></community_code>
    <latitude>18.9935</latitude>
    <longitude>-72.3906</longitude>
  </object>
  <object>
    <country_code>HT</country_code>
    <zipcode>HT4322</zipcode>
    <place>Deschapelles</place>
    <state>Artibonite</state>
    <state_code>06</state_code>
    <province></province>
    <province_code></province_code>
    <community></community>
    <community_code></community_code>
    <latitude>19.0736</latitude>
    <longitude>-72.4918</longitude>
  </object>
  <object>
    <country_code>HT</country_code>
    <zipcode>HT4323</zipcode>
    <place>Liancourt</place>
    <state>Artibonite</state>
    <state_code>06</state_code>
    <province></province>
    <province_code></province_code>
    <community></community>
    <community_code></community_code>
    <latitude>19.1247</latitude>
    <longitude>-72.5371</longitude>
  </object>
  <object>
    <country_code>HT</country_code>
    <zipcode>HT4410</zipcode>
    <place>Dessalines (Marchand-Dessalines)</place>
    <state>Artibonite</state>
    <state_code>06</state_code>
    <province></province>
    <province_code></province_code>
    <community></community>
    <community_code></community_code>
    <latitude>19.1731</latitude>
    <longitude>-72.5656</longitude>
  </object>
  <object>
    <country_code>HT</country_code>
    <zipcode>HT4420</zipcode>
    <place>Petite-Rivière-de-l’Artibonite</place>
    <state>Artibonite</state>
    <state_code>06</state_code>
    <province></province>
    <province_code></province_code>
    <community></community>
    <community_code></community_code>
    <latitude>19.124</latitude>
    <longitude>-72.4817</longitude>
  </object>
  <object>
    <country_code>HT</country_code>
    <zipcode>HT4421</zipcode>
    <place>Savane à Roches</place>
    <state>Artibonite</state>
    <state_code>06</state_code>
    <province></province>
    <province_code></province_code>
    <community></community>
    <community_code></community_code>
    <latitude>19.011</latitude>
    <longitude>-72.367</longitude>
  </object>
  <object>
    <country_code>HT</country_code>
    <zipcode>HT4430</zipcode>
    <place>Grande-Saline</place>
    <state>Artibonite</state>
    <state_code>06</state_code>
    <province></province>
    <province_code></province_code>
    <community></community>
    <community_code></community_code>
    <latitude>19.2651</latitude>
    <longitude>-72.769</longitude>
  </object>
  <object>
    <country_code>HT</country_code>
    <zipcode>HT4440</zipcode>
    <place>Desdunes</place>
    <state>Artibonite</state>
    <state_code>06</state_code>
    <province></province>
    <province_code></province_code>
    <community></community>
    <community_code></community_code>
    <latitude>19.2924</latitude>
    <longitude>-72.6448</longitude>
  </object>
  <object>
    <country_code>HT</country_code>
    <zipcode>HT4510</zipcode>
    <place>Marmelade</place>
    <state>Artibonite</state>
    <state_code>06</state_code>
    <province></province>
    <province_code></province_code>
    <community></community>
    <community_code></community_code>
    <latitude>19.5174</latitude>
    <longitude>-72.3613</longitude>
  </object>
  <object>
    <country_code>HT</country_code>
    <zipcode>HT4520</zipcode>
    <place>Saint-Michel-de-l’Attalaye</place>
    <state>Artibonite</state>
    <state_code>06</state_code>
    <province></province>
    <province_code></province_code>
    <community></community>
    <community_code></community_code>
    <latitude>19.5174</latitude>
    <longitude>-72.3613</longitude>
  </object>
  <object>
    <country_code>HT</country_code>
    <zipcode>HT4530</zipcode>
    <place>Moreau Paye</place>
    <state>Artibonite</state>
    <state_code>06</state_code>
    <province></province>
    <province_code></province_code>
    <community></community>
    <community_code></community_code>
    <latitude>19.5174</latitude>
    <longitude>-72.3613</longitude>
  </object>
  <object>
    <country_code>HT</country_code>
    <zipcode>HT5110</zipcode>
    <place>Hinche</place>
    <state>Centre</state>
    <state_code>07</state_code>
    <province></province>
    <province_code></province_code>
    <community></community>
    <community_code></community_code>
    <latitude>19.15</latitude>
    <longitude>-72.0167</longitude>
  </object>
  <object>
    <country_code>HT</country_code>
    <zipcode>HT5111</zipcode>
    <place>Los Palis</place>
    <state>Centre</state>
    <state_code>07</state_code>
    <province></province>
    <province_code></province_code>
    <community></community>
    <community_code></community_code>
    <latitude>19.1417</latitude>
    <longitude>-71.9402</longitude>
  </object>
  <object>
    <country_code>HT</country_code>
    <zipcode>HT5120</zipcode>
    <place>Maïssade</place>
    <state>Centre</state>
    <state_code>07</state_code>
    <province></province>
    <province_code></province_code>
    <community></community>
    <community_code></community_code>
    <latitude>19.1761</latitude>
    <longitude>-72.1396</longitude>
  </object>
  <object>
    <country_code>HT</country_code>
    <zipcode>HT5121</zipcode>
    <place>Louverture</place>
    <state>Centre</state>
    <state_code>07</state_code>
    <province></province>
    <province_code></province_code>
    <community></community>
    <community_code></community_code>
    <latitude>19.4263</latitude>
    <longitude>-72.3139</longitude>
  </object>
  <object>
    <country_code>HT</country_code>
    <zipcode>HT5130</zipcode>
    <place>Thomonde</place>
    <state>Centre</state>
    <state_code>07</state_code>
    <province></province>
    <province_code></province_code>
    <community></community>
    <community_code></community_code>
    <latitude>19.0173</latitude>
    <longitude>-71.9623</longitude>
  </object>
  <object>
    <country_code>HT</country_code>
    <zipcode>HT5140</zipcode>
    <place>Cerca-Carvajal</place>
    <state>Centre</state>
    <state_code>07</state_code>
    <province></province>
    <province_code></province_code>
    <community></community>
    <community_code></community_code>
    <latitude>19.2696</latitude>
    <longitude>-71.9386</longitude>
  </object>
  <object>
    <country_code>HT</country_code>
    <zipcode>HT5210</zipcode>
    <place>Mirebalais</place>
    <state>Centre</state>
    <state_code>07</state_code>
    <province></province>
    <province_code></province_code>
    <community></community>
    <community_code></community_code>
    <latitude>18.8345</latitude>
    <longitude>-72.1048</longitude>
  </object>
  <object>
    <country_code>HT</country_code>
    <zipcode>HT5211</zipcode>
    <place>Dufailly</place>
    <state>Centre</state>
    <state_code>07</state_code>
    <province></province>
    <province_code></province_code>
    <community></community>
    <community_code></community_code>
    <latitude>18.5128</latitude>
    <longitude>-74.2844</longitude>
  </object>
  <object>
    <country_code>HT</country_code>
    <zipcode>HT5220</zipcode>
    <place>Saut-d’Eau</place>
    <state>Centre</state>
    <state_code>07</state_code>
    <province></province>
    <province_code></province_code>
    <community></community>
    <community_code></community_code>
    <latitude>18.7502</latitude>
    <longitude>-72.8095</longitude>
  </object>
  <object>
    <country_code>HT</country_code>
    <zipcode>HT5230</zipcode>
    <place>Boucan-Carré</place>
    <state>Centre</state>
    <state_code>07</state_code>
    <province></province>
    <province_code></province_code>
    <community></community>
    <community_code></community_code>
    <latitude>18.9033</latitude>
    <longitude>-72.0392</longitude>
  </object>
  <object>
    <country_code>HT</country_code>
    <zipcode>HT5231</zipcode>
    <place>Péligre</place>
    <state>Centre</state>
    <state_code>07</state_code>
    <province></province>
    <province_code></province_code>
    <community></community>
    <community_code></community_code>
    <latitude>18.9033</latitude>
    <longitude>-72.0392</longitude>
  </object>
  <object>
    <country_code>HT</country_code>
    <zipcode>HT5310</zipcode>
    <place>Lascahobas</place>
    <state>Centre</state>
    <state_code>07</state_code>
    <province></province>
    <province_code></province_code>
    <community></community>
    <community_code></community_code>
    <latitude>18.8305</latitude>
    <longitude>-71.9356</longitude>
  </object>
  <object>
    <country_code>HT</country_code>
    <zipcode>HT5320</zipcode>
    <place>Belladère</place>
    <state>Centre</state>
    <state_code>07</state_code>
    <province></province>
    <province_code></province_code>
    <community></community>
    <community_code></community_code>
    <latitude>18.8679</latitude>
    <longitude>-71.7622</longitude>
  </object>
  <object>
    <country_code>HT</country_code>
    <zipcode>HT5321</zipcode>
    <place>Baptiste</place>
    <state>Centre</state>
    <state_code>07</state_code>
    <province></province>
    <province_code></province_code>
    <community></community>
    <community_code></community_code>
    <latitude>18.7976</latitude>
    <longitude>-71.7831</longitude>
  </object>
  <object>
    <country_code>HT</country_code>
    <zipcode>HT5330</zipcode>
    <place>Savanette</place>
    <state>Centre</state>
    <state_code>07</state_code>
    <province></province>
    <province_code></province_code>
    <community></community>
    <community_code></community_code>
    <latitude>18.7443</latitude>
    <longitude>-71.8219</longitude>
  </object>
  <object>
    <country_code>HT</country_code>
    <zipcode>HT5410</zipcode>
    <place>Cerca-la-Source</place>
    <state>Centre</state>
    <state_code>07</state_code>
    <province></province>
    <province_code></province_code>
    <community></community>
    <community_code></community_code>
    <latitude>19.1887</latitude>
    <longitude>-71.7308</longitude>
  </object>
  <object>
    <country_code>HT</country_code>
    <zipcode>HT5411</zipcode>
    <place>Saltadère</place>
    <state>Centre</state>
    <state_code>07</state_code>
    <province></province>
    <province_code></province_code>
    <community></community>
    <community_code></community_code>
    <latitude>19.1342</latitude>
    <longitude>-71.7327</longitude>
  </object>
  <object>
    <country_code>HT</country_code>
    <zipcode>HT5412</zipcode>
    <place>Lamielle</place>
    <state>Centre</state>
    <state_code>07</state_code>
    <province></province>
    <province_code></province_code>
    <community></community>
    <community_code></community_code>
    <latitude>19.2432</latitude>
    <longitude>-71.7288</longitude>
  </object>
  <object>
    <country_code>HT</country_code>
    <zipcode>HT5420</zipcode>
    <place>Thomassique</place>
    <state>Centre</state>
    <state_code>07</state_code>
    <province></province>
    <province_code></province_code>
    <community></community>
    <community_code></community_code>
    <latitude>19.0821</latitude>
    <longitude>-71.8385</longitude>
  </object>
  <object>
    <country_code>HT</country_code>
    <zipcode>HT1110</zipcode>
    <place>Cap-Haïtien (la ville)</place>
    <state>Nord</state>
    <state_code>09</state_code>
    <province></province>
    <province_code></province_code>
    <community></community>
    <community_code></community_code>
    <latitude>19.7394</latitude>
    <longitude>-72.1825</longitude>
  </object>
  <object>
    <country_code>HT</country_code>
    <zipcode>HT1111</zipcode>
    <place>Bande-du-Nord (quartier du Cap)</place>
    <state>Nord</state>
    <state_code>09</state_code>
    <province></province>
    <province_code></province_code>
    <community></community>
    <community_code></community_code>
    <latitude>19.7394</latitude>
    <longitude>-72.1825</longitude>
  </object>
  <object>
    <country_code>HT</country_code>
    <zipcode>HT1112</zipcode>
    <place>Labadie (quartier du Cap)</place>
    <state>Nord</state>
    <state_code>09</state_code>
    <province></province>
    <province_code></province_code>
    <community></community>
    <community_code></community_code>
    <latitude>19.7394</latitude>
    <longitude>-72.1825</longitude>
  </object>
  <object>
    <country_code>HT</country_code>
    <zipcode>HT1113</zipcode>
    <place>Haut-du-Cap (quartier du Cap)</place>
    <state>Nord</state>
    <state_code>09</state_code>
    <province></province>
    <province_code></province_code>
    <community></community>
    <community_code></community_code>
    <latitude>19.7394</latitude>
    <longitude>-72.1825</longitude>
  </object>
  <object>
    <country_code>HT</country_code>
    <zipcode>HT1114</zipcode>
    <place>Petite-Anse</place>
    <state>Nord</state>
    <state_code>09</state_code>
    <province></province>
    <province_code></province_code>
    <community></community>
    <community_code></community_code>
    <latitude>19.7394</latitude>
    <longitude>-72.1825</longitude>
  </object>
  <object>
    <country_code>HT</country_code>
    <zipcode>HT1120</zipcode>
    <place>Quartier-Morin</place>
    <state>Nord</state>
    <state_code>09</state_code>
    <province></province>
    <province_code></province_code>
    <community></community>
    <community_code></community_code>
    <latitude>19.697</latitude>
    <longitude>-72.1571</longitude>
  </object>
  <object>
    <country_code>HT</country_code>
    <zipcode>HT1130</zipcode>
    <place>Limonade</place>
    <state>Nord</state>
    <state_code>09</state_code>
    <province></province>
    <province_code></province_code>
    <community></community>
    <community_code></community_code>
    <latitude>19.6701</latitude>
    <longitude>-72.1243</longitude>
  </object>
  <object>
    <country_code>HT</country_code>
    <zipcode>HT1210</zipcode>
    <place>Acul-du-Nord</place>
    <state>Nord</state>
    <state_code>09</state_code>
    <province></province>
    <province_code></province_code>
    <community></community>
    <community_code></community_code>
    <latitude>19.6052</latitude>
    <longitude>-72.3522</longitude>
  </object>
  <object>
    <country_code>HT</country_code>
    <zipcode>HT1211</zipcode>
    <place>La Soufrière</place>
    <state>Nord</state>
    <state_code>09</state_code>
    <province></province>
    <province_code></province_code>
    <community></community>
    <community_code></community_code>
    <latitude>19.6052</latitude>
    <longitude>-72.3522</longitude>
  </object>
  <object>
    <country_code>HT</country_code>
    <zipcode>HT1220</zipcode>
    <place>Plaine-du-Nord</place>
    <state>Nord</state>
    <state_code>09</state_code>
    <province></province>
    <province_code></province_code>
    <community></community>
    <community_code></community_code>
    <latitude>19.612</latitude>
    <longitude>-72.2607</longitude>
  </object>
  <object>
    <country_code>HT</country_code>
    <zipcode>HT1221</zipcode>
    <place>Robillard</place>
    <state>Nord</state>
    <state_code>09</state_code>
    <province></province>
    <province_code></province_code>
    <community></community>
    <community_code></community_code>
    <latitude>19.612</latitude>
    <longitude>-72.2607</longitude>
  </object>
  <object>
    <country_code>HT</country_code>
    <zipcode>HT1230</zipcode>
    <place>Milot</place>
    <state>Nord</state>
    <state_code>09</state_code>
    <province></province>
    <province_code></province_code>
    <community></community>
    <community_code></community_code>
    <latitude>19.6084</latitude>
    <longitude>-72.2132</longitude>
  </object>
  <object>
    <country_code>HT</country_code>
    <zipcode>HT1231</zipcode>
    <place>Carrefour-des-Pères</place>
    <state>Nord</state>
    <state_code>09</state_code>
    <province></province>
    <province_code></province_code>
    <community></community>
    <community_code></community_code>
    <latitude>19.685</latitude>
    <longitude>-72.2047</longitude>
  </object>
  <object>
    <country_code>HT</country_code>
    <zipcode>HT1310</zipcode>
    <place>Grande-Rivière-du-Nord</place>
    <state>Nord</state>
    <state_code>09</state_code>
    <province></province>
    <province_code></province_code>
    <community></community>
    <community_code></community_code>
    <latitude>19.631</latitude>
    <longitude>-72.3013</longitude>
  </object>
  <object>
    <country_code>HT</country_code>
    <zipcode>HT1320</zipcode>
    <place>Barbon</place>
    <state>Nord</state>
    <state_code>09</state_code>
    <province></province>
    <province_code></province_code>
    <community></community>
    <community_code></community_code>
    <latitude>19.631</latitude>
    <longitude>-72.3013</longitude>
  </object>
  <object>
    <country_code>HT</country_code>
    <zipcode>HT1410</zipcode>
    <place>Saint-Raphaël</place>
    <state>Nord</state>
    <state_code>09</state_code>
    <province></province>
    <province_code></province_code>
    <community></community>
    <community_code></community_code>
    <latitude>19.4388</latitude>
    <longitude>-72.1991</longitude>
  </object>
  <object>
    <country_code>HT</country_code>
    <zipcode>HT1420</zipcode>
    <place>Dondon</place>
    <state>Nord</state>
    <state_code>09</state_code>
    <province></province>
    <province_code></province_code>
    <community></community>
    <community_code></community_code>
    <latitude>19.5273</latitude>
    <longitude>-72.2434</longitude>
  </object>
  <object>
    <country_code>HT</country_code>
    <zipcode>HT1430</zipcode>
    <place>Ranquitte</place>
    <state>Nord</state>
    <state_code>09</state_code>
    <province></province>
    <province_code></province_code>
    <community></community>
    <community_code></community_code>
    <latitude>19.4133</latitude>
    <longitude>-72.0808</longitude>
  </object>
  <object>
    <country_code>HT</country_code>
    <zipcode>HT1440</zipcode>
    <place>Pignon</place>
    <state>Nord</state>
    <state_code>09</state_code>
    <province></province>
    <province_code></province_code>
    <community></community>
    <community_code></community_code>
    <latitude>19.3359</latitude>
    <longitude>-72.1166</longitude>
  </object>
  <object>
    <country_code>HT</country_code>
    <zipcode>HT1450</zipcode>
    <place>La Victoire</place>
    <state>Nord</state>
    <state_code>09</state_code>
    <province></province>
    <province_code></province_code>
    <community></community>
    <community_code></community_code>
    <latitude>19.3375</latitude>
    <longitude>-72.0206</longitude>
  </object>
  <object>
    <country_code>HT</country_code>
    <zipcode>HT1510</zipcode>
    <place>Borgne</place>
    <state>Nord</state>
    <state_code>09</state_code>
    <province></province>
    <province_code></province_code>
    <community></community>
    <community_code></community_code>
    <latitude>19.8451</latitude>
    <longitude>-72.5235</longitude>
  </object>
  <object>
    <country_code>HT</country_code>
    <zipcode>HT1511</zipcode>
    <place>Petit-Bourg-de-Borgne</place>
    <state>Nord</state>
    <state_code>09</state_code>
    <province></province>
    <province_code></province_code>
    <community></community>
    <community_code></community_code>
    <latitude>19.8451</latitude>
    <longitude>-72.5235</longitude>
  </object>
  <object>
    <country_code>HT</country_code>
    <zipcode>HT1517</zipcode>
    <place>Côte-de-Fer et Fond</place>
    <state>Nord</state>
    <state_code>09</state_code>
    <province></province>
    <province_code></province_code>
    <community></community>
    <community_code></community_code>
    <latitude>19.8451</latitude>
    <longitude>-72.5235</longitude>
  </object>
  <object>
    <country_code>HT</country_code>
    <zipcode>HT1520</zipcode>
    <place>Port-Margot</place>
    <state>Nord</state>
    <state_code>09</state_code>
    <province></province>
    <province_code></province_code>
    <community></community>
    <community_code></community_code>
    <latitude>19.7518</latitude>
    <longitude>-72.4301</longitude>
  </object>
  <object>
    <country_code>HT</country_code>
    <zipcode>HT1521</zipcode>
    <place>Bayeux</place>
    <state>Nord</state>
    <state_code>09</state_code>
    <province></province>
    <province_code></province_code>
    <community></community>
    <community_code></community_code>
    <latitude>19.808</latitude>
    <longitude>-72.4321</longitude>
  </object>
  <object>
    <country_code>HT</country_code>
    <zipcode>HT1522</zipcode>
    <place>Margot</place>
    <state>Nord</state>
    <state_code>09</state_code>
    <province></province>
    <province_code></province_code>
    <community></community>
    <community_code></community_code>
    <latitude>19.8036</latitude>
    <longitude>-72.5428</longitude>
  </object>
  <object>
    <country_code>HT</country_code>
    <zipcode>HT1610</zipcode>
    <place>Limbé</place>
    <state>Nord</state>
    <state_code>09</state_code>
    <province></province>
    <province_code></province_code>
    <community></community>
    <community_code></community_code>
    <latitude>19.706</latitude>
    <longitude>-72.4034</longitude>
  </object>
  <object>
    <country_code>HT</country_code>
    <zipcode>HT1611</zipcode>
    <place>Camp-Coq</place>
    <state>Nord</state>
    <state_code>09</state_code>
    <province></province>
    <province_code></province_code>
    <community></community>
    <community_code></community_code>
    <latitude>19.6333</latitude>
    <longitude>-72.4333</longitude>
  </object>
  <object>
    <country_code>HT</country_code>
    <zipcode>HT1620</zipcode>
    <place>Bas-Limbé</place>
    <state>Nord</state>
    <state_code>09</state_code>
    <province></province>
    <province_code></province_code>
    <community></community>
    <community_code></community_code>
    <latitude>19.7684</latitude>
    <longitude>-72.3847</longitude>
  </object>
  <object>
    <country_code>HT</country_code>
    <zipcode>HT1710</zipcode>
    <place>Plaisance</place>
    <state>Nord</state>
    <state_code>09</state_code>
    <province></province>
    <province_code></province_code>
    <community></community>
    <community_code></community_code>
    <latitude>19.598</latitude>
    <longitude>-72.4699</longitude>
  </object>
  <object>
    <country_code>HT</country_code>
    <zipcode>HT1720</zipcode>
    <place>Pilate</place>
    <state>Nord</state>
    <state_code>09</state_code>
    <province></province>
    <province_code></province_code>
    <community></community>
    <community_code></community_code>
    <latitude>19.6675</latitude>
    <longitude>-72.5523</longitude>
  </object>
  <object>
    <country_code>HT</country_code>
    <zipcode>HT1723</zipcode>
    <place>Ravine-Trompette</place>
    <state>Nord</state>
    <state_code>09</state_code>
    <province></province>
    <province_code></province_code>
    <community></community>
    <community_code></community_code>
    <latitude>19.6675</latitude>
    <longitude>-72.5523</longitude>
  </object>
  <object>
    <country_code>HT</country_code>
    <zipcode>HT2110</zipcode>
    <place>Fort-Liberté</place>
    <state>Nord-Est</state>
    <state_code>10</state_code>
    <province></province>
    <province_code></province_code>
    <community></community>
    <community_code></community_code>
    <latitude>19.5868</latitude>
    <longitude>-71.8483</longitude>
  </object>
  <object>
    <country_code>HT</country_code>
    <zipcode>HT2111</zipcode>
    <place>Dérac</place>
    <state>Nord-Est</state>
    <state_code>10</state_code>
    <province></province>
    <province_code></province_code>
    <community></community>
    <community_code></community_code>
    <latitude>19.6548</latitude>
    <longitude>-71.8145</longitude>
  </object>
  <object>
    <country_code>HT</country_code>
    <zipcode>HT2112</zipcode>
    <place>Acul Samedi</place>
    <state>Nord-Est</state>
    <state_code>10</state_code>
    <province></province>
    <province_code></province_code>
    <community></community>
    <community_code></community_code>
    <latitude>19.5188</latitude>
    <longitude>-71.8821</longitude>
  </object>
  <object>
    <country_code>HT</country_code>
    <zipcode>HT2120</zipcode>
    <place>Ferrier</place>
    <state>Nord-Est</state>
    <state_code>10</state_code>
    <province></province>
    <province_code></province_code>
    <community></community>
    <community_code></community_code>
    <latitude>19.6155</latitude>
    <longitude>-71.7779</longitude>
  </object>
  <object>
    <country_code>HT</country_code>
    <zipcode>HT2121</zipcode>
    <place>Maribahoux</place>
    <state>Nord-Est</state>
    <state_code>10</state_code>
    <province></province>
    <province_code></province_code>
    <community></community>
    <community_code></community_code>
    <latitude>19.6155</latitude>
    <longitude>-71.7779</longitude>
  </object>
  <object>
    <country_code>HT</country_code>
    <zipcode>HT2130</zipcode>
    <place>Perches</place>
    <state>Nord-Est</state>
    <state_code>10</state_code>
    <province></province>
    <province_code></province_code>
    <community></community>
    <community_code></community_code>
    <latitude>19.522</latitude>
    <longitude>-71.9232</longitude>
  </object>
  <object>
    <country_code>HT</country_code>
    <zipcode>HT2210</zipcode>
    <place>Ouanaminthe</place>
    <state>Nord-Est</state>
    <state_code>10</state_code>
    <province></province>
    <province_code></province_code>
    <community></community>
    <community_code></community_code>
    <latitude>19.5493</latitude>
    <longitude>-71.7248</longitude>
  </object>
  <object>
    <country_code>HT</country_code>
    <zipcode>HT2220</zipcode>
    <place>Capotille</place>
    <state>Nord-Est</state>
    <state_code>10</state_code>
    <province></province>
    <province_code></province_code>
    <community></community>
    <community_code></community_code>
    <latitude>19.448</latitude>
    <longitude>-71.6929</longitude>
  </object>
  <object>
    <country_code>HT</country_code>
    <zipcode>HT2230</zipcode>
    <place>Mont-Organisé</place>
    <state>Nord-Est</state>
    <state_code>10</state_code>
    <province></province>
    <province_code></province_code>
    <community></community>
    <community_code></community_code>
    <latitude>19.4082</latitude>
    <longitude>-71.7813</longitude>
  </object>
  <object>
    <country_code>HT</country_code>
    <zipcode>HT2310</zipcode>
    <place>Trou-duNord</place>
    <state>Nord-Est</state>
    <state_code>10</state_code>
    <province></province>
    <province_code></province_code>
    <community></community>
    <community_code></community_code>
    <latitude>19.6231</latitude>
    <longitude>-71.9885</longitude>
  </object>
  <object>
    <country_code>HT</country_code>
    <zipcode>HT2320</zipcode>
    <place>Sainte-Suzanne</place>
    <state>Nord-Est</state>
    <state_code>10</state_code>
    <province></province>
    <province_code></province_code>
    <community></community>
    <community_code></community_code>
    <latitude>19.5834</latitude>
    <longitude>-72.0889</longitude>
  </object>
  <object>
    <country_code>HT</country_code>
    <zipcode>HT2321</zipcode>
    <place>Dupity</place>
    <state>Nord-Est</state>
    <state_code>10</state_code>
    <province></province>
    <province_code></province_code>
    <community></community>
    <community_code></community_code>
    <latitude>19.4833</latitude>
    <longitude>-72.05</longitude>
  </object>
  <object>
    <country_code>HT</country_code>
    <zipcode>HT2330</zipcode>
    <place>Terrier-Rouge</place>
    <state>Nord-Est</state>
    <state_code>10</state_code>
    <province></province>
    <province_code></province_code>
    <community></community>
    <community_code></community_code>
    <latitude>19.6363</latitude>
    <longitude>-71.9548</longitude>
  </object>
  <object>
    <country_code>HT</country_code>
    <zipcode>HT2331</zipcode>
    <place>Phaëton</place>
    <state>Nord-Est</state>
    <state_code>10</state_code>
    <province></province>
    <province_code></province_code>
    <community></community>
    <community_code></community_code>
    <latitude>19.6753</latitude>
    <longitude>-71.8969</longitude>
  </object>
  <object>
    <country_code>HT</country_code>
    <zipcode>HT2332</zipcode>
    <place>Paulette</place>
    <state>Nord-Est</state>
    <state_code>10</state_code>
    <province></province>
    <province_code></province_code>
    <community></community>
    <community_code></community_code>
    <latitude>19.6676</latitude>
    <longitude>-71.9232</longitude>
  </object>
  <object>
    <country_code>HT</country_code>
    <zipcode>HT2340</zipcode>
    <place>Caracol</place>
    <state>Nord-Est</state>
    <state_code>10</state_code>
    <province></province>
    <province_code></province_code>
    <community></community>
    <community_code></community_code>
    <latitude>19.6927</latitude>
    <longitude>-72.0173</longitude>
  </object>
  <object>
    <country_code>HT</country_code>
    <zipcode>HT2410</zipcode>
    <place>Vallières</place>
    <state>Nord-Est</state>
    <state_code>10</state_code>
    <province></province>
    <province_code></province_code>
    <community></community>
    <community_code></community_code>
    <latitude>19.4355</latitude>
    <longitude>-71.9209</longitude>
  </object>
  <object>
    <country_code>HT</country_code>
    <zipcode>HT2411</zipcode>
    <place>Grosse-Roche</place>
    <state>Nord-Est</state>
    <state_code>10</state_code>
    <province></province>
    <province_code></province_code>
    <community></community>
    <community_code></community_code>
    <latitude>19.4355</latitude>
    <longitude>-71.9209</longitude>
  </object>
  <object>
    <country_code>HT</country_code>
    <zipcode>HT2420</zipcode>
    <place>Carice</place>
    <state>Nord-Est</state>
    <state_code>10</state_code>
    <province></province>
    <province_code></province_code>
    <community></community>
    <community_code></community_code>
    <latitude>19.3779</latitude>
    <longitude>-71.8303</longitude>
  </object>
  <object>
    <country_code>HT</country_code>
    <zipcode>HT2430</zipcode>
    <place>Mombin-Crochu</place>
    <state>Nord-Est</state>
    <state_code>10</state_code>
    <province></province>
    <province_code></province_code>
    <community></community>
    <community_code></community_code>
    <latitude>19.3688</latitude>
    <longitude>-71.9824</longitude>
  </object>
  <object>
    <country_code>HT</country_code>
    <zipcode>HT2431</zipcode>
    <place>Bois-Laurence</place>
    <state>Nord-Est</state>
    <state_code>10</state_code>
    <province></province>
    <province_code></province_code>
    <community></community>
    <community_code></community_code>
    <latitude>19.3281</latitude>
    <longitude>-71.8625</longitude>
  </object>
  <object>
    <country_code>HT</country_code>
    <zipcode>HT3408</zipcode>
    <place>Puits Blain 38</place>
    <state>Ouest</state>
    <state_code>11</state_code>
    <province></province>
    <province_code></province_code>
    <community></community>
    <community_code></community_code>
    <latitude>19.8843</latitude>
    <longitude>-72.8844</longitude>
  </object>
  <object>
    <country_code>HT</country_code>
    <zipcode>HT6110</zipcode>
    <place>Port-au-Prince</place>
    <state>Ouest</state>
    <state_code>11</state_code>
    <province></province>
    <province_code></province_code>
    <community></community>
    <community_code></community_code>
    <latitude>18.5435</latitude>
    <longitude>-72.3388</longitude>
  </object>
  <object>
    <country_code>HT</country_code>
    <zipcode>HT6111</zipcode>
    <place>Bel-Air et Bourdon</place>
    <state>Ouest</state>
    <state_code>11</state_code>
    <province></province>
    <province_code></province_code>
    <community></community>
    <community_code></community_code>
    <latitude>18.5333</latitude>
    <longitude>-72.3374</longitude>
  </object>
  <object>
    <country_code>HT</country_code>
    <zipcode>HT6113</zipcode>
    <place>Turgeau</place>
    <state>Ouest</state>
    <state_code>11</state_code>
    <province></province>
    <province_code></province_code>
    <community></community>
    <community_code></community_code>
    <latitude>18.5347</latitude>
    <longitude>-72.3317</longitude>
  </object>
  <object>
    <country_code>HT</country_code>
    <zipcode>HT6114</zipcode>
    <place>Bois Verna</place>
    <state>Ouest</state>
    <state_code>11</state_code>
    <province></province>
    <province_code></province_code>
    <community></community>
    <community_code></community_code>
    <latitude>18.5364</latitude>
    <longitude>-72.33</longitude>
  </object>
  <object>
    <country_code>HT</country_code>
    <zipcode>HT6115</zipcode>
    <place>Lalue</place>
    <state>Ouest</state>
    <state_code>11</state_code>
    <province></province>
    <province_code></province_code>
    <community></community>
    <community_code></community_code>
    <latitude>18.5333</latitude>
    <longitude>-72.3374</longitude>
  </object>
  <object>
    <country_code>HT</country_code>
    <zipcode>HT6116</zipcode>
    <place>Carrefour Feuilles</place>
    <state>Ouest</state>
    <state_code>11</state_code>
    <province></province>
    <province_code></province_code>
    <community></community>
    <community_code></community_code>
    <latitude>18.5231</latitude>
    <longitude>-72.3378</longitude>
  </object>
  <object>
    <country_code>HT</country_code>
    <zipcode>HT6117</zipcode>
    <place>Morne de l’Hôpital</place>
    <state>Ouest</state>
    <state_code>11</state_code>
    <province></province>
    <province_code></province_code>
    <community></community>
    <community_code></community_code>
    <latitude>18.5333</latitude>
    <longitude>-72.3374</longitude>
  </object>
  <object>
    <country_code>HT</country_code>
    <zipcode>HT6118</zipcode>
    <place>Bolosse</place>
    <state>Ouest</state>
    <state_code>11</state_code>
    <province></province>
    <province_code></province_code>
    <community></community>
    <community_code></community_code>
    <latitude>18.5286</latitude>
    <longitude>-72.3489</longitude>
  </object>
  <object>
    <country_code>HT</country_code>
    <zipcode>HT6119</zipcode>
    <place>Martissant et Fontamara</place>
    <state>Ouest</state>
    <state_code>11</state_code>
    <province></province>
    <province_code></province_code>
    <community></community>
    <community_code></community_code>
    <latitude>18.5333</latitude>
    <longitude>-72.3374</longitude>
  </object>
  <object>
    <country_code>HT</country_code>
    <zipcode>HT6120</zipcode>
    <place>Delmas</place>
    <state>Ouest</state>
    <state_code>11</state_code>
    <province></province>
    <province_code></province_code>
    <community></community>
    <community_code></community_code>
    <latitude>18.5201</latitude>
    <longitude>-72.4911</longitude>
  </object>
  <object>
    <country_code>HT</country_code>
    <zipcode>HT6121</zipcode>
    <place>Varreux</place>
    <state>Ouest</state>
    <state_code>11</state_code>
    <province></province>
    <province_code></province_code>
    <community></community>
    <community_code></community_code>
    <latitude>18.3833</latitude>
    <longitude>-72.85</longitude>
  </object>
  <object>
    <country_code>HT</country_code>
    <zipcode>HT6122</zipcode>
    <place>Cité soleil</place>
    <state>Ouest</state>
    <state_code>11</state_code>
    <province></province>
    <province_code></province_code>
    <community></community>
    <community_code></community_code>
    <latitude>18.5803</latitude>
    <longitude>-72.3381</longitude>
  </object>
  <object>
    <country_code>HT</country_code>
    <zipcode>HT6123</zipcode>
    <place>Maïs Gâté, Tabarre zone 1</place>
    <state>Ouest</state>
    <state_code>11</state_code>
    <province></province>
    <province_code></province_code>
    <community></community>
    <community_code></community_code>
    <latitude>18.5201</latitude>
    <longitude>-72.4911</longitude>
  </object>
  <object>
    <country_code>HT</country_code>
    <zipcode>HT6123</zipcode>
    <place>Tabarre (zone1)</place>
    <state>Ouest</state>
    <state_code>11</state_code>
    <province></province>
    <province_code></province_code>
    <community></community>
    <community_code></community_code>
    <latitude>18.5201</latitude>
    <longitude>-72.4911</longitude>
  </object>
  <object>
    <country_code>HT</country_code>
    <zipcode>HT6124</zipcode>
    <place>Petite Place Cazeau, Tabarre zone 2</place>
    <state>Ouest</state>
    <state_code>11</state_code>
    <province></province>
    <province_code></province_code>
    <community></community>
    <community_code></community_code>
    <latitude>18.5201</latitude>
    <longitude>-72.4911</longitude>
  </object>
  <object>
    <country_code>HT</country_code>
    <zipcode>HT6124</zipcode>
    <place>Tabarre (zone2)</place>
    <state>Ouest</state>
    <state_code>11</state_code>
    <province></province>
    <province_code></province_code>
    <community></community>
    <community_code></community_code>
    <latitude>18.5201</latitude>
    <longitude>-72.4911</longitude>
  </object>
  <object>
    <country_code>HT</country_code>
    <zipcode>HT6125</zipcode>
    <place>Croix-des-Missions</place>
    <state>Ouest</state>
    <state_code>11</state_code>
    <province></province>
    <province_code></province_code>
    <community></community>
    <community_code></community_code>
    <latitude>18.5968</latitude>
    <longitude>-72.2852</longitude>
  </object>
  <object>
    <country_code>HT</country_code>
    <zipcode>HT6130</zipcode>
    <place>Carrefour</place>
    <state>Ouest</state>
    <state_code>11</state_code>
    <province></province>
    <province_code></province_code>
    <community></community>
    <community_code></community_code>
    <latitude>18.5411</latitude>
    <longitude>-72.3992</longitude>
  </object>
  <object>
    <country_code>HT</country_code>
    <zipcode>HT6131</zipcode>
    <place>Bizoton</place>
    <state>Ouest</state>
    <state_code>11</state_code>
    <province></province>
    <province_code></province_code>
    <community></community>
    <community_code></community_code>
    <latitude>18.5298</latitude>
    <longitude>-72.3777</longitude>
  </object>
  <object>
    <country_code>HT</country_code>
    <zipcode>HT6132</zipcode>
    <place>Diquini, Thor</place>
    <state>Ouest</state>
    <state_code>11</state_code>
    <province></province>
    <province_code></province_code>
    <community></community>
    <community_code></community_code>
    <latitude>18.5406</latitude>
    <longitude>-72.4171</longitude>
  </object>
  <object>
    <country_code>HT</country_code>
    <zipcode>HT6133</zipcode>
    <place>Côte-Page, Mahotière</place>
    <state>Ouest</state>
    <state_code>11</state_code>
    <province></province>
    <province_code></province_code>
    <community></community>
    <community_code></community_code>
    <latitude>18.5406</latitude>
    <longitude>-72.4171</longitude>
  </object>
  <object>
    <country_code>HT</country_code>
    <zipcode>HT6134</zipcode>
    <place>Arcachon</place>
    <state>Ouest</state>
    <state_code>11</state_code>
    <province></province>
    <province_code></province_code>
    <community></community>
    <community_code></community_code>
    <latitude>18.5425</latitude>
    <longitude>-72.3986</longitude>
  </object>
  <object>
    <country_code>HT</country_code>
    <zipcode>HT6134</zipcode>
    <place>Warney</place>
    <state>Ouest</state>
    <state_code>11</state_code>
    <province></province>
    <province_code></province_code>
    <community></community>
    <community_code></community_code>
    <latitude>18.5425</latitude>
    <longitude>-72.3986</longitude>
  </object>
  <object>
    <country_code>HT</country_code>
    <zipcode>HT6135</zipcode>
    <place>Brochette</place>
    <state>Ouest</state>
    <state_code>11</state_code>
    <province></province>
    <province_code></province_code>
    <community></community>
    <community_code></community_code>
    <latitude>18.5358</latitude>
    <longitude>-72.4175</longitude>
  </object>
  <object>
    <country_code>HT</country_code>
    <zipcode>HT6136</zipcode>
    <place>Mariani</place>
    <state>Ouest</state>
    <state_code>11</state_code>
    <province></province>
    <province_code></province_code>
    <community></community>
    <community_code></community_code>
    <latitude>18.5414</latitude>
    <longitude>-72.4278</longitude>
  </object>
  <object>
    <country_code>HT</country_code>
    <zipcode>HT6136</zipcode>
    <place>Lamentin</place>
    <state>Ouest</state>
    <state_code>11</state_code>
    <province></province>
    <province_code></province_code>
    <community></community>
    <community_code></community_code>
    <latitude>18.5521</latitude>
    <longitude>-72.4089</longitude>
  </object>
  <object>
    <country_code>HT</country_code>
    <zipcode>HT6136</zipcode>
    <place>Merger</place>
    <state>Ouest</state>
    <state_code>11</state_code>
    <province></province>
    <province_code></province_code>
    <community></community>
    <community_code></community_code>
    <latitude>18.5415</latitude>
    <longitude>-72.4902</longitude>
  </object>
  <object>
    <country_code>HT</country_code>
    <zipcode>HT6140</zipcode>
    <place>Pétion-Ville</place>
    <state>Ouest</state>
    <state_code>11</state_code>
    <province></province>
    <province_code></province_code>
    <community></community>
    <community_code></community_code>
    <latitude>18.5125</latitude>
    <longitude>-72.2853</longitude>
  </object>
  <object>
    <country_code>HT</country_code>
    <zipcode>HT6141</zipcode>
    <place>Frères, pergnier,peguy-ville</place>
    <state>Ouest</state>
    <state_code>11</state_code>
    <province></province>
    <province_code></province_code>
    <community></community>
    <community_code></community_code>
    <latitude>18.4966</latitude>
    <longitude>-72.2896</longitude>
  </object>
  <object>
    <country_code>HT</country_code>
    <zipcode>HT6142</zipcode>
    <place>Pèlerin</place>
    <state>Ouest</state>
    <state_code>11</state_code>
    <province></province>
    <province_code></province_code>
    <community></community>
    <community_code></community_code>
    <latitude>18.5042</latitude>
    <longitude>-72.2958</longitude>
  </object>
  <object>
    <country_code>HT</country_code>
    <zipcode>HT6143</zipcode>
    <place>Tête de l’Eau</place>
    <state>Ouest</state>
    <state_code>11</state_code>
    <province></province>
    <province_code></province_code>
    <community></community>
    <community_code></community_code>
    <latitude>18.5</latitude>
    <longitude>-72.2833</longitude>
  </object>
  <object>
    <country_code>HT</country_code>
    <zipcode>HT6144</zipcode>
    <place>Laboule</place>
    <state>Ouest</state>
    <state_code>11</state_code>
    <province></province>
    <province_code></province_code>
    <community></community>
    <community_code></community_code>
    <latitude>18.4966</latitude>
    <longitude>-72.2896</longitude>
  </object>
  <object>
    <country_code>HT</country_code>
    <zipcode>HT6145</zipcode>
    <place>Thomassin</place>
    <state>Ouest</state>
    <state_code>11</state_code>
    <province></province>
    <province_code></province_code>
    <community></community>
    <community_code></community_code>
    <latitude>18.4966</latitude>
    <longitude>-72.2896</longitude>
  </object>
  <object>
    <country_code>HT</country_code>
    <zipcode>HT6146</zipcode>
    <place>Fermathe</place>
    <state>Ouest</state>
    <state_code>11</state_code>
    <province></province>
    <province_code></province_code>
    <community></community>
    <community_code></community_code>
    <latitude>18.4696</latitude>
    <longitude>-72.294</longitude>
  </object>
  <object>
    <country_code>HT</country_code>
    <zipcode>HT6147</zipcode>
    <place>Pergnier</place>
    <state>Ouest</state>
    <state_code>11</state_code>
    <province></province>
    <province_code></province_code>
    <community></community>
    <community_code></community_code>
    <latitude>18.4966</latitude>
    <longitude>-72.2896</longitude>
  </object>
  <object>
    <country_code>HT</country_code>
    <zipcode>HT6150</zipcode>
    <place>Kenscoff</place>
    <state>Ouest</state>
    <state_code>11</state_code>
    <province></province>
    <province_code></province_code>
    <community></community>
    <community_code></community_code>
    <latitude>18.4477</latitude>
    <longitude>-72.284</longitude>
  </object>
  <object>
    <country_code>HT</country_code>
    <zipcode>HT6160</zipcode>
    <place>Gressier</place>
    <state>Ouest</state>
    <state_code>11</state_code>
    <province></province>
    <province_code></province_code>
    <community></community>
    <community_code></community_code>
    <latitude>18.5409</latitude>
    <longitude>-72.5268</longitude>
  </object>
  <object>
    <country_code>HT</country_code>
    <zipcode>HT6210</zipcode>
    <place>Léogâne</place>
    <state>Ouest</state>
    <state_code>11</state_code>
    <province></province>
    <province_code></province_code>
    <community></community>
    <community_code></community_code>
    <latitude>18.5111</latitude>
    <longitude>-72.6334</longitude>
  </object>
  <object>
    <country_code>HT</country_code>
    <zipcode>HT6211</zipcode>
    <place>Trouin</place>
    <state>Ouest</state>
    <state_code>11</state_code>
    <province></province>
    <province_code></province_code>
    <community></community>
    <community_code></community_code>
    <latitude>18.3651</latitude>
    <longitude>-72.6557</longitude>
  </object>
  <object>
    <country_code>HT</country_code>
    <zipcode>HT6212</zipcode>
    <place>Orangers</place>
    <state>Ouest</state>
    <state_code>11</state_code>
    <province></province>
    <province_code></province_code>
    <community></community>
    <community_code></community_code>
    <latitude>18.4438</latitude>
    <longitude>-72.5467</longitude>
  </object>
  <object>
    <country_code>HT</country_code>
    <zipcode>HT6220</zipcode>
    <place>PetitGoâve</place>
    <state>Ouest</state>
    <state_code>11</state_code>
    <province></province>
    <province_code></province_code>
    <community></community>
    <community_code></community_code>
    <latitude>18.4194</latitude>
    <longitude>-72.9334</longitude>
  </object>
  <object>
    <country_code>HT</country_code>
    <zipcode>HT6221</zipcode>
    <place>Vialet</place>
    <state>Ouest</state>
    <state_code>11</state_code>
    <province></province>
    <province_code></province_code>
    <community></community>
    <community_code></community_code>
    <latitude>18.4194</latitude>
    <longitude>-72.9334</longitude>
  </object>
  <object>
    <country_code>HT</country_code>
    <zipcode>HT6230</zipcode>
    <place>Grand Goâve</place>
    <state>Ouest</state>
    <state_code>11</state_code>
    <province></province>
    <province_code></province_code>
    <community></community>
    <community_code></community_code>
    <latitude>18.4259</latitude>
    <longitude>-72.7699</longitude>
  </object>
  <object>
    <country_code>HT</country_code>
    <zipcode>HT6310</zipcode>
    <place>Croix-des-Bouquets</place>
    <state>Ouest</state>
    <state_code>11</state_code>
    <province></province>
    <province_code></province_code>
    <community></community>
    <community_code></community_code>
    <latitude>18.5768</latitude>
    <longitude>-72.2262</longitude>
  </object>
  <object>
    <country_code>HT</country_code>
    <zipcode>HT6311</zipcode>
    <place>Santo</place>
    <state>Ouest</state>
    <state_code>11</state_code>
    <province></province>
    <province_code></province_code>
    <community></community>
    <community_code></community_code>
    <latitude>18.6025</latitude>
    <longitude>-72.264</longitude>
  </object>
  <object>
    <country_code>HT</country_code>
    <zipcode>HT6312</zipcode>
    <place>Bon Repos</place>
    <state>Ouest</state>
    <state_code>11</state_code>
    <province></province>
    <province_code></province_code>
    <community></community>
    <community_code></community_code>
    <latitude>18.6278</latitude>
    <longitude>-72.2693</longitude>
  </object>
  <object>
    <country_code>HT</country_code>
    <zipcode>HT6320</zipcode>
    <place>Thomazeau</place>
    <state>Ouest</state>
    <state_code>11</state_code>
    <province></province>
    <province_code></province_code>
    <community></community>
    <community_code></community_code>
    <latitude>18.653</latitude>
    <longitude>-72.0939</longitude>
  </object>
  <object>
    <country_code>HT</country_code>
    <zipcode>HT6330</zipcode>
    <place>Cornillon</place>
    <state>Ouest</state>
    <state_code>11</state_code>
    <province></province>
    <province_code></province_code>
    <community></community>
    <community_code></community_code>
    <latitude>18.6755</latitude>
    <longitude>-71.9527</longitude>
  </object>
  <object>
    <country_code>HT</country_code>
    <zipcode>HT6330</zipcode>
    <place>Ganthier</place>
    <state>Ouest</state>
    <state_code>11</state_code>
    <province></province>
    <province_code></province_code>
    <community></community>
    <community_code></community_code>
    <latitude>18.5316</latitude>
    <longitude>-72.0633</longitude>
  </object>
  <object>
    <country_code>HT</country_code>
    <zipcode>HT6331</zipcode>
    <place>Fonds Parisien et Galette Bonbon</place>
    <state>Ouest</state>
    <state_code>11</state_code>
    <province></province>
    <province_code></province_code>
    <community></community>
    <community_code></community_code>
    <latitude>18.6035</latitude>
    <longitude>-72.008</longitude>
  </object>
  <object>
    <country_code>HT</country_code>
    <zipcode>HT6340</zipcode>
    <place>Fonds Verettes</place>
    <state>Ouest</state>
    <state_code>11</state_code>
    <province></province>
    <province_code></province_code>
    <community></community>
    <community_code></community_code>
    <latitude>18.3957</latitude>
    <longitude>-71.8563</longitude>
  </object>
  <object>
    <country_code>HT</country_code>
    <zipcode>HT6410</zipcode>
    <place>Arcahaie</place>
    <state>Ouest</state>
    <state_code>11</state_code>
    <province></province>
    <province_code></province_code>
    <community></community>
    <community_code></community_code>
    <latitude>18.7702</latitude>
    <longitude>-72.5123</longitude>
  </object>
  <object>
    <country_code>HT</country_code>
    <zipcode>HT6411</zipcode>
    <place>Saintard</place>
    <state>Ouest</state>
    <state_code>11</state_code>
    <province></province>
    <province_code></province_code>
    <community></community>
    <community_code></community_code>
    <latitude>18.8253</latitude>
    <longitude>-72.5496</longitude>
  </object>
  <object>
    <country_code>HT</country_code>
    <zipcode>HT6420</zipcode>
    <place>Cabaret</place>
    <state>Ouest</state>
    <state_code>11</state_code>
    <province></province>
    <province_code></province_code>
    <community></community>
    <community_code></community_code>
    <latitude>18.7358</latitude>
    <longitude>-72.4193</longitude>
  </object>
  <object>
    <country_code>HT</country_code>
    <zipcode>HT6421</zipcode>
    <place>Casale</place>
    <state>Ouest</state>
    <state_code>11</state_code>
    <province></province>
    <province_code></province_code>
    <community></community>
    <community_code></community_code>
    <latitude>18.7999</latitude>
    <longitude>-72.3828</longitude>
  </object>
  <object>
    <country_code>HT</country_code>
    <zipcode>HT6510</zipcode>
    <place>Anse à Galets (La Gonâve)</place>
    <state>Ouest</state>
    <state_code>11</state_code>
    <province></province>
    <province_code></province_code>
    <community></community>
    <community_code></community_code>
    <latitude>18.8345</latitude>
    <longitude>-72.8664</longitude>
  </object>
  <object>
    <country_code>HT</country_code>
    <zipcode>HT6520</zipcode>
    <place>Pointe à Raquette (La Gonâve)</place>
    <state>Ouest</state>
    <state_code>11</state_code>
    <province></province>
    <province_code></province_code>
    <community></community>
    <community_code></community_code>
    <latitude>18.8345</latitude>
    <longitude>-72.8664</longitude>
  </object>
  <object>
    <country_code>HT</country_code>
    <zipcode>HT8110</zipcode>
    <place>Les Cayes</place>
    <state>Sud</state>
    <state_code>12</state_code>
    <province></province>
    <province_code></province_code>
    <community></community>
    <community_code></community_code>
    <latitude>18.1933</latitude>
    <longitude>-73.746</longitude>
  </object>
  <object>
    <country_code>HT</country_code>
    <zipcode>HT8120</zipcode>
    <place>Torbeck</place>
    <state>Sud</state>
    <state_code>12</state_code>
    <province></province>
    <province_code></province_code>
    <community></community>
    <community_code></community_code>
    <latitude>18.1634</latitude>
    <longitude>-73.8095</longitude>
  </object>
  <object>
    <country_code>HT</country_code>
    <zipcode>HT8121</zipcode>
    <place>puits Blain</place>
    <state>Sud</state>
    <state_code>12</state_code>
    <province></province>
    <province_code></province_code>
    <community></community>
    <community_code></community_code>
    <latitude>18.1978</latitude>
    <longitude>-73.847</longitude>
  </object>
  <object>
    <country_code>HT</country_code>
    <zipcode>HT8122</zipcode>
    <place>Ducis</place>
    <state>Sud</state>
    <state_code>12</state_code>
    <province></province>
    <province_code></province_code>
    <community></community>
    <community_code></community_code>
    <latitude>18.2323</latitude>
    <longitude>-73.8846</longitude>
  </object>
  <object>
    <country_code>HT</country_code>
    <zipcode>HT8130</zipcode>
    <place>Chantal</place>
    <state>Sud</state>
    <state_code>12</state_code>
    <province></province>
    <province_code></province_code>
    <community></community>
    <community_code></community_code>
    <latitude>18.2017</latitude>
    <longitude>-73.8896</longitude>
  </object>
  <object>
    <country_code>HT</country_code>
    <zipcode>HT8140</zipcode>
    <place>Camp Perrin</place>
    <state>Sud</state>
    <state_code>12</state_code>
    <province></province>
    <province_code></province_code>
    <community></community>
    <community_code></community_code>
    <latitude>18.3265</latitude>
    <longitude>-73.8673</longitude>
  </object>
  <object>
    <country_code>HT</country_code>
    <zipcode>HT8150</zipcode>
    <place>Maniche</place>
    <state>Sud</state>
    <state_code>12</state_code>
    <province></province>
    <province_code></province_code>
    <community></community>
    <community_code></community_code>
    <latitude>18.345</latitude>
    <longitude>-73.7772</longitude>
  </object>
  <object>
    <country_code>HT</country_code>
    <zipcode>HT8160</zipcode>
    <place>L’Ïle à Vaches</place>
    <state>Sud</state>
    <state_code>12</state_code>
    <province></province>
    <province_code></province_code>
    <community></community>
    <community_code></community_code>
    <latitude>18.2437</latitude>
    <longitude>-73.829</longitude>
  </object>
  <object>
    <country_code>HT</country_code>
    <zipcode>HT8210</zipcode>
    <place>Port-Salut</place>
    <state>Sud</state>
    <state_code>12</state_code>
    <province></province>
    <province_code></province_code>
    <community></community>
    <community_code></community_code>
    <latitude>18.077</latitude>
    <longitude>-73.9173</longitude>
  </object>
  <object>
    <country_code>HT</country_code>
    <zipcode>HT8220</zipcode>
    <place>Saint Jean du Sud</place>
    <state>Sud</state>
    <state_code>12</state_code>
    <province></province>
    <province_code></province_code>
    <community></community>
    <community_code></community_code>
    <latitude>18.0761</latitude>
    <longitude>-73.8125</longitude>
  </object>
  <object>
    <country_code>HT</country_code>
    <zipcode>HT8230</zipcode>
    <place>Arniquet</place>
    <state>Sud</state>
    <state_code>12</state_code>
    <province></province>
    <province_code></province_code>
    <community></community>
    <community_code></community_code>
    <latitude>18.1167</latitude>
    <longitude>-73.9167</longitude>
  </object>
  <object>
    <country_code>HT</country_code>
    <zipcode>HT8310</zipcode>
    <place>Aquin</place>
    <state>Sud</state>
    <state_code>12</state_code>
    <province></province>
    <province_code></province_code>
    <community></community>
    <community_code></community_code>
    <latitude>18.2797</latitude>
    <longitude>-73.3943</longitude>
  </object>
  <object>
    <country_code>HT</country_code>
    <zipcode>HT8311</zipcode>
    <place>Fond-Des-Blancs</place>
    <state>Sud</state>
    <state_code>12</state_code>
    <province></province>
    <province_code></province_code>
    <community></community>
    <community_code></community_code>
    <latitude>18.2982</latitude>
    <longitude>-73.3222</longitude>
  </object>
  <object>
    <country_code>HT</country_code>
    <zipcode>HT8312</zipcode>
    <place>Vieux Bourg d’Aquin</place>
    <state>Sud</state>
    <state_code>12</state_code>
    <province></province>
    <province_code></province_code>
    <community></community>
    <community_code></community_code>
    <latitude>18.2982</latitude>
    <longitude>-73.3222</longitude>
  </object>
  <object>
    <country_code>HT</country_code>
    <zipcode>HT8313</zipcode>
    <place>La Colline</place>
    <state>Sud</state>
    <state_code>12</state_code>
    <province></province>
    <province_code></province_code>
    <community></community>
    <community_code></community_code>
    <latitude>18.3167</latitude>
    <longitude>-73.25</longitude>
  </object>
  <object>
    <country_code>HT</country_code>
    <zipcode>HT8320</zipcode>
    <place>Saint Louis du Sud</place>
    <state>Sud</state>
    <state_code>12</state_code>
    <province></province>
    <province_code></province_code>
    <community></community>
    <community_code></community_code>
    <latitude>18.2624</latitude>
    <longitude>-73.546</longitude>
  </object>
  <object>
    <country_code>HT</country_code>
    <zipcode>HT8330</zipcode>
    <place>Cavaillon</place>
    <state>Sud</state>
    <state_code>12</state_code>
    <province></province>
    <province_code></province_code>
    <community></community>
    <community_code></community_code>
    <latitude>18.2999</latitude>
    <longitude>-73.6546</longitude>
  </object>
  <object>
    <country_code>HT</country_code>
    <zipcode>HT8410</zipcode>
    <place>Côteaux</place>
    <state>Sud</state>
    <state_code>12</state_code>
    <province></province>
    <province_code></province_code>
    <community></community>
    <community_code></community_code>
    <latitude>18.206</latitude>
    <longitude>-74.0401</longitude>
  </object>
  <object>
    <country_code>HT</country_code>
    <zipcode>HT8411</zipcode>
    <place>Damassin</place>
    <state>Sud</state>
    <state_code>12</state_code>
    <province></province>
    <province_code></province_code>
    <community></community>
    <community_code></community_code>
    <latitude>18.2333</latitude>
    <longitude>-74.0667</longitude>
  </object>
  <object>
    <country_code>HT</country_code>
    <zipcode>HT8412</zipcode>
    <place>La Côte</place>
    <state>Sud</state>
    <state_code>12</state_code>
    <province></province>
    <province_code></province_code>
    <community></community>
    <community_code></community_code>
    <latitude>18.2197</latitude>
    <longitude>-74.0534</longitude>
  </object>
  <object>
    <country_code>HT</country_code>
    <zipcode>HT8420</zipcode>
    <place>Port à Piment</place>
    <state>Sud</state>
    <state_code>12</state_code>
    <province></province>
    <province_code></province_code>
    <community></community>
    <community_code></community_code>
    <latitude>18.2496</latitude>
    <longitude>-74.0971</longitude>
  </object>
  <object>
    <country_code>HT</country_code>
    <zipcode>HT8430</zipcode>
    <place>Roche à Bateau</place>
    <state>Sud</state>
    <state_code>12</state_code>
    <province></province>
    <province_code></province_code>
    <community></community>
    <community_code></community_code>
    <latitude>18.1818</latitude>
    <longitude>-74.0034</longitude>
  </object>
  <object>
    <country_code>HT</country_code>
    <zipcode>HT8510</zipcode>
    <place>Chardonnières</place>
    <state>Sud</state>
    <state_code>12</state_code>
    <province></province>
    <province_code></province_code>
    <community></community>
    <community_code></community_code>
    <latitude>18.2748</latitude>
    <longitude>-74.1661</longitude>
  </object>
  <object>
    <country_code>HT</country_code>
    <zipcode>HT8511</zipcode>
    <place>Randel</place>
    <state>Sud</state>
    <state_code>12</state_code>
    <province></province>
    <province_code></province_code>
    <community></community>
    <community_code></community_code>
    <latitude>18.309</latitude>
    <longitude>-74.1009</longitude>
  </object>
  <object>
    <country_code>HT</country_code>
    <zipcode>HT8520</zipcode>
    <place>Les Anglais</place>
    <state>Sud</state>
    <state_code>12</state_code>
    <province></province>
    <province_code></province_code>
    <community></community>
    <community_code></community_code>
    <latitude>18.3054</latitude>
    <longitude>-74.2197</longitude>
  </object>
  <object>
    <country_code>HT</country_code>
    <zipcode>HT8530</zipcode>
    <place>Tiburon</place>
    <state>Sud</state>
    <state_code>12</state_code>
    <province></province>
    <province_code></province_code>
    <community></community>
    <community_code></community_code>
    <latitude>18.3259</latitude>
    <longitude>-74.396</longitude>
  </object>
  <object>
    <country_code>HT</country_code>
    <zipcode>HT8531</zipcode>
    <place>Cahonane</place>
    <state>Sud</state>
    <state_code>12</state_code>
    <province></province>
    <province_code></province_code>
    <community></community>
    <community_code></community_code>
    <latitude>18.3259</latitude>
    <longitude>-74.396</longitude>
  </object>
  <object>
    <country_code>HT</country_code>
    <zipcode>HT9110</zipcode>
    <place>Jacmel</place>
    <state>Sud-Est</state>
    <state_code>13</state_code>
    <province></province>
    <province_code></province_code>
    <community></community>
    <community_code></community_code>
    <latitude>18.2343</latitude>
    <longitude>-72.5354</longitude>
  </object>
  <object>
    <country_code>HT</country_code>
    <zipcode>HT9111</zipcode>
    <place>Marbial</place>
    <state>Sud-Est</state>
    <state_code>13</state_code>
    <province></province>
    <province_code></province_code>
    <community></community>
    <community_code></community_code>
    <latitude>18.3327</latitude>
    <longitude>-72.4661</longitude>
  </object>
  <object>
    <country_code>HT</country_code>
    <zipcode>HT9120</zipcode>
    <place>Marigot</place>
    <state>Sud-Est</state>
    <state_code>13</state_code>
    <province></province>
    <province_code></province_code>
    <community></community>
    <community_code></community_code>
    <latitude>18.2317</latitude>
    <longitude>-72.3229</longitude>
  </object>
  <object>
    <country_code>HT</country_code>
    <zipcode>HT9121</zipcode>
    <place>Seguin</place>
    <state>Sud-Est</state>
    <state_code>13</state_code>
    <province></province>
    <province_code></province_code>
    <community></community>
    <community_code></community_code>
    <latitude>18.2833</latitude>
    <longitude>-72.3667</longitude>
  </object>
  <object>
    <country_code>HT</country_code>
    <zipcode>HT9130</zipcode>
    <place>Cayes Jacmel</place>
    <state>Sud-Est</state>
    <state_code>13</state_code>
    <province></province>
    <province_code></province_code>
    <community></community>
    <community_code></community_code>
    <latitude>18.2311</latitude>
    <longitude>-72.3954</longitude>
  </object>
  <object>
    <country_code>HT</country_code>
    <zipcode>HT9140</zipcode>
    <place>La Vallée de Jacmel</place>
    <state>Sud-Est</state>
    <state_code>13</state_code>
    <province></province>
    <province_code></province_code>
    <community></community>
    <community_code></community_code>
    <latitude>18.2694</latitude>
    <longitude>-72.667</longitude>
  </object>
  <object>
    <country_code>HT</country_code>
    <zipcode>HT9210</zipcode>
    <place>Bainet</place>
    <state>Sud-Est</state>
    <state_code>13</state_code>
    <province></province>
    <province_code></province_code>
    <community></community>
    <community_code></community_code>
    <latitude>18.184</latitude>
    <longitude>-72.7523</longitude>
  </object>
  <object>
    <country_code>HT</country_code>
    <zipcode>HT9220</zipcode>
    <place>Côtes de Fer</place>
    <state>Sud-Est</state>
    <state_code>13</state_code>
    <province></province>
    <province_code></province_code>
    <community></community>
    <community_code></community_code>
    <latitude>18.1887</latitude>
    <longitude>-73.0029</longitude>
  </object>
  <object>
    <country_code>HT</country_code>
    <zipcode>HT9310</zipcode>
    <place>Belle-Anse</place>
    <state>Sud-Est</state>
    <state_code>13</state_code>
    <province></province>
    <province_code></province_code>
    <community></community>
    <community_code></community_code>
    <latitude>18.2377</latitude>
    <longitude>-72.0664</longitude>
  </object>
  <object>
    <country_code>HT</country_code>
    <zipcode>HT9311</zipcode>
    <place>Mapou</place>
    <state>Sud-Est</state>
    <state_code>13</state_code>
    <province></province>
    <province_code></province_code>
    <community></community>
    <community_code></community_code>
    <latitude>18.3</latitude>
    <longitude>-72.05</longitude>
  </object>
  <object>
    <country_code>HT</country_code>
    <zipcode>HT9320</zipcode>
    <place>Grand Gosier</place>
    <state>Sud-Est</state>
    <state_code>13</state_code>
    <province></province>
    <province_code></province_code>
    <community></community>
    <community_code></community_code>
    <latitude>18.1854</latitude>
    <longitude>-71.9182</longitude>
  </object>
  <object>
    <country_code>HT</country_code>
    <zipcode>HT9321</zipcode>
    <place>Bodarie</place>
    <state>Sud-Est</state>
    <state_code>13</state_code>
    <province></province>
    <province_code></province_code>
    <community></community>
    <community_code></community_code>
    <latitude>18.2569</latitude>
    <longitude>-71.8988</longitude>
  </object>
  <object>
    <country_code>HT</country_code>
    <zipcode>HT9330</zipcode>
    <place>Thiotte</place>
    <state>Sud-Est</state>
    <state_code>13</state_code>
    <province></province>
    <province_code></province_code>
    <community></community>
    <community_code></community_code>
    <latitude>18.2438</latitude>
    <longitude>-71.8416</longitude>
  </object>
  <object>
    <country_code>HT</country_code>
    <zipcode>HT9340</zipcode>
    <place>Anse à Pitre</place>
    <state>Sud-Est</state>
    <state_code>13</state_code>
    <province></province>
    <province_code></province_code>
    <community></community>
    <community_code></community_code>
    <latitude>18.05</latitude>
    <longitude>-71.75</longitude>
  </object>
  <object>
    <country_code>HT</country_code>
    <zipcode>HT9341</zipcode>
    <place>Banane</place>
    <state>Sud-Est</state>
    <state_code>13</state_code>
    <province></province>
    <province_code></province_code>
    <community></community>
    <community_code></community_code>
    <latitude>18.1428</latitude>
    <longitude>-71.7612</longitude>
  </object>
  <object>
    <country_code>HT</country_code>
    <zipcode>HT7110</zipcode>
    <place>Jérémie</place>
    <state>Grande Anse</state>
    <state_code>14</state_code>
    <province></province>
    <province_code></province_code>
    <community></community>
    <community_code></community_code>
    <latitude>18.65</latitude>
    <longitude>-74.1167</longitude>
  </object>
  <object>
    <country_code>HT</country_code>
    <zipcode>HT7111</zipcode>
    <place>Léon</place>
    <state>Grande Anse</state>
    <state_code>14</state_code>
    <province></province>
    <province_code></province_code>
    <community></community>
    <community_code></community_code>
    <latitude>18.6162</latitude>
    <longitude>-74.1674</longitude>
  </object>
  <object>
    <country_code>HT</country_code>
    <zipcode>HT7112</zipcode>
    <place>Marfranc</place>
    <state>Grande Anse</state>
    <state_code>14</state_code>
    <province></province>
    <province_code></province_code>
    <community></community>
    <community_code></community_code>
    <latitude>18.5825</latitude>
    <longitude>-74.2182</longitude>
  </object>
  <object>
    <country_code>HT</country_code>
    <zipcode>HT7120</zipcode>
    <place>Abricots</place>
    <state>Grande Anse</state>
    <state_code>14</state_code>
    <province></province>
    <province_code></province_code>
    <community></community>
    <community_code></community_code>
    <latitude>18.649</latitude>
    <longitude>-74.3079</longitude>
  </object>
  <object>
    <country_code>HT</country_code>
    <zipcode>HT7130</zipcode>
    <place>Bonbon</place>
    <state>Grande Anse</state>
    <state_code>14</state_code>
    <province></province>
    <province_code></province_code>
    <community></community>
    <community_code></community_code>
    <latitude>18.6655</latitude>
    <longitude>-74.2451</longitude>
  </object>
  <object>
    <country_code>HT</country_code>
    <zipcode>HT7140</zipcode>
    <place>Moron</place>
    <state>Grande Anse</state>
    <state_code>14</state_code>
    <province></province>
    <province_code></province_code>
    <community></community>
    <community_code></community_code>
    <latitude>18.5604</latitude>
    <longitude>-74.2578</longitude>
  </object>
  <object>
    <country_code>HT</country_code>
    <zipcode>HT7141</zipcode>
    <place>Sources Chaudes</place>
    <state>Grande Anse</state>
    <state_code>14</state_code>
    <province></province>
    <province_code></province_code>
    <community></community>
    <community_code></community_code>
    <latitude>18.4839</latitude>
    <longitude>-74.2867</longitude>
  </object>
  <object>
    <country_code>HT</country_code>
    <zipcode>HT7150</zipcode>
    <place>Chambellan</place>
    <state>Grande Anse</state>
    <state_code>14</state_code>
    <province></province>
    <province_code></province_code>
    <community></community>
    <community_code></community_code>
    <latitude>18.5504</latitude>
    <longitude>-74.3132</longitude>
  </object>
  <object>
    <country_code>HT</country_code>
    <zipcode>HT7210</zipcode>
    <place>Anse-d’Hainault</place>
    <state>Grande Anse</state>
    <state_code>14</state_code>
    <province></province>
    <province_code></province_code>
    <community></community>
    <community_code></community_code>
    <latitude>18.4882</latitude>
    <longitude>-74.4216</longitude>
  </object>
  <object>
    <country_code>HT</country_code>
    <zipcode>HT7220</zipcode>
    <place>Dame-Marie</place>
    <state>Grande Anse</state>
    <state_code>14</state_code>
    <province></province>
    <province_code></province_code>
    <community></community>
    <community_code></community_code>
    <latitude>18.5611</latitude>
    <longitude>-74.4217</longitude>
  </object>
  <object>
    <country_code>HT</country_code>
    <zipcode>HT7221</zipcode>
    <place>Lesson</place>
    <state>Grande Anse</state>
    <state_code>14</state_code>
    <province></province>
    <province_code></province_code>
    <community></community>
    <community_code></community_code>
    <latitude>18.6167</latitude>
    <longitude>-74.3667</longitude>
  </object>
  <object>
    <country_code>HT</country_code>
    <zipcode>HT7230</zipcode>
    <place>Les Irois</place>
    <state>Grande Anse</state>
    <state_code>14</state_code>
    <province></province>
    <province_code></province_code>
    <community></community>
    <community_code></community_code>
    <latitude>18.4049</latitude>
    <longitude>-74.4528</longitude>
  </object>
  <object>
    <country_code>HT</country_code>
    <zipcode>HT7231</zipcode>
    <place>Carcasse</place>
    <state>Grande Anse</state>
    <state_code>14</state_code>
    <province></province>
    <province_code></province_code>
    <community></community>
    <community_code></community_code>
    <latitude>18.3703</latitude>
    <longitude>-74.4453</longitude>
  </object>
  <object>
    <country_code>HT</country_code>
    <zipcode>HT7310</zipcode>
    <place>Corail</place>
    <state>Grande Anse</state>
    <state_code>14</state_code>
    <province></province>
    <province_code></province_code>
    <community></community>
    <community_code></community_code>
    <latitude>18.5677</latitude>
    <longitude>-73.8894</longitude>
  </object>
  <object>
    <country_code>HT</country_code>
    <zipcode>HT7320</zipcode>
    <place>Roseaux</place>
    <state>Grande Anse</state>
    <state_code>14</state_code>
    <province></province>
    <province_code></province_code>
    <community></community>
    <community_code></community_code>
    <latitude>18.6006</latitude>
    <longitude>-74.0195</longitude>
  </object>
  <object>
    <country_code>HT</country_code>
    <zipcode>HT7330</zipcode>
    <place>Beaumont</place>
    <state>Grande Anse</state>
    <state_code>14</state_code>
    <province></province>
    <province_code></province_code>
    <community></community>
    <community_code></community_code>
    <latitude>18.4787</latitude>
    <longitude>-73.9564</longitude>
  </object>
  <object>
    <country_code>HT</country_code>
    <zipcode>HT7340</zipcode>
    <place>Pestel</place>
    <state>Grande Anse</state>
    <state_code>14</state_code>
    <province></province>
    <province_code></province_code>
    <community></community>
    <community_code></community_code>
    <latitude>18.5413</latitude>
    <longitude>-73.7952</longitude>
  </object>
  <object>
    <country_code>HT</country_code>
    <zipcode>HT7410</zipcode>
    <place>Miragoâne</place>
    <state>Nippes</state>
    <state_code>15</state_code>
    <province></province>
    <province_code></province_code>
    <community></community>
    <community_code></community_code>
    <latitude>18.446</latitude>
    <longitude>-73.0896</longitude>
  </object>
  <object>
    <country_code>HT</country_code>
    <zipcode>HT7411</zipcode>
    <place>Saint-Michel-du-Sud</place>
    <state>Nippes</state>
    <state_code>15</state_code>
    <province></province>
    <province_code></province_code>
    <community></community>
    <community_code></community_code>
    <latitude>18.3732</latitude>
    <longitude>-73.1167</longitude>
  </object>
  <object>
    <country_code>HT</country_code>
    <zipcode>HT7412</zipcode>
    <place>Paillant</place>
    <state>Nippes</state>
    <state_code>15</state_code>
    <province></province>
    <province_code></province_code>
    <community></community>
    <community_code></community_code>
    <latitude>18.4176</latitude>
    <longitude>-73.1457</longitude>
  </object>
  <object>
    <country_code>HT</country_code>
    <zipcode>HT7413</zipcode>
    <place>Fonds-des-Nègres</place>
    <state>Nippes</state>
    <state_code>15</state_code>
    <province></province>
    <province_code></province_code>
    <community></community>
    <community_code></community_code>
    <latitude>18.4123</latitude>
    <longitude>-73.1173</longitude>
  </object>
  <object>
    <country_code>HT</country_code>
    <zipcode>HT7420</zipcode>
    <place>Petite-Rivière-de-Nippes</place>
    <state>Nippes</state>
    <state_code>15</state_code>
    <province></province>
    <province_code></province_code>
    <community></community>
    <community_code></community_code>
    <latitude>18.4761</latitude>
    <longitude>-73.2349</longitude>
  </object>
  <object>
    <country_code>HT</country_code>
    <zipcode>HT7510</zipcode>
    <place>Anse-à-Veau</place>
    <state>Nippes</state>
    <state_code>15</state_code>
    <province></province>
    <province_code></province_code>
    <community></community>
    <community_code></community_code>
    <latitude>18.4863</latitude>
    <longitude>-73.5382</longitude>
  </object>
  <object>
    <country_code>HT</country_code>
    <zipcode>HT7520</zipcode>
    <place>Baradères</place>
    <state>Nippes</state>
    <state_code>15</state_code>
    <province></province>
    <province_code></province_code>
    <community></community>
    <community_code></community_code>
    <latitude>18.4826</latitude>
    <longitude>-73.6388</longitude>
  </object>
  <object>
    <country_code>HT</country_code>
    <zipcode>HT7521</zipcode>
    <place>Grand-Boucan</place>
    <state>Nippes</state>
    <state_code>15</state_code>
    <province></province>
    <province_code></province_code>
    <community></community>
    <community_code></community_code>
    <latitude>18.5535</latitude>
    <longitude>-73.5915</longitude>
  </object>
  <object>
    <country_code>HT</country_code>
    <zipcode>HT7530</zipcode>
    <place>Petit-Trou-de-Nippes</place>
    <state>Nippes</state>
    <state_code>15</state_code>
    <province></province>
    <province_code></province_code>
    <community></community>
    <community_code></community_code>
    <latitude>18.5254</latitude>
    <longitude>-73.5081</longitude>
  </object>
  <object>
    <country_code>HT</country_code>
    <zipcode>HT7540</zipcode>
    <place>L’Asile</place>
    <state>Nippes</state>
    <state_code>15</state_code>
    <province></province>
    <province_code></province_code>
    <community></community>
    <community_code></community_code>
    <latitude>18.384</latitude>
    <longitude>-73.4144</longitude>
  </object>
</zipcodes>