[
  {
    "country_code": "SJ",
    "zipcode": "9170",
    "place": "Longyearbyen",
    "state": "Svalbard",
    "state_code": "21",
    "province": "Svalbard",
    "province_code": "2111",
    "community": "",
    "community_code": "",
    "latitude": "78.2233",
    "longitude": "15.6469"
  },
  {
    "country_code": "SJ",
    "zipcode": "9171",
    "place": "Longyearbyen",
    "state": "Svalbard",
    "state_code": "21",
    "province": "Svalbard",
    "province_code": "2111",
    "community": "",
    "community_code": "",
    "latitude": "78.2233",
    "longitude": "15.6469"
  },
  {
    "country_code": "SJ",
    "zipcode": "9173",
    "place": "Ny-\u00C5lesund",
    "state": "Svalbard",
    "state_code": "21",
    "province": "Svalbard",
    "province_code": "2111",
    "community": "",
    "community_code": "",
    "latitude": "78.9237",
    "longitude": "11.925"
  },
  {
    "country_code": "SJ",
    "zipcode": "9175",
    "place": "Sveagruva",
    "state": "Svalbard",
    "state_code": "21",
    "province": "Svalbard",
    "province_code": "2111",
    "community": "",
    "community_code": "",
    "latitude": "77.9003",
    "longitude": "16.7201"
  },
  {
    "country_code": "SJ",
    "zipcode": "9178",
    "place": "Barentsburg",
    "state": "Svalbard",
    "state_code": "21",
    "province": "Svalbard",
    "province_code": "2111",
    "community": "",
    "community_code": "",
    "latitude": "78.0644",
    "longitude": "14.2117"
  },
  {
    "country_code": "SJ",
    "zipcode": "9176",
    "place": "Bj\u00F8rn\u00F8ya",
    "state": "Svalbard",
    "state_code": "21",
    "province": "Svalbard",
    "province_code": "2121",
    "community": "",
    "community_code": "",
    "latitude": "78.267",
    "longitude": "14.8301"
  },
  {
    "country_code": "SJ",
    "zipcode": "9174",
    "place": "Hopen",
    "state": "Svalbard",
    "state_code": "21",
    "province": "Svalbard",
    "province_code": "2131",
    "community": "",
    "community_code": "",
    "latitude": "78.267",
    "longitude": "14.8301"
  },
  {
    "country_code": "SJ",
    "zipcode": "8099",
    "place": "Jan Mayen",
    "state": "Jan Mayen",
    "state_code": "22",
    "province": "Jan Mayen",
    "province_code": "2211",
    "community": "",
    "community_code": "",
    "latitude": "70.9498",
    "longitude": "-8.638"
  }
]