<zipcodes>
  <object>
    <country_code>GP</country_code>
    <zipcode>97001 CEDEX</zipcode>
    <place>Les Abymes</place>
    <state>Guadeloupe</state>
    <state_code>GP</state_code>
    <province>Guadeloupe</province>
    <province_code>971</province_code>
    <community>Arrondissement de Pointe-à-Pitre</community>
    <community_code>9712</community_code>
    <latitude>16.271</latitude>
    <longitude>-61.5045</longitude>
  </object>
  <object>
    <country_code>GP</country_code>
    <zipcode>97002 CEDEX</zipcode>
    <place>Pointe-à-Pitre</place>
    <state>Guadeloupe</state>
    <state_code>GP</state_code>
    <province>Guadeloupe</province>
    <province_code>971</province_code>
    <community>Arrondissement de Pointe-à-Pitre</community>
    <community_code>9712</community_code>
    <latitude>16.2422</latitude>
    <longitude>-61.5343</longitude>
  </object>
  <object>
    <country_code>GP</country_code>
    <zipcode>97003 CEDEX</zipcode>
    <place>Pointe-à-Pitre</place>
    <state>Guadeloupe</state>
    <state_code>GP</state_code>
    <province>Guadeloupe</province>
    <province_code>971</province_code>
    <community>Arrondissement de Pointe-à-Pitre</community>
    <community_code>9712</community_code>
    <latitude>16.2422</latitude>
    <longitude>-61.5343</longitude>
  </object>
  <object>
    <country_code>GP</country_code>
    <zipcode>97004 CEDEX</zipcode>
    <place>Pointe-à-Pitre</place>
    <state>Guadeloupe</state>
    <state_code>GP</state_code>
    <province>Guadeloupe</province>
    <province_code>971</province_code>
    <community>Arrondissement de Pointe-à-Pitre</community>
    <community_code>9712</community_code>
    <latitude>16.2422</latitude>
    <longitude>-61.5343</longitude>
  </object>
  <object>
    <country_code>GP</country_code>
    <zipcode>97005 CEDEX</zipcode>
    <place>Pointe-à-Pitre</place>
    <state>Guadeloupe</state>
    <state_code>GP</state_code>
    <province>Guadeloupe</province>
    <province_code>971</province_code>
    <community>Arrondissement de Pointe-à-Pitre</community>
    <community_code>9712</community_code>
    <latitude>16.2422</latitude>
    <longitude>-61.5343</longitude>
  </object>
  <object>
    <country_code>GP</country_code>
    <zipcode>97006 CEDEX</zipcode>
    <place>Pointe-à-Pitre</place>
    <state>Guadeloupe</state>
    <state_code>GP</state_code>
    <province>Guadeloupe</province>
    <province_code>971</province_code>
    <community>Arrondissement de Pointe-à-Pitre</community>
    <community_code>9712</community_code>
    <latitude>16.2422</latitude>
    <longitude>-61.5343</longitude>
  </object>
  <object>
    <country_code>GP</country_code>
    <zipcode>97007 CEDEX</zipcode>
    <place>Pointe-à-Pitre</place>
    <state>Guadeloupe</state>
    <state_code>GP</state_code>
    <province>Guadeloupe</province>
    <province_code>971</province_code>
    <community>Arrondissement de Pointe-à-Pitre</community>
    <community_code>9712</community_code>
    <latitude>16.2422</latitude>
    <longitude>-61.5343</longitude>
  </object>
  <object>
    <country_code>GP</country_code>
    <zipcode>97008 CEDEX</zipcode>
    <place>Pointe-à-Pitre</place>
    <state>Guadeloupe</state>
    <state_code>GP</state_code>
    <province>Guadeloupe</province>
    <province_code>971</province_code>
    <community>Arrondissement de Pointe-à-Pitre</community>
    <community_code>9712</community_code>
    <latitude>16.2422</latitude>
    <longitude>-61.5343</longitude>
  </object>
  <object>
    <country_code>GP</country_code>
    <zipcode>97009 CEDEX</zipcode>
    <place>Les Abymes</place>
    <state>Guadeloupe</state>
    <state_code>GP</state_code>
    <province>Guadeloupe</province>
    <province_code>971</province_code>
    <community>Arrondissement de Pointe-à-Pitre</community>
    <community_code>9712</community_code>
    <latitude>16.271</latitude>
    <longitude>-61.5045</longitude>
  </object>
  <object>
    <country_code>GP</country_code>
    <zipcode>97010 CEDEX</zipcode>
    <place>Pointe-à-Pitre</place>
    <state>Guadeloupe</state>
    <state_code>GP</state_code>
    <province>Guadeloupe</province>
    <province_code>971</province_code>
    <community>Arrondissement de Pointe-à-Pitre</community>
    <community_code>9712</community_code>
    <latitude>16.2422</latitude>
    <longitude>-61.5343</longitude>
  </object>
  <object>
    <country_code>GP</country_code>
    <zipcode>97011 CEDEX</zipcode>
    <place>Pointe-à-Pitre</place>
    <state>Guadeloupe</state>
    <state_code>GP</state_code>
    <province>Guadeloupe</province>
    <province_code>971</province_code>
    <community>Arrondissement de Pointe-à-Pitre</community>
    <community_code>9712</community_code>
    <latitude>16.2422</latitude>
    <longitude>-61.5343</longitude>
  </object>
  <object>
    <country_code>GP</country_code>
    <zipcode>97019 CEDEX</zipcode>
    <place>Pointe-à-Pitre</place>
    <state>Guadeloupe</state>
    <state_code>GP</state_code>
    <province>Guadeloupe</province>
    <province_code>971</province_code>
    <community>Arrondissement de Pointe-à-Pitre</community>
    <community_code>9712</community_code>
    <latitude>16.2422</latitude>
    <longitude>-61.5343</longitude>
  </object>
  <object>
    <country_code>GP</country_code>
    <zipcode>97023 CEDEX</zipcode>
    <place>Basse-Terre</place>
    <state>Guadeloupe</state>
    <state_code>GP</state_code>
    <province>Guadeloupe</province>
    <province_code>971</province_code>
    <community>Arrondissement de la Basse-Terre</community>
    <community_code>9711</community_code>
    <latitude>15.9985</latitude>
    <longitude>-61.7255</longitude>
  </object>
  <object>
    <country_code>GP</country_code>
    <zipcode>97029 CEDEX</zipcode>
    <place>Basse-Terre</place>
    <state>Guadeloupe</state>
    <state_code>GP</state_code>
    <province>Guadeloupe</province>
    <province_code>971</province_code>
    <community>Arrondissement de la Basse-Terre</community>
    <community_code>9711</community_code>
    <latitude>15.9985</latitude>
    <longitude>-61.7255</longitude>
  </object>
  <object>
    <country_code>GP</country_code>
    <zipcode>97082 CEDEX</zipcode>
    <place>Petit-Bourg</place>
    <state>Guadeloupe</state>
    <state_code>GP</state_code>
    <province>Guadeloupe</province>
    <province_code>971</province_code>
    <community>Arrondissement de la Basse-Terre</community>
    <community_code>9711</community_code>
    <latitude>16.1914</latitude>
    <longitude>-61.5916</longitude>
  </object>
  <object>
    <country_code>GP</country_code>
    <zipcode>97084 CEDEX</zipcode>
    <place>Jarry</place>
    <state>Guadeloupe</state>
    <state_code>GP</state_code>
    <province>Guadeloupe</province>
    <province_code>971</province_code>
    <community>Arrondissement de Pointe-à-Pitre</community>
    <community_code>9712</community_code>
    <latitude>16.2359</latitude>
    <longitude>-61.558</longitude>
  </object>
  <object>
    <country_code>GP</country_code>
    <zipcode>97085 CEDEX</zipcode>
    <place>Jarry</place>
    <state>Guadeloupe</state>
    <state_code>GP</state_code>
    <province>Guadeloupe</province>
    <province_code>971</province_code>
    <community>Arrondissement de Pointe-à-Pitre</community>
    <community_code>9712</community_code>
    <latitude>16.2359</latitude>
    <longitude>-61.558</longitude>
  </object>
  <object>
    <country_code>GP</country_code>
    <zipcode>97086 CEDEX</zipcode>
    <place>Jarry</place>
    <state>Guadeloupe</state>
    <state_code>GP</state_code>
    <province>Guadeloupe</province>
    <province_code>971</province_code>
    <community>Arrondissement de Pointe-à-Pitre</community>
    <community_code>9712</community_code>
    <latitude>16.2359</latitude>
    <longitude>-61.558</longitude>
  </object>
  <object>
    <country_code>GP</country_code>
    <zipcode>97100</zipcode>
    <place>Basse-Terre</place>
    <state>Guadeloupe</state>
    <state_code>GP</state_code>
    <province>Guadeloupe</province>
    <province_code>971</province_code>
    <community>Arrondissement de la Basse-Terre</community>
    <community_code>9711</community_code>
    <latitude>15.9985</latitude>
    <longitude>-61.7255</longitude>
  </object>
  <object>
    <country_code>GP</country_code>
    <zipcode>97101 CEDEX</zipcode>
    <place>Basse-Terre</place>
    <state>Guadeloupe</state>
    <state_code>GP</state_code>
    <province>Guadeloupe</province>
    <province_code>971</province_code>
    <community>Arrondissement de la Basse-Terre</community>
    <community_code>9711</community_code>
    <latitude>15.9985</latitude>
    <longitude>-61.7255</longitude>
  </object>
  <object>
    <country_code>GP</country_code>
    <zipcode>97102 CEDEX</zipcode>
    <place>Basse-Terre</place>
    <state>Guadeloupe</state>
    <state_code>GP</state_code>
    <province>Guadeloupe</province>
    <province_code>971</province_code>
    <community>Arrondissement de la Basse-Terre</community>
    <community_code>9711</community_code>
    <latitude>15.9985</latitude>
    <longitude>-61.7255</longitude>
  </object>
  <object>
    <country_code>GP</country_code>
    <zipcode>97103 CEDEX</zipcode>
    <place>Basse-Terre</place>
    <state>Guadeloupe</state>
    <state_code>GP</state_code>
    <province>Guadeloupe</province>
    <province_code>971</province_code>
    <community>Arrondissement de la Basse-Terre</community>
    <community_code>9711</community_code>
    <latitude>15.9985</latitude>
    <longitude>-61.7255</longitude>
  </object>
  <object>
    <country_code>GP</country_code>
    <zipcode>97104 CEDEX</zipcode>
    <place>Basse-Terre</place>
    <state>Guadeloupe</state>
    <state_code>GP</state_code>
    <province>Guadeloupe</province>
    <province_code>971</province_code>
    <community>Arrondissement de la Basse-Terre</community>
    <community_code>9711</community_code>
    <latitude>15.9985</latitude>
    <longitude>-61.7255</longitude>
  </object>
  <object>
    <country_code>GP</country_code>
    <zipcode>97105 CEDEX</zipcode>
    <place>Basse-Terre</place>
    <state>Guadeloupe</state>
    <state_code>GP</state_code>
    <province>Guadeloupe</province>
    <province_code>971</province_code>
    <community>Arrondissement de la Basse-Terre</community>
    <community_code>9711</community_code>
    <latitude>15.9985</latitude>
    <longitude>-61.7255</longitude>
  </object>
  <object>
    <country_code>GP</country_code>
    <zipcode>97106 CEDEX</zipcode>
    <place>Basse-Terre</place>
    <state>Guadeloupe</state>
    <state_code>GP</state_code>
    <province>Guadeloupe</province>
    <province_code>971</province_code>
    <community>Arrondissement de la Basse-Terre</community>
    <community_code>9711</community_code>
    <latitude>15.9985</latitude>
    <longitude>-61.7255</longitude>
  </object>
  <object>
    <country_code>GP</country_code>
    <zipcode>97107 CEDEX</zipcode>
    <place>Basse-Terre</place>
    <state>Guadeloupe</state>
    <state_code>GP</state_code>
    <province>Guadeloupe</province>
    <province_code>971</province_code>
    <community>Arrondissement de la Basse-Terre</community>
    <community_code>9711</community_code>
    <latitude>15.9985</latitude>
    <longitude>-61.7255</longitude>
  </object>
  <object>
    <country_code>GP</country_code>
    <zipcode>97108 CEDEX</zipcode>
    <place>Basse-Terre</place>
    <state>Guadeloupe</state>
    <state_code>GP</state_code>
    <province>Guadeloupe</province>
    <province_code>971</province_code>
    <community>Arrondissement de la Basse-Terre</community>
    <community_code>9711</community_code>
    <latitude>15.9985</latitude>
    <longitude>-61.7255</longitude>
  </object>
  <object>
    <country_code>GP</country_code>
    <zipcode>97109 CEDEX</zipcode>
    <place>Basse-Terre</place>
    <state>Guadeloupe</state>
    <state_code>GP</state_code>
    <province>Guadeloupe</province>
    <province_code>971</province_code>
    <community>Arrondissement de la Basse-Terre</community>
    <community_code>9711</community_code>
    <latitude>15.9985</latitude>
    <longitude>-61.7255</longitude>
  </object>
  <object>
    <country_code>GP</country_code>
    <zipcode>97110</zipcode>
    <place>Pointe-à-Pitre</place>
    <state>Guadeloupe</state>
    <state_code>GP</state_code>
    <province>Guadeloupe</province>
    <province_code>971</province_code>
    <community>Arrondissement de Pointe-à-Pitre</community>
    <community_code>9712</community_code>
    <latitude>16.2422</latitude>
    <longitude>-61.5343</longitude>
  </object>
  <object>
    <country_code>GP</country_code>
    <zipcode>97111</zipcode>
    <place>Morne-à-l'Eau</place>
    <state>Guadeloupe</state>
    <state_code>GP</state_code>
    <province>Guadeloupe</province>
    <province_code>971</province_code>
    <community>Arrondissement de Pointe-à-Pitre</community>
    <community_code>9712</community_code>
    <latitude>16.3334</latitude>
    <longitude>-61.4588</longitude>
  </object>
  <object>
    <country_code>GP</country_code>
    <zipcode>97112</zipcode>
    <place>Grand-Bourg</place>
    <state>Guadeloupe</state>
    <state_code>GP</state_code>
    <province>Guadeloupe</province>
    <province_code>971</province_code>
    <community>Arrondissement de Pointe-à-Pitre</community>
    <community_code>9712</community_code>
    <latitude>15.8835</latitude>
    <longitude>-61.3148</longitude>
  </object>
  <object>
    <country_code>GP</country_code>
    <zipcode>97113</zipcode>
    <place>Gourbeyre</place>
    <state>Guadeloupe</state>
    <state_code>GP</state_code>
    <province>Guadeloupe</province>
    <province_code>971</province_code>
    <community>Arrondissement de la Basse-Terre</community>
    <community_code>9711</community_code>
    <latitude>15.9938</latitude>
    <longitude>-61.6914</longitude>
  </object>
  <object>
    <country_code>GP</country_code>
    <zipcode>97114</zipcode>
    <place>Trois-Rivières</place>
    <state>Guadeloupe</state>
    <state_code>GP</state_code>
    <province>Guadeloupe</province>
    <province_code>971</province_code>
    <community>Arrondissement de la Basse-Terre</community>
    <community_code>9711</community_code>
    <latitude>15.9757</latitude>
    <longitude>-61.6451</longitude>
  </object>
  <object>
    <country_code>GP</country_code>
    <zipcode>97115</zipcode>
    <place>Sainte-Rose</place>
    <state>Guadeloupe</state>
    <state_code>GP</state_code>
    <province>Guadeloupe</province>
    <province_code>971</province_code>
    <community>Arrondissement de la Basse-Terre</community>
    <community_code>9711</community_code>
    <latitude>16.3324</latitude>
    <longitude>-61.6979</longitude>
  </object>
  <object>
    <country_code>GP</country_code>
    <zipcode>97116</zipcode>
    <place>Pointe-Noire</place>
    <state>Guadeloupe</state>
    <state_code>GP</state_code>
    <province>Guadeloupe</province>
    <province_code>971</province_code>
    <community>Arrondissement de la Basse-Terre</community>
    <community_code>9711</community_code>
    <latitude>16.2309</latitude>
    <longitude>-61.7878</longitude>
  </object>
  <object>
    <country_code>GP</country_code>
    <zipcode>97117</zipcode>
    <place>Port-Louis</place>
    <state>Guadeloupe</state>
    <state_code>GP</state_code>
    <province>Guadeloupe</province>
    <province_code>971</province_code>
    <community>Arrondissement de Pointe-à-Pitre</community>
    <community_code>9712</community_code>
    <latitude>16.419</latitude>
    <longitude>-61.5313</longitude>
  </object>
  <object>
    <country_code>GP</country_code>
    <zipcode>97118</zipcode>
    <place>Saint-François</place>
    <state>Guadeloupe</state>
    <state_code>GP</state_code>
    <province>Guadeloupe</province>
    <province_code>971</province_code>
    <community>Arrondissement de Pointe-à-Pitre</community>
    <community_code>9712</community_code>
    <latitude>16.2526</latitude>
    <longitude>-61.2741</longitude>
  </object>
  <object>
    <country_code>GP</country_code>
    <zipcode>97119</zipcode>
    <place>Vieux-Habitants</place>
    <state>Guadeloupe</state>
    <state_code>GP</state_code>
    <province>Guadeloupe</province>
    <province_code>971</province_code>
    <community>Arrondissement de la Basse-Terre</community>
    <community_code>9711</community_code>
    <latitude>16.0589</latitude>
    <longitude>-61.766</longitude>
  </object>
  <object>
    <country_code>GP</country_code>
    <zipcode>97120</zipcode>
    <place>Saint-Claude</place>
    <state>Guadeloupe</state>
    <state_code>GP</state_code>
    <province>Guadeloupe</province>
    <province_code>971</province_code>
    <community>Arrondissement de la Basse-Terre</community>
    <community_code>9711</community_code>
    <latitude>16.0241</latitude>
    <longitude>-61.7022</longitude>
  </object>
  <object>
    <country_code>GP</country_code>
    <zipcode>97121</zipcode>
    <place>Anse-Bertrand</place>
    <state>Guadeloupe</state>
    <state_code>GP</state_code>
    <province>Guadeloupe</province>
    <province_code>971</province_code>
    <community>Arrondissement de Pointe-à-Pitre</community>
    <community_code>9712</community_code>
    <latitude>16.4721</latitude>
    <longitude>-61.5078</longitude>
  </object>
  <object>
    <country_code>GP</country_code>
    <zipcode>97122</zipcode>
    <place>Baie-Mahault</place>
    <state>Guadeloupe</state>
    <state_code>GP</state_code>
    <province>Guadeloupe</province>
    <province_code>971</province_code>
    <community>Arrondissement de la Basse-Terre</community>
    <community_code>9711</community_code>
    <latitude>16.2674</latitude>
    <longitude>-61.5854</longitude>
  </object>
  <object>
    <country_code>GP</country_code>
    <zipcode>97123</zipcode>
    <place>Baillif</place>
    <state>Guadeloupe</state>
    <state_code>GP</state_code>
    <province>Guadeloupe</province>
    <province_code>971</province_code>
    <community>Arrondissement de la Basse-Terre</community>
    <community_code>9711</community_code>
    <latitude>16.0202</latitude>
    <longitude>-61.7463</longitude>
  </object>
  <object>
    <country_code>GP</country_code>
    <zipcode>97125</zipcode>
    <place>Bouillante</place>
    <state>Guadeloupe</state>
    <state_code>GP</state_code>
    <province>Guadeloupe</province>
    <province_code>971</province_code>
    <community>Arrondissement de la Basse-Terre</community>
    <community_code>9711</community_code>
    <latitude>16.1304</latitude>
    <longitude>-61.7692</longitude>
  </object>
  <object>
    <country_code>GP</country_code>
    <zipcode>97126</zipcode>
    <place>Deshaies</place>
    <state>Guadeloupe</state>
    <state_code>GP</state_code>
    <province>Guadeloupe</province>
    <province_code>971</province_code>
    <community>Arrondissement de la Basse-Terre</community>
    <community_code>9711</community_code>
    <latitude>16.3065</latitude>
    <longitude>-61.7942</longitude>
  </object>
  <object>
    <country_code>GP</country_code>
    <zipcode>97127</zipcode>
    <place>La Désirade</place>
    <state>Guadeloupe</state>
    <state_code>GP</state_code>
    <province>Guadeloupe</province>
    <province_code>971</province_code>
    <community>Arrondissement de Pointe-à-Pitre</community>
    <community_code>9712</community_code>
    <latitude>16.3167</latitude>
    <longitude>-61.0333</longitude>
  </object>
  <object>
    <country_code>GP</country_code>
    <zipcode>97128</zipcode>
    <place>Goyave</place>
    <state>Guadeloupe</state>
    <state_code>GP</state_code>
    <province>Guadeloupe</province>
    <province_code>971</province_code>
    <community>Arrondissement de la Basse-Terre</community>
    <community_code>9711</community_code>
    <latitude>16.1352</latitude>
    <longitude>-61.574</longitude>
  </object>
  <object>
    <country_code>GP</country_code>
    <zipcode>97129</zipcode>
    <place>Lamentin</place>
    <state>Guadeloupe</state>
    <state_code>GP</state_code>
    <province>Guadeloupe</province>
    <province_code>971</province_code>
    <community>Arrondissement de la Basse-Terre</community>
    <community_code>9711</community_code>
    <latitude>16.271</latitude>
    <longitude>-61.6312</longitude>
  </object>
  <object>
    <country_code>GP</country_code>
    <zipcode>97130</zipcode>
    <place>Capesterre-Belle-Eau</place>
    <state>Guadeloupe</state>
    <state_code>GP</state_code>
    <province>Guadeloupe</province>
    <province_code>971</province_code>
    <community>Arrondissement de la Basse-Terre</community>
    <community_code>9711</community_code>
    <latitude>16.0432</latitude>
    <longitude>-61.566</longitude>
  </object>
  <object>
    <country_code>GP</country_code>
    <zipcode>97131</zipcode>
    <place>Petit-Canal</place>
    <state>Guadeloupe</state>
    <state_code>GP</state_code>
    <province>Guadeloupe</province>
    <province_code>971</province_code>
    <community>Arrondissement de Pointe-à-Pitre</community>
    <community_code>9712</community_code>
    <latitude>16.3784</latitude>
    <longitude>-61.4879</longitude>
  </object>
  <object>
    <country_code>GP</country_code>
    <zipcode>97134</zipcode>
    <place>Saint-Louis</place>
    <state>Guadeloupe</state>
    <state_code>GP</state_code>
    <province>Guadeloupe</province>
    <province_code>971</province_code>
    <community>Arrondissement de Pointe-à-Pitre</community>
    <community_code>9712</community_code>
    <latitude>15.9549</latitude>
    <longitude>-61.3178</longitude>
  </object>
  <object>
    <country_code>GP</country_code>
    <zipcode>97136</zipcode>
    <place>Terre-de-Bas</place>
    <state>Guadeloupe</state>
    <state_code>GP</state_code>
    <province>Guadeloupe</province>
    <province_code>971</province_code>
    <community>Arrondissement de la Basse-Terre</community>
    <community_code>9711</community_code>
    <latitude>15.8501</latitude>
    <longitude>-61.6442</longitude>
  </object>
  <object>
    <country_code>GP</country_code>
    <zipcode>97137</zipcode>
    <place>Terre-de-Haut</place>
    <state>Guadeloupe</state>
    <state_code>GP</state_code>
    <province>Guadeloupe</province>
    <province_code>971</province_code>
    <community>Arrondissement de la Basse-Terre</community>
    <community_code>9711</community_code>
    <latitude>15.8663</latitude>
    <longitude>-61.5827</longitude>
  </object>
  <object>
    <country_code>GP</country_code>
    <zipcode>97139</zipcode>
    <place>Les Abymes</place>
    <state>Guadeloupe</state>
    <state_code>GP</state_code>
    <province>Guadeloupe</province>
    <province_code>971</province_code>
    <community>Arrondissement de Pointe-à-Pitre</community>
    <community_code>9712</community_code>
    <latitude>16.271</latitude>
    <longitude>-61.5045</longitude>
  </object>
  <object>
    <country_code>GP</country_code>
    <zipcode>97140</zipcode>
    <place>Capesterre-de-Marie-Galante</place>
    <state>Guadeloupe</state>
    <state_code>GP</state_code>
    <province>Guadeloupe</province>
    <province_code>971</province_code>
    <community>Arrondissement de Pointe-à-Pitre</community>
    <community_code>9712</community_code>
    <latitude>15.8833</latitude>
    <longitude>-61.2167</longitude>
  </object>
  <object>
    <country_code>GP</country_code>
    <zipcode>97141</zipcode>
    <place>Vieux-Fort</place>
    <state>Guadeloupe</state>
    <state_code>GP</state_code>
    <province>Guadeloupe</province>
    <province_code>971</province_code>
    <community>Arrondissement de la Basse-Terre</community>
    <community_code>9711</community_code>
    <latitude>15.9513</latitude>
    <longitude>-61.6991</longitude>
  </object>
  <object>
    <country_code>GP</country_code>
    <zipcode>97142</zipcode>
    <place>Les Abymes</place>
    <state>Guadeloupe</state>
    <state_code>GP</state_code>
    <province>Guadeloupe</province>
    <province_code>971</province_code>
    <community>Arrondissement de Pointe-à-Pitre</community>
    <community_code>9712</community_code>
    <latitude>16.271</latitude>
    <longitude>-61.5045</longitude>
  </object>
  <object>
    <country_code>GP</country_code>
    <zipcode>97151 CEDEX</zipcode>
    <place>Pointe-à-Pitre</place>
    <state>Guadeloupe</state>
    <state_code>GP</state_code>
    <province>Guadeloupe</province>
    <province_code>971</province_code>
    <community>Arrondissement de Pointe-à-Pitre</community>
    <community_code>9712</community_code>
    <latitude>16.2422</latitude>
    <longitude>-61.5343</longitude>
  </object>
  <object>
    <country_code>GP</country_code>
    <zipcode>97152 CEDEX</zipcode>
    <place>Pointe-à-Pitre</place>
    <state>Guadeloupe</state>
    <state_code>GP</state_code>
    <province>Guadeloupe</province>
    <province_code>971</province_code>
    <community>Arrondissement de Pointe-à-Pitre</community>
    <community_code>9712</community_code>
    <latitude>16.2422</latitude>
    <longitude>-61.5343</longitude>
  </object>
  <object>
    <country_code>GP</country_code>
    <zipcode>97153 CEDEX</zipcode>
    <place>Pointe-à-Pitre</place>
    <state>Guadeloupe</state>
    <state_code>GP</state_code>
    <province>Guadeloupe</province>
    <province_code>971</province_code>
    <community>Arrondissement de Pointe-à-Pitre</community>
    <community_code>9712</community_code>
    <latitude>16.2422</latitude>
    <longitude>-61.5343</longitude>
  </object>
  <object>
    <country_code>GP</country_code>
    <zipcode>97154 CEDEX</zipcode>
    <place>Pointe-à-Pitre</place>
    <state>Guadeloupe</state>
    <state_code>GP</state_code>
    <province>Guadeloupe</province>
    <province_code>971</province_code>
    <community>Arrondissement de Pointe-à-Pitre</community>
    <community_code>9712</community_code>
    <latitude>16.2422</latitude>
    <longitude>-61.5343</longitude>
  </object>
  <object>
    <country_code>GP</country_code>
    <zipcode>97155 CEDEX</zipcode>
    <place>Pointe-à-Pitre</place>
    <state>Guadeloupe</state>
    <state_code>GP</state_code>
    <province>Guadeloupe</province>
    <province_code>971</province_code>
    <community>Arrondissement de Pointe-à-Pitre</community>
    <community_code>9712</community_code>
    <latitude>16.2422</latitude>
    <longitude>-61.5343</longitude>
  </object>
  <object>
    <country_code>GP</country_code>
    <zipcode>97156 CEDEX</zipcode>
    <place>Pointe-à-Pitre</place>
    <state>Guadeloupe</state>
    <state_code>GP</state_code>
    <province>Guadeloupe</province>
    <province_code>971</province_code>
    <community>Arrondissement de Pointe-à-Pitre</community>
    <community_code>9712</community_code>
    <latitude>16.2422</latitude>
    <longitude>-61.5343</longitude>
  </object>
  <object>
    <country_code>GP</country_code>
    <zipcode>97157 CEDEX</zipcode>
    <place>Pointe-à-Pitre</place>
    <state>Guadeloupe</state>
    <state_code>GP</state_code>
    <province>Guadeloupe</province>
    <province_code>971</province_code>
    <community>Arrondissement de Pointe-à-Pitre</community>
    <community_code>9712</community_code>
    <latitude>16.2422</latitude>
    <longitude>-61.5343</longitude>
  </object>
  <object>
    <country_code>GP</country_code>
    <zipcode>97158 CEDEX</zipcode>
    <place>Pointe-à-Pitre</place>
    <state>Guadeloupe</state>
    <state_code>GP</state_code>
    <province>Guadeloupe</province>
    <province_code>971</province_code>
    <community>Arrondissement de Pointe-à-Pitre</community>
    <community_code>9712</community_code>
    <latitude>16.2422</latitude>
    <longitude>-61.5343</longitude>
  </object>
  <object>
    <country_code>GP</country_code>
    <zipcode>97159 CEDEX</zipcode>
    <place>Pointe-à-Pitre</place>
    <state>Guadeloupe</state>
    <state_code>GP</state_code>
    <province>Guadeloupe</province>
    <province_code>971</province_code>
    <community>Arrondissement de Pointe-à-Pitre</community>
    <community_code>9712</community_code>
    <latitude>16.2422</latitude>
    <longitude>-61.5343</longitude>
  </object>
  <object>
    <country_code>GP</country_code>
    <zipcode>97160</zipcode>
    <place>Le Moule</place>
    <state>Guadeloupe</state>
    <state_code>GP</state_code>
    <province>Guadeloupe</province>
    <province_code>971</province_code>
    <community>Arrondissement de Pointe-à-Pitre</community>
    <community_code>9712</community_code>
    <latitude>16.3332</latitude>
    <longitude>-61.3473</longitude>
  </object>
  <object>
    <country_code>GP</country_code>
    <zipcode>97161 CEDEX</zipcode>
    <place>Pointe-à-Pitre</place>
    <state>Guadeloupe</state>
    <state_code>GP</state_code>
    <province>Guadeloupe</province>
    <province_code>971</province_code>
    <community>Arrondissement de Pointe-à-Pitre</community>
    <community_code>9712</community_code>
    <latitude>16.2422</latitude>
    <longitude>-61.5343</longitude>
  </object>
  <object>
    <country_code>GP</country_code>
    <zipcode>97162 CEDEX</zipcode>
    <place>Pointe-à-Pitre</place>
    <state>Guadeloupe</state>
    <state_code>GP</state_code>
    <province>Guadeloupe</province>
    <province_code>971</province_code>
    <community>Arrondissement de Pointe-à-Pitre</community>
    <community_code>9712</community_code>
    <latitude>16.2422</latitude>
    <longitude>-61.5343</longitude>
  </object>
  <object>
    <country_code>GP</country_code>
    <zipcode>97163 CEDEX</zipcode>
    <place>Pointe-à-Pitre</place>
    <state>Guadeloupe</state>
    <state_code>GP</state_code>
    <province>Guadeloupe</province>
    <province_code>971</province_code>
    <community>Arrondissement de Pointe-à-Pitre</community>
    <community_code>9712</community_code>
    <latitude>16.2422</latitude>
    <longitude>-61.5343</longitude>
  </object>
  <object>
    <country_code>GP</country_code>
    <zipcode>97164 CEDEX</zipcode>
    <place>Pointe-à-Pitre</place>
    <state>Guadeloupe</state>
    <state_code>GP</state_code>
    <province>Guadeloupe</province>
    <province_code>971</province_code>
    <community>Arrondissement de Pointe-à-Pitre</community>
    <community_code>9712</community_code>
    <latitude>16.2422</latitude>
    <longitude>-61.5343</longitude>
  </object>
  <object>
    <country_code>GP</country_code>
    <zipcode>97165 CEDEX</zipcode>
    <place>Pointe-à-Pitre</place>
    <state>Guadeloupe</state>
    <state_code>GP</state_code>
    <province>Guadeloupe</province>
    <province_code>971</province_code>
    <community>Arrondissement de Pointe-à-Pitre</community>
    <community_code>9712</community_code>
    <latitude>16.2422</latitude>
    <longitude>-61.5343</longitude>
  </object>
  <object>
    <country_code>GP</country_code>
    <zipcode>97166 CEDEX</zipcode>
    <place>Pointe-à-Pitre</place>
    <state>Guadeloupe</state>
    <state_code>GP</state_code>
    <province>Guadeloupe</province>
    <province_code>971</province_code>
    <community>Arrondissement de Pointe-à-Pitre</community>
    <community_code>9712</community_code>
    <latitude>16.2422</latitude>
    <longitude>-61.5343</longitude>
  </object>
  <object>
    <country_code>GP</country_code>
    <zipcode>97167 CEDEX</zipcode>
    <place>Pointe-à-Pitre</place>
    <state>Guadeloupe</state>
    <state_code>GP</state_code>
    <province>Guadeloupe</province>
    <province_code>971</province_code>
    <community>Arrondissement de Pointe-à-Pitre</community>
    <community_code>9712</community_code>
    <latitude>16.2422</latitude>
    <longitude>-61.5343</longitude>
  </object>
  <object>
    <country_code>GP</country_code>
    <zipcode>97168 CEDEX</zipcode>
    <place>Pointe-à-Pitre</place>
    <state>Guadeloupe</state>
    <state_code>GP</state_code>
    <province>Guadeloupe</province>
    <province_code>971</province_code>
    <community>Arrondissement de Pointe-à-Pitre</community>
    <community_code>9712</community_code>
    <latitude>16.2422</latitude>
    <longitude>-61.5343</longitude>
  </object>
  <object>
    <country_code>GP</country_code>
    <zipcode>97169 CEDEX</zipcode>
    <place>Pointe-à-Pitre</place>
    <state>Guadeloupe</state>
    <state_code>GP</state_code>
    <province>Guadeloupe</province>
    <province_code>971</province_code>
    <community>Arrondissement de Pointe-à-Pitre</community>
    <community_code>9712</community_code>
    <latitude>16.2422</latitude>
    <longitude>-61.5343</longitude>
  </object>
  <object>
    <country_code>GP</country_code>
    <zipcode>97170</zipcode>
    <place>Petit-Bourg</place>
    <state>Guadeloupe</state>
    <state_code>GP</state_code>
    <province>Guadeloupe</province>
    <province_code>971</province_code>
    <community>Arrondissement de la Basse-Terre</community>
    <community_code>9711</community_code>
    <latitude>16.1914</latitude>
    <longitude>-61.5916</longitude>
  </object>
  <object>
    <country_code>GP</country_code>
    <zipcode>97171 CEDEX</zipcode>
    <place>Pointe-à-Pitre</place>
    <state>Guadeloupe</state>
    <state_code>GP</state_code>
    <province>Guadeloupe</province>
    <province_code>971</province_code>
    <community>Arrondissement de Pointe-à-Pitre</community>
    <community_code>9712</community_code>
    <latitude>16.2422</latitude>
    <longitude>-61.5343</longitude>
  </object>
  <object>
    <country_code>GP</country_code>
    <zipcode>97172 CEDEX</zipcode>
    <place>Pointe-à-Pitre</place>
    <state>Guadeloupe</state>
    <state_code>GP</state_code>
    <province>Guadeloupe</province>
    <province_code>971</province_code>
    <community>Arrondissement de Pointe-à-Pitre</community>
    <community_code>9712</community_code>
    <latitude>16.2422</latitude>
    <longitude>-61.5343</longitude>
  </object>
  <object>
    <country_code>GP</country_code>
    <zipcode>97173 CEDEX</zipcode>
    <place>Pointe-à-Pitre</place>
    <state>Guadeloupe</state>
    <state_code>GP</state_code>
    <province>Guadeloupe</province>
    <province_code>971</province_code>
    <community>Arrondissement de Pointe-à-Pitre</community>
    <community_code>9712</community_code>
    <latitude>16.2422</latitude>
    <longitude>-61.5343</longitude>
  </object>
  <object>
    <country_code>GP</country_code>
    <zipcode>97174 CEDEX</zipcode>
    <place>Pointe-à-Pitre</place>
    <state>Guadeloupe</state>
    <state_code>GP</state_code>
    <province>Guadeloupe</province>
    <province_code>971</province_code>
    <community>Arrondissement de Pointe-à-Pitre</community>
    <community_code>9712</community_code>
    <latitude>16.2422</latitude>
    <longitude>-61.5343</longitude>
  </object>
  <object>
    <country_code>GP</country_code>
    <zipcode>97175 CEDEX</zipcode>
    <place>Les Abymes</place>
    <state>Guadeloupe</state>
    <state_code>GP</state_code>
    <province>Guadeloupe</province>
    <province_code>971</province_code>
    <community>Arrondissement de Pointe-à-Pitre</community>
    <community_code>9712</community_code>
    <latitude>16.271</latitude>
    <longitude>-61.5045</longitude>
  </object>
  <object>
    <country_code>GP</country_code>
    <zipcode>97176 CEDEX</zipcode>
    <place>Les Abymes</place>
    <state>Guadeloupe</state>
    <state_code>GP</state_code>
    <province>Guadeloupe</province>
    <province_code>971</province_code>
    <community>Arrondissement de Pointe-à-Pitre</community>
    <community_code>9712</community_code>
    <latitude>16.271</latitude>
    <longitude>-61.5045</longitude>
  </object>
  <object>
    <country_code>GP</country_code>
    <zipcode>97177 CEDEX</zipcode>
    <place>Les Abymes</place>
    <state>Guadeloupe</state>
    <state_code>GP</state_code>
    <province>Guadeloupe</province>
    <province_code>971</province_code>
    <community>Arrondissement de Pointe-à-Pitre</community>
    <community_code>9712</community_code>
    <latitude>16.271</latitude>
    <longitude>-61.5045</longitude>
  </object>
  <object>
    <country_code>GP</country_code>
    <zipcode>97178 CEDEX</zipcode>
    <place>Les Abymes</place>
    <state>Guadeloupe</state>
    <state_code>GP</state_code>
    <province>Guadeloupe</province>
    <province_code>971</province_code>
    <community>Arrondissement de Pointe-à-Pitre</community>
    <community_code>9712</community_code>
    <latitude>16.271</latitude>
    <longitude>-61.5045</longitude>
  </object>
  <object>
    <country_code>GP</country_code>
    <zipcode>97179 CEDEX</zipcode>
    <place>Pointe-à-Pitre</place>
    <state>Guadeloupe</state>
    <state_code>GP</state_code>
    <province>Guadeloupe</province>
    <province_code>971</province_code>
    <community>Arrondissement de Pointe-à-Pitre</community>
    <community_code>9712</community_code>
    <latitude>16.2422</latitude>
    <longitude>-61.5343</longitude>
  </object>
  <object>
    <country_code>GP</country_code>
    <zipcode>97180</zipcode>
    <place>Sainte-Anne</place>
    <state>Guadeloupe</state>
    <state_code>GP</state_code>
    <province>Guadeloupe</province>
    <province_code>971</province_code>
    <community>Arrondissement de Pointe-à-Pitre</community>
    <community_code>9712</community_code>
    <latitude>16.2264</latitude>
    <longitude>-61.3792</longitude>
  </object>
  <object>
    <country_code>GP</country_code>
    <zipcode>97181 CEDEX</zipcode>
    <place>Les Abymes</place>
    <state>Guadeloupe</state>
    <state_code>GP</state_code>
    <province>Guadeloupe</province>
    <province_code>971</province_code>
    <community>Arrondissement de Pointe-à-Pitre</community>
    <community_code>9712</community_code>
    <latitude>16.271</latitude>
    <longitude>-61.5045</longitude>
  </object>
  <object>
    <country_code>GP</country_code>
    <zipcode>97182 CEDEX</zipcode>
    <place>Les Abymes</place>
    <state>Guadeloupe</state>
    <state_code>GP</state_code>
    <province>Guadeloupe</province>
    <province_code>971</province_code>
    <community>Arrondissement de Pointe-à-Pitre</community>
    <community_code>9712</community_code>
    <latitude>16.271</latitude>
    <longitude>-61.5045</longitude>
  </object>
  <object>
    <country_code>GP</country_code>
    <zipcode>97183 CEDEX</zipcode>
    <place>Les Abymes</place>
    <state>Guadeloupe</state>
    <state_code>GP</state_code>
    <province>Guadeloupe</province>
    <province_code>971</province_code>
    <community>Arrondissement de Pointe-à-Pitre</community>
    <community_code>9712</community_code>
    <latitude>16.271</latitude>
    <longitude>-61.5045</longitude>
  </object>
  <object>
    <country_code>GP</country_code>
    <zipcode>97184 CEDEX</zipcode>
    <place>Les Abymes</place>
    <state>Guadeloupe</state>
    <state_code>GP</state_code>
    <province>Guadeloupe</province>
    <province_code>971</province_code>
    <community>Arrondissement de Pointe-à-Pitre</community>
    <community_code>9712</community_code>
    <latitude>16.271</latitude>
    <longitude>-61.5045</longitude>
  </object>
  <object>
    <country_code>GP</country_code>
    <zipcode>97185 CEDEX</zipcode>
    <place>Les Abymes</place>
    <state>Guadeloupe</state>
    <state_code>GP</state_code>
    <province>Guadeloupe</province>
    <province_code>971</province_code>
    <community>Arrondissement de Pointe-à-Pitre</community>
    <community_code>9712</community_code>
    <latitude>16.271</latitude>
    <longitude>-61.5045</longitude>
  </object>
  <object>
    <country_code>GP</country_code>
    <zipcode>97186 CEDEX</zipcode>
    <place>Les Abymes</place>
    <state>Guadeloupe</state>
    <state_code>GP</state_code>
    <province>Guadeloupe</province>
    <province_code>971</province_code>
    <community>Arrondissement de Pointe-à-Pitre</community>
    <community_code>9712</community_code>
    <latitude>16.271</latitude>
    <longitude>-61.5045</longitude>
  </object>
  <object>
    <country_code>GP</country_code>
    <zipcode>97187 CEDEX</zipcode>
    <place>Jarry</place>
    <state>Guadeloupe</state>
    <state_code>GP</state_code>
    <province>Guadeloupe</province>
    <province_code>971</province_code>
    <community>Arrondissement de Pointe-à-Pitre</community>
    <community_code>9712</community_code>
    <latitude>16.2359</latitude>
    <longitude>-61.558</longitude>
  </object>
  <object>
    <country_code>GP</country_code>
    <zipcode>97188 CEDEX</zipcode>
    <place>Jarry</place>
    <state>Guadeloupe</state>
    <state_code>GP</state_code>
    <province>Guadeloupe</province>
    <province_code>971</province_code>
    <community>Arrondissement de Pointe-à-Pitre</community>
    <community_code>9712</community_code>
    <latitude>16.2359</latitude>
    <longitude>-61.558</longitude>
  </object>
  <object>
    <country_code>GP</country_code>
    <zipcode>97189 CEDEX</zipcode>
    <place>Jarry</place>
    <state>Guadeloupe</state>
    <state_code>GP</state_code>
    <province>Guadeloupe</province>
    <province_code>971</province_code>
    <community>Arrondissement de Pointe-à-Pitre</community>
    <community_code>9712</community_code>
    <latitude>16.2359</latitude>
    <longitude>-61.558</longitude>
  </object>
  <object>
    <country_code>GP</country_code>
    <zipcode>97190</zipcode>
    <place>Le Gosier</place>
    <state>Guadeloupe</state>
    <state_code>GP</state_code>
    <province>Guadeloupe</province>
    <province_code>971</province_code>
    <community>Arrondissement de Pointe-à-Pitre</community>
    <community_code>9712</community_code>
    <latitude>16.2069</latitude>
    <longitude>-61.4933</longitude>
  </object>
  <object>
    <country_code>GP</country_code>
    <zipcode>97191 CEDEX</zipcode>
    <place>Jarry</place>
    <state>Guadeloupe</state>
    <state_code>GP</state_code>
    <province>Guadeloupe</province>
    <province_code>971</province_code>
    <community>Arrondissement de Pointe-à-Pitre</community>
    <community_code>9712</community_code>
    <latitude>16.2359</latitude>
    <longitude>-61.558</longitude>
  </object>
  <object>
    <country_code>GP</country_code>
    <zipcode>97192 CEDEX</zipcode>
    <place>Jarry</place>
    <state>Guadeloupe</state>
    <state_code>GP</state_code>
    <province>Guadeloupe</province>
    <province_code>971</province_code>
    <community>Arrondissement de Pointe-à-Pitre</community>
    <community_code>9712</community_code>
    <latitude>16.2359</latitude>
    <longitude>-61.558</longitude>
  </object>
  <object>
    <country_code>GP</country_code>
    <zipcode>97193 CEDEX</zipcode>
    <place>Jarry</place>
    <state>Guadeloupe</state>
    <state_code>GP</state_code>
    <province>Guadeloupe</province>
    <province_code>971</province_code>
    <community>Arrondissement de Pointe-à-Pitre</community>
    <community_code>9712</community_code>
    <latitude>16.2359</latitude>
    <longitude>-61.558</longitude>
  </object>
  <object>
    <country_code>GP</country_code>
    <zipcode>97194 CEDEX</zipcode>
    <place>Jarry</place>
    <state>Guadeloupe</state>
    <state_code>GP</state_code>
    <province>Guadeloupe</province>
    <province_code>971</province_code>
    <community>Arrondissement de Pointe-à-Pitre</community>
    <community_code>9712</community_code>
    <latitude>16.2359</latitude>
    <longitude>-61.558</longitude>
  </object>
  <object>
    <country_code>GP</country_code>
    <zipcode>97195 CEDEX</zipcode>
    <place>Jarry</place>
    <state>Guadeloupe</state>
    <state_code>GP</state_code>
    <province>Guadeloupe</province>
    <province_code>971</province_code>
    <community>Arrondissement de Pointe-à-Pitre</community>
    <community_code>9712</community_code>
    <latitude>16.2359</latitude>
    <longitude>-61.558</longitude>
  </object>
  <object>
    <country_code>GP</country_code>
    <zipcode>97196 CEDEX</zipcode>
    <place>Jarry</place>
    <state>Guadeloupe</state>
    <state_code>GP</state_code>
    <province>Guadeloupe</province>
    <province_code>971</province_code>
    <community>Arrondissement de Pointe-à-Pitre</community>
    <community_code>9712</community_code>
    <latitude>16.2359</latitude>
    <longitude>-61.558</longitude>
  </object>
  <object>
    <country_code>GP</country_code>
    <zipcode>97197 CEDEX</zipcode>
    <place>Jarry</place>
    <state>Guadeloupe</state>
    <state_code>GP</state_code>
    <province>Guadeloupe</province>
    <province_code>971</province_code>
    <community>Arrondissement de Pointe-à-Pitre</community>
    <community_code>9712</community_code>
    <latitude>16.2359</latitude>
    <longitude>-61.558</longitude>
  </object>
  <object>
    <country_code>GP</country_code>
    <zipcode>97198 CEDEX</zipcode>
    <place>Jarry</place>
    <state>Guadeloupe</state>
    <state_code>GP</state_code>
    <province>Guadeloupe</province>
    <province_code>971</province_code>
    <community>Arrondissement de Pointe-à-Pitre</community>
    <community_code>9712</community_code>
    <latitude>16.2359</latitude>
    <longitude>-61.558</longitude>
  </object>
  <object>
    <country_code>GP</country_code>
    <zipcode>97199 CEDEX</zipcode>
    <place>Jarry</place>
    <state>Guadeloupe</state>
    <state_code>GP</state_code>
    <province>Guadeloupe</province>
    <province_code>971</province_code>
    <community>Arrondissement de Pointe-à-Pitre</community>
    <community_code>9712</community_code>
    <latitude>16.2359</latitude>
    <longitude>-61.558</longitude>
  </object>
</zipcodes>