[
  {
    "country_code": "GP",
    "zipcode": "97001 CEDEX",
    "place": "Les Abymes",
    "state": "Guadeloupe",
    "state_code": "GP",
    "province": "Guadeloupe",
    "province_code": "971",
    "community": "Arrondissement de Pointe-\u00E0-Pitre",
    "community_code": "9712",
    "latitude": "16.271",
    "longitude": "-61.5045"
  },
  {
    "country_code": "GP",
    "zipcode": "97002 CEDEX",
    "place": "Pointe-\u00E0-Pitre",
    "state": "Guadeloupe",
    "state_code": "GP",
    "province": "Guadeloupe",
    "province_code": "971",
    "community": "Arrondissement de Pointe-\u00E0-Pitre",
    "community_code": "9712",
    "latitude": "16.2422",
    "longitude": "-61.5343"
  },
  {
    "country_code": "GP",
    "zipcode": "97003 CEDEX",
    "place": "Pointe-\u00E0-Pitre",
    "state": "Guadeloupe",
    "state_code": "GP",
    "province": "Guadeloupe",
    "province_code": "971",
    "community": "Arrondissement de Pointe-\u00E0-Pitre",
    "community_code": "9712",
    "latitude": "16.2422",
    "longitude": "-61.5343"
  },
  {
    "country_code": "GP",
    "zipcode": "97004 CEDEX",
    "place": "Pointe-\u00E0-Pitre",
    "state": "Guadeloupe",
    "state_code": "GP",
    "province": "Guadeloupe",
    "province_code": "971",
    "community": "Arrondissement de Pointe-\u00E0-Pitre",
    "community_code": "9712",
    "latitude": "16.2422",
    "longitude": "-61.5343"
  },
  {
    "country_code": "GP",
    "zipcode": "97005 CEDEX",
    "place": "Pointe-\u00E0-Pitre",
    "state": "Guadeloupe",
    "state_code": "GP",
    "province": "Guadeloupe",
    "province_code": "971",
    "community": "Arrondissement de Pointe-\u00E0-Pitre",
    "community_code": "9712",
    "latitude": "16.2422",
    "longitude": "-61.5343"
  },
  {
    "country_code": "GP",
    "zipcode": "97006 CEDEX",
    "place": "Pointe-\u00E0-Pitre",
    "state": "Guadeloupe",
    "state_code": "GP",
    "province": "Guadeloupe",
    "province_code": "971",
    "community": "Arrondissement de Pointe-\u00E0-Pitre",
    "community_code": "9712",
    "latitude": "16.2422",
    "longitude": "-61.5343"
  },
  {
    "country_code": "GP",
    "zipcode": "97007 CEDEX",
    "place": "Pointe-\u00E0-Pitre",
    "state": "Guadeloupe",
    "state_code": "GP",
    "province": "Guadeloupe",
    "province_code": "971",
    "community": "Arrondissement de Pointe-\u00E0-Pitre",
    "community_code": "9712",
    "latitude": "16.2422",
    "longitude": "-61.5343"
  },
  {
    "country_code": "GP",
    "zipcode": "97008 CEDEX",
    "place": "Pointe-\u00E0-Pitre",
    "state": "Guadeloupe",
    "state_code": "GP",
    "province": "Guadeloupe",
    "province_code": "971",
    "community": "Arrondissement de Pointe-\u00E0-Pitre",
    "community_code": "9712",
    "latitude": "16.2422",
    "longitude": "-61.5343"
  },
  {
    "country_code": "GP",
    "zipcode": "97009 CEDEX",
    "place": "Les Abymes",
    "state": "Guadeloupe",
    "state_code": "GP",
    "province": "Guadeloupe",
    "province_code": "971",
    "community": "Arrondissement de Pointe-\u00E0-Pitre",
    "community_code": "9712",
    "latitude": "16.271",
    "longitude": "-61.5045"
  },
  {
    "country_code": "GP",
    "zipcode": "97010 CEDEX",
    "place": "Pointe-\u00E0-Pitre",
    "state": "Guadeloupe",
    "state_code": "GP",
    "province": "Guadeloupe",
    "province_code": "971",
    "community": "Arrondissement de Pointe-\u00E0-Pitre",
    "community_code": "9712",
    "latitude": "16.2422",
    "longitude": "-61.5343"
  },
  {
    "country_code": "GP",
    "zipcode": "97011 CEDEX",
    "place": "Pointe-\u00E0-Pitre",
    "state": "Guadeloupe",
    "state_code": "GP",
    "province": "Guadeloupe",
    "province_code": "971",
    "community": "Arrondissement de Pointe-\u00E0-Pitre",
    "community_code": "9712",
    "latitude": "16.2422",
    "longitude": "-61.5343"
  },
  {
    "country_code": "GP",
    "zipcode": "97019 CEDEX",
    "place": "Pointe-\u00E0-Pitre",
    "state": "Guadeloupe",
    "state_code": "GP",
    "province": "Guadeloupe",
    "province_code": "971",
    "community": "Arrondissement de Pointe-\u00E0-Pitre",
    "community_code": "9712",
    "latitude": "16.2422",
    "longitude": "-61.5343"
  },
  {
    "country_code": "GP",
    "zipcode": "97023 CEDEX",
    "place": "Basse-Terre",
    "state": "Guadeloupe",
    "state_code": "GP",
    "province": "Guadeloupe",
    "province_code": "971",
    "community": "Arrondissement de la Basse-Terre",
    "community_code": "9711",
    "latitude": "15.9985",
    "longitude": "-61.7255"
  },
  {
    "country_code": "GP",
    "zipcode": "97029 CEDEX",
    "place": "Basse-Terre",
    "state": "Guadeloupe",
    "state_code": "GP",
    "province": "Guadeloupe",
    "province_code": "971",
    "community": "Arrondissement de la Basse-Terre",
    "community_code": "9711",
    "latitude": "15.9985",
    "longitude": "-61.7255"
  },
  {
    "country_code": "GP",
    "zipcode": "97082 CEDEX",
    "place": "Petit-Bourg",
    "state": "Guadeloupe",
    "state_code": "GP",
    "province": "Guadeloupe",
    "province_code": "971",
    "community": "Arrondissement de la Basse-Terre",
    "community_code": "9711",
    "latitude": "16.1914",
    "longitude": "-61.5916"
  },
  {
    "country_code": "GP",
    "zipcode": "97084 CEDEX",
    "place": "Jarry",
    "state": "Guadeloupe",
    "state_code": "GP",
    "province": "Guadeloupe",
    "province_code": "971",
    "community": "Arrondissement de Pointe-\u00E0-Pitre",
    "community_code": "9712",
    "latitude": "16.2359",
    "longitude": "-61.558"
  },
  {
    "country_code": "GP",
    "zipcode": "97085 CEDEX",
    "place": "Jarry",
    "state": "Guadeloupe",
    "state_code": "GP",
    "province": "Guadeloupe",
    "province_code": "971",
    "community": "Arrondissement de Pointe-\u00E0-Pitre",
    "community_code": "9712",
    "latitude": "16.2359",
    "longitude": "-61.558"
  },
  {
    "country_code": "GP",
    "zipcode": "97086 CEDEX",
    "place": "Jarry",
    "state": "Guadeloupe",
    "state_code": "GP",
    "province": "Guadeloupe",
    "province_code": "971",
    "community": "Arrondissement de Pointe-\u00E0-Pitre",
    "community_code": "9712",
    "latitude": "16.2359",
    "longitude": "-61.558"
  },
  {
    "country_code": "GP",
    "zipcode": "97100",
    "place": "Basse-Terre",
    "state": "Guadeloupe",
    "state_code": "GP",
    "province": "Guadeloupe",
    "province_code": "971",
    "community": "Arrondissement de la Basse-Terre",
    "community_code": "9711",
    "latitude": "15.9985",
    "longitude": "-61.7255"
  },
  {
    "country_code": "GP",
    "zipcode": "97101 CEDEX",
    "place": "Basse-Terre",
    "state": "Guadeloupe",
    "state_code": "GP",
    "province": "Guadeloupe",
    "province_code": "971",
    "community": "Arrondissement de la Basse-Terre",
    "community_code": "9711",
    "latitude": "15.9985",
    "longitude": "-61.7255"
  },
  {
    "country_code": "GP",
    "zipcode": "97102 CEDEX",
    "place": "Basse-Terre",
    "state": "Guadeloupe",
    "state_code": "GP",
    "province": "Guadeloupe",
    "province_code": "971",
    "community": "Arrondissement de la Basse-Terre",
    "community_code": "9711",
    "latitude": "15.9985",
    "longitude": "-61.7255"
  },
  {
    "country_code": "GP",
    "zipcode": "97103 CEDEX",
    "place": "Basse-Terre",
    "state": "Guadeloupe",
    "state_code": "GP",
    "province": "Guadeloupe",
    "province_code": "971",
    "community": "Arrondissement de la Basse-Terre",
    "community_code": "9711",
    "latitude": "15.9985",
    "longitude": "-61.7255"
  },
  {
    "country_code": "GP",
    "zipcode": "97104 CEDEX",
    "place": "Basse-Terre",
    "state": "Guadeloupe",
    "state_code": "GP",
    "province": "Guadeloupe",
    "province_code": "971",
    "community": "Arrondissement de la Basse-Terre",
    "community_code": "9711",
    "latitude": "15.9985",
    "longitude": "-61.7255"
  },
  {
    "country_code": "GP",
    "zipcode": "97105 CEDEX",
    "place": "Basse-Terre",
    "state": "Guadeloupe",
    "state_code": "GP",
    "province": "Guadeloupe",
    "province_code": "971",
    "community": "Arrondissement de la Basse-Terre",
    "community_code": "9711",
    "latitude": "15.9985",
    "longitude": "-61.7255"
  },
  {
    "country_code": "GP",
    "zipcode": "97106 CEDEX",
    "place": "Basse-Terre",
    "state": "Guadeloupe",
    "state_code": "GP",
    "province": "Guadeloupe",
    "province_code": "971",
    "community": "Arrondissement de la Basse-Terre",
    "community_code": "9711",
    "latitude": "15.9985",
    "longitude": "-61.7255"
  },
  {
    "country_code": "GP",
    "zipcode": "97107 CEDEX",
    "place": "Basse-Terre",
    "state": "Guadeloupe",
    "state_code": "GP",
    "province": "Guadeloupe",
    "province_code": "971",
    "community": "Arrondissement de la Basse-Terre",
    "community_code": "9711",
    "latitude": "15.9985",
    "longitude": "-61.7255"
  },
  {
    "country_code": "GP",
    "zipcode": "97108 CEDEX",
    "place": "Basse-Terre",
    "state": "Guadeloupe",
    "state_code": "GP",
    "province": "Guadeloupe",
    "province_code": "971",
    "community": "Arrondissement de la Basse-Terre",
    "community_code": "9711",
    "latitude": "15.9985",
    "longitude": "-61.7255"
  },
  {
    "country_code": "GP",
    "zipcode": "97109 CEDEX",
    "place": "Basse-Terre",
    "state": "Guadeloupe",
    "state_code": "GP",
    "province": "Guadeloupe",
    "province_code": "971",
    "community": "Arrondissement de la Basse-Terre",
    "community_code": "9711",
    "latitude": "15.9985",
    "longitude": "-61.7255"
  },
  {
    "country_code": "GP",
    "zipcode": "97110",
    "place": "Pointe-\u00E0-Pitre",
    "state": "Guadeloupe",
    "state_code": "GP",
    "province": "Guadeloupe",
    "province_code": "971",
    "community": "Arrondissement de Pointe-\u00E0-Pitre",
    "community_code": "9712",
    "latitude": "16.2422",
    "longitude": "-61.5343"
  },
  {
    "country_code": "GP",
    "zipcode": "97111",
    "place": "Morne-\u00E0-l\u0027Eau",
    "state": "Guadeloupe",
    "state_code": "GP",
    "province": "Guadeloupe",
    "province_code": "971",
    "community": "Arrondissement de Pointe-\u00E0-Pitre",
    "community_code": "9712",
    "latitude": "16.3334",
    "longitude": "-61.4588"
  },
  {
    "country_code": "GP",
    "zipcode": "97112",
    "place": "Grand-Bourg",
    "state": "Guadeloupe",
    "state_code": "GP",
    "province": "Guadeloupe",
    "province_code": "971",
    "community": "Arrondissement de Pointe-\u00E0-Pitre",
    "community_code": "9712",
    "latitude": "15.8835",
    "longitude": "-61.3148"
  },
  {
    "country_code": "GP",
    "zipcode": "97113",
    "place": "Gourbeyre",
    "state": "Guadeloupe",
    "state_code": "GP",
    "province": "Guadeloupe",
    "province_code": "971",
    "community": "Arrondissement de la Basse-Terre",
    "community_code": "9711",
    "latitude": "15.9938",
    "longitude": "-61.6914"
  },
  {
    "country_code": "GP",
    "zipcode": "97114",
    "place": "Trois-Rivi\u00E8res",
    "state": "Guadeloupe",
    "state_code": "GP",
    "province": "Guadeloupe",
    "province_code": "971",
    "community": "Arrondissement de la Basse-Terre",
    "community_code": "9711",
    "latitude": "15.9757",
    "longitude": "-61.6451"
  },
  {
    "country_code": "GP",
    "zipcode": "97115",
    "place": "Sainte-Rose",
    "state": "Guadeloupe",
    "state_code": "GP",
    "province": "Guadeloupe",
    "province_code": "971",
    "community": "Arrondissement de la Basse-Terre",
    "community_code": "9711",
    "latitude": "16.3324",
    "longitude": "-61.6979"
  },
  {
    "country_code": "GP",
    "zipcode": "97116",
    "place": "Pointe-Noire",
    "state": "Guadeloupe",
    "state_code": "GP",
    "province": "Guadeloupe",
    "province_code": "971",
    "community": "Arrondissement de la Basse-Terre",
    "community_code": "9711",
    "latitude": "16.2309",
    "longitude": "-61.7878"
  },
  {
    "country_code": "GP",
    "zipcode": "97117",
    "place": "Port-Louis",
    "state": "Guadeloupe",
    "state_code": "GP",
    "province": "Guadeloupe",
    "province_code": "971",
    "community": "Arrondissement de Pointe-\u00E0-Pitre",
    "community_code": "9712",
    "latitude": "16.419",
    "longitude": "-61.5313"
  },
  {
    "country_code": "GP",
    "zipcode": "97118",
    "place": "Saint-Fran\u00E7ois",
    "state": "Guadeloupe",
    "state_code": "GP",
    "province": "Guadeloupe",
    "province_code": "971",
    "community": "Arrondissement de Pointe-\u00E0-Pitre",
    "community_code": "9712",
    "latitude": "16.2526",
    "longitude": "-61.2741"
  },
  {
    "country_code": "GP",
    "zipcode": "97119",
    "place": "Vieux-Habitants",
    "state": "Guadeloupe",
    "state_code": "GP",
    "province": "Guadeloupe",
    "province_code": "971",
    "community": "Arrondissement de la Basse-Terre",
    "community_code": "9711",
    "latitude": "16.0589",
    "longitude": "-61.766"
  },
  {
    "country_code": "GP",
    "zipcode": "97120",
    "place": "Saint-Claude",
    "state": "Guadeloupe",
    "state_code": "GP",
    "province": "Guadeloupe",
    "province_code": "971",
    "community": "Arrondissement de la Basse-Terre",
    "community_code": "9711",
    "latitude": "16.0241",
    "longitude": "-61.7022"
  },
  {
    "country_code": "GP",
    "zipcode": "97121",
    "place": "Anse-Bertrand",
    "state": "Guadeloupe",
    "state_code": "GP",
    "province": "Guadeloupe",
    "province_code": "971",
    "community": "Arrondissement de Pointe-\u00E0-Pitre",
    "community_code": "9712",
    "latitude": "16.4721",
    "longitude": "-61.5078"
  },
  {
    "country_code": "GP",
    "zipcode": "97122",
    "place": "Baie-Mahault",
    "state": "Guadeloupe",
    "state_code": "GP",
    "province": "Guadeloupe",
    "province_code": "971",
    "community": "Arrondissement de la Basse-Terre",
    "community_code": "9711",
    "latitude": "16.2674",
    "longitude": "-61.5854"
  },
  {
    "country_code": "GP",
    "zipcode": "97123",
    "place": "Baillif",
    "state": "Guadeloupe",
    "state_code": "GP",
    "province": "Guadeloupe",
    "province_code": "971",
    "community": "Arrondissement de la Basse-Terre",
    "community_code": "9711",
    "latitude": "16.0202",
    "longitude": "-61.7463"
  },
  {
    "country_code": "GP",
    "zipcode": "97125",
    "place": "Bouillante",
    "state": "Guadeloupe",
    "state_code": "GP",
    "province": "Guadeloupe",
    "province_code": "971",
    "community": "Arrondissement de la Basse-Terre",
    "community_code": "9711",
    "latitude": "16.1304",
    "longitude": "-61.7692"
  },
  {
    "country_code": "GP",
    "zipcode": "97126",
    "place": "Deshaies",
    "state": "Guadeloupe",
    "state_code": "GP",
    "province": "Guadeloupe",
    "province_code": "971",
    "community": "Arrondissement de la Basse-Terre",
    "community_code": "9711",
    "latitude": "16.3065",
    "longitude": "-61.7942"
  },
  {
    "country_code": "GP",
    "zipcode": "97127",
    "place": "La D\u00E9sirade",
    "state": "Guadeloupe",
    "state_code": "GP",
    "province": "Guadeloupe",
    "province_code": "971",
    "community": "Arrondissement de Pointe-\u00E0-Pitre",
    "community_code": "9712",
    "latitude": "16.3167",
    "longitude": "-61.0333"
  },
  {
    "country_code": "GP",
    "zipcode": "97128",
    "place": "Goyave",
    "state": "Guadeloupe",
    "state_code": "GP",
    "province": "Guadeloupe",
    "province_code": "971",
    "community": "Arrondissement de la Basse-Terre",
    "community_code": "9711",
    "latitude": "16.1352",
    "longitude": "-61.574"
  },
  {
    "country_code": "GP",
    "zipcode": "97129",
    "place": "Lamentin",
    "state": "Guadeloupe",
    "state_code": "GP",
    "province": "Guadeloupe",
    "province_code": "971",
    "community": "Arrondissement de la Basse-Terre",
    "community_code": "9711",
    "latitude": "16.271",
    "longitude": "-61.6312"
  },
  {
    "country_code": "GP",
    "zipcode": "97130",
    "place": "Capesterre-Belle-Eau",
    "state": "Guadeloupe",
    "state_code": "GP",
    "province": "Guadeloupe",
    "province_code": "971",
    "community": "Arrondissement de la Basse-Terre",
    "community_code": "9711",
    "latitude": "16.0432",
    "longitude": "-61.566"
  },
  {
    "country_code": "GP",
    "zipcode": "97131",
    "place": "Petit-Canal",
    "state": "Guadeloupe",
    "state_code": "GP",
    "province": "Guadeloupe",
    "province_code": "971",
    "community": "Arrondissement de Pointe-\u00E0-Pitre",
    "community_code": "9712",
    "latitude": "16.3784",
    "longitude": "-61.4879"
  },
  {
    "country_code": "GP",
    "zipcode": "97134",
    "place": "Saint-Louis",
    "state": "Guadeloupe",
    "state_code": "GP",
    "province": "Guadeloupe",
    "province_code": "971",
    "community": "Arrondissement de Pointe-\u00E0-Pitre",
    "community_code": "9712",
    "latitude": "15.9549",
    "longitude": "-61.3178"
  },
  {
    "country_code": "GP",
    "zipcode": "97136",
    "place": "Terre-de-Bas",
    "state": "Guadeloupe",
    "state_code": "GP",
    "province": "Guadeloupe",
    "province_code": "971",
    "community": "Arrondissement de la Basse-Terre",
    "community_code": "9711",
    "latitude": "15.8501",
    "longitude": "-61.6442"
  },
  {
    "country_code": "GP",
    "zipcode": "97137",
    "place": "Terre-de-Haut",
    "state": "Guadeloupe",
    "state_code": "GP",
    "province": "Guadeloupe",
    "province_code": "971",
    "community": "Arrondissement de la Basse-Terre",
    "community_code": "9711",
    "latitude": "15.8663",
    "longitude": "-61.5827"
  },
  {
    "country_code": "GP",
    "zipcode": "97139",
    "place": "Les Abymes",
    "state": "Guadeloupe",
    "state_code": "GP",
    "province": "Guadeloupe",
    "province_code": "971",
    "community": "Arrondissement de Pointe-\u00E0-Pitre",
    "community_code": "9712",
    "latitude": "16.271",
    "longitude": "-61.5045"
  },
  {
    "country_code": "GP",
    "zipcode": "97140",
    "place": "Capesterre-de-Marie-Galante",
    "state": "Guadeloupe",
    "state_code": "GP",
    "province": "Guadeloupe",
    "province_code": "971",
    "community": "Arrondissement de Pointe-\u00E0-Pitre",
    "community_code": "9712",
    "latitude": "15.8833",
    "longitude": "-61.2167"
  },
  {
    "country_code": "GP",
    "zipcode": "97141",
    "place": "Vieux-Fort",
    "state": "Guadeloupe",
    "state_code": "GP",
    "province": "Guadeloupe",
    "province_code": "971",
    "community": "Arrondissement de la Basse-Terre",
    "community_code": "9711",
    "latitude": "15.9513",
    "longitude": "-61.6991"
  },
  {
    "country_code": "GP",
    "zipcode": "97142",
    "place": "Les Abymes",
    "state": "Guadeloupe",
    "state_code": "GP",
    "province": "Guadeloupe",
    "province_code": "971",
    "community": "Arrondissement de Pointe-\u00E0-Pitre",
    "community_code": "9712",
    "latitude": "16.271",
    "longitude": "-61.5045"
  },
  {
    "country_code": "GP",
    "zipcode": "97151 CEDEX",
    "place": "Pointe-\u00E0-Pitre",
    "state": "Guadeloupe",
    "state_code": "GP",
    "province": "Guadeloupe",
    "province_code": "971",
    "community": "Arrondissement de Pointe-\u00E0-Pitre",
    "community_code": "9712",
    "latitude": "16.2422",
    "longitude": "-61.5343"
  },
  {
    "country_code": "GP",
    "zipcode": "97152 CEDEX",
    "place": "Pointe-\u00E0-Pitre",
    "state": "Guadeloupe",
    "state_code": "GP",
    "province": "Guadeloupe",
    "province_code": "971",
    "community": "Arrondissement de Pointe-\u00E0-Pitre",
    "community_code": "9712",
    "latitude": "16.2422",
    "longitude": "-61.5343"
  },
  {
    "country_code": "GP",
    "zipcode": "97153 CEDEX",
    "place": "Pointe-\u00E0-Pitre",
    "state": "Guadeloupe",
    "state_code": "GP",
    "province": "Guadeloupe",
    "province_code": "971",
    "community": "Arrondissement de Pointe-\u00E0-Pitre",
    "community_code": "9712",
    "latitude": "16.2422",
    "longitude": "-61.5343"
  },
  {
    "country_code": "GP",
    "zipcode": "97154 CEDEX",
    "place": "Pointe-\u00E0-Pitre",
    "state": "Guadeloupe",
    "state_code": "GP",
    "province": "Guadeloupe",
    "province_code": "971",
    "community": "Arrondissement de Pointe-\u00E0-Pitre",
    "community_code": "9712",
    "latitude": "16.2422",
    "longitude": "-61.5343"
  },
  {
    "country_code": "GP",
    "zipcode": "97155 CEDEX",
    "place": "Pointe-\u00E0-Pitre",
    "state": "Guadeloupe",
    "state_code": "GP",
    "province": "Guadeloupe",
    "province_code": "971",
    "community": "Arrondissement de Pointe-\u00E0-Pitre",
    "community_code": "9712",
    "latitude": "16.2422",
    "longitude": "-61.5343"
  },
  {
    "country_code": "GP",
    "zipcode": "97156 CEDEX",
    "place": "Pointe-\u00E0-Pitre",
    "state": "Guadeloupe",
    "state_code": "GP",
    "province": "Guadeloupe",
    "province_code": "971",
    "community": "Arrondissement de Pointe-\u00E0-Pitre",
    "community_code": "9712",
    "latitude": "16.2422",
    "longitude": "-61.5343"
  },
  {
    "country_code": "GP",
    "zipcode": "97157 CEDEX",
    "place": "Pointe-\u00E0-Pitre",
    "state": "Guadeloupe",
    "state_code": "GP",
    "province": "Guadeloupe",
    "province_code": "971",
    "community": "Arrondissement de Pointe-\u00E0-Pitre",
    "community_code": "9712",
    "latitude": "16.2422",
    "longitude": "-61.5343"
  },
  {
    "country_code": "GP",
    "zipcode": "97158 CEDEX",
    "place": "Pointe-\u00E0-Pitre",
    "state": "Guadeloupe",
    "state_code": "GP",
    "province": "Guadeloupe",
    "province_code": "971",
    "community": "Arrondissement de Pointe-\u00E0-Pitre",
    "community_code": "9712",
    "latitude": "16.2422",
    "longitude": "-61.5343"
  },
  {
    "country_code": "GP",
    "zipcode": "97159 CEDEX",
    "place": "Pointe-\u00E0-Pitre",
    "state": "Guadeloupe",
    "state_code": "GP",
    "province": "Guadeloupe",
    "province_code": "971",
    "community": "Arrondissement de Pointe-\u00E0-Pitre",
    "community_code": "9712",
    "latitude": "16.2422",
    "longitude": "-61.5343"
  },
  {
    "country_code": "GP",
    "zipcode": "97160",
    "place": "Le Moule",
    "state": "Guadeloupe",
    "state_code": "GP",
    "province": "Guadeloupe",
    "province_code": "971",
    "community": "Arrondissement de Pointe-\u00E0-Pitre",
    "community_code": "9712",
    "latitude": "16.3332",
    "longitude": "-61.3473"
  },
  {
    "country_code": "GP",
    "zipcode": "97161 CEDEX",
    "place": "Pointe-\u00E0-Pitre",
    "state": "Guadeloupe",
    "state_code": "GP",
    "province": "Guadeloupe",
    "province_code": "971",
    "community": "Arrondissement de Pointe-\u00E0-Pitre",
    "community_code": "9712",
    "latitude": "16.2422",
    "longitude": "-61.5343"
  },
  {
    "country_code": "GP",
    "zipcode": "97162 CEDEX",
    "place": "Pointe-\u00E0-Pitre",
    "state": "Guadeloupe",
    "state_code": "GP",
    "province": "Guadeloupe",
    "province_code": "971",
    "community": "Arrondissement de Pointe-\u00E0-Pitre",
    "community_code": "9712",
    "latitude": "16.2422",
    "longitude": "-61.5343"
  },
  {
    "country_code": "GP",
    "zipcode": "97163 CEDEX",
    "place": "Pointe-\u00E0-Pitre",
    "state": "Guadeloupe",
    "state_code": "GP",
    "province": "Guadeloupe",
    "province_code": "971",
    "community": "Arrondissement de Pointe-\u00E0-Pitre",
    "community_code": "9712",
    "latitude": "16.2422",
    "longitude": "-61.5343"
  },
  {
    "country_code": "GP",
    "zipcode": "97164 CEDEX",
    "place": "Pointe-\u00E0-Pitre",
    "state": "Guadeloupe",
    "state_code": "GP",
    "province": "Guadeloupe",
    "province_code": "971",
    "community": "Arrondissement de Pointe-\u00E0-Pitre",
    "community_code": "9712",
    "latitude": "16.2422",
    "longitude": "-61.5343"
  },
  {
    "country_code": "GP",
    "zipcode": "97165 CEDEX",
    "place": "Pointe-\u00E0-Pitre",
    "state": "Guadeloupe",
    "state_code": "GP",
    "province": "Guadeloupe",
    "province_code": "971",
    "community": "Arrondissement de Pointe-\u00E0-Pitre",
    "community_code": "9712",
    "latitude": "16.2422",
    "longitude": "-61.5343"
  },
  {
    "country_code": "GP",
    "zipcode": "97166 CEDEX",
    "place": "Pointe-\u00E0-Pitre",
    "state": "Guadeloupe",
    "state_code": "GP",
    "province": "Guadeloupe",
    "province_code": "971",
    "community": "Arrondissement de Pointe-\u00E0-Pitre",
    "community_code": "9712",
    "latitude": "16.2422",
    "longitude": "-61.5343"
  },
  {
    "country_code": "GP",
    "zipcode": "97167 CEDEX",
    "place": "Pointe-\u00E0-Pitre",
    "state": "Guadeloupe",
    "state_code": "GP",
    "province": "Guadeloupe",
    "province_code": "971",
    "community": "Arrondissement de Pointe-\u00E0-Pitre",
    "community_code": "9712",
    "latitude": "16.2422",
    "longitude": "-61.5343"
  },
  {
    "country_code": "GP",
    "zipcode": "97168 CEDEX",
    "place": "Pointe-\u00E0-Pitre",
    "state": "Guadeloupe",
    "state_code": "GP",
    "province": "Guadeloupe",
    "province_code": "971",
    "community": "Arrondissement de Pointe-\u00E0-Pitre",
    "community_code": "9712",
    "latitude": "16.2422",
    "longitude": "-61.5343"
  },
  {
    "country_code": "GP",
    "zipcode": "97169 CEDEX",
    "place": "Pointe-\u00E0-Pitre",
    "state": "Guadeloupe",
    "state_code": "GP",
    "province": "Guadeloupe",
    "province_code": "971",
    "community": "Arrondissement de Pointe-\u00E0-Pitre",
    "community_code": "9712",
    "latitude": "16.2422",
    "longitude": "-61.5343"
  },
  {
    "country_code": "GP",
    "zipcode": "97170",
    "place": "Petit-Bourg",
    "state": "Guadeloupe",
    "state_code": "GP",
    "province": "Guadeloupe",
    "province_code": "971",
    "community": "Arrondissement de la Basse-Terre",
    "community_code": "9711",
    "latitude": "16.1914",
    "longitude": "-61.5916"
  },
  {
    "country_code": "GP",
    "zipcode": "97171 CEDEX",
    "place": "Pointe-\u00E0-Pitre",
    "state": "Guadeloupe",
    "state_code": "GP",
    "province": "Guadeloupe",
    "province_code": "971",
    "community": "Arrondissement de Pointe-\u00E0-Pitre",
    "community_code": "9712",
    "latitude": "16.2422",
    "longitude": "-61.5343"
  },
  {
    "country_code": "GP",
    "zipcode": "97172 CEDEX",
    "place": "Pointe-\u00E0-Pitre",
    "state": "Guadeloupe",
    "state_code": "GP",
    "province": "Guadeloupe",
    "province_code": "971",
    "community": "Arrondissement de Pointe-\u00E0-Pitre",
    "community_code": "9712",
    "latitude": "16.2422",
    "longitude": "-61.5343"
  },
  {
    "country_code": "GP",
    "zipcode": "97173 CEDEX",
    "place": "Pointe-\u00E0-Pitre",
    "state": "Guadeloupe",
    "state_code": "GP",
    "province": "Guadeloupe",
    "province_code": "971",
    "community": "Arrondissement de Pointe-\u00E0-Pitre",
    "community_code": "9712",
    "latitude": "16.2422",
    "longitude": "-61.5343"
  },
  {
    "country_code": "GP",
    "zipcode": "97174 CEDEX",
    "place": "Pointe-\u00E0-Pitre",
    "state": "Guadeloupe",
    "state_code": "GP",
    "province": "Guadeloupe",
    "province_code": "971",
    "community": "Arrondissement de Pointe-\u00E0-Pitre",
    "community_code": "9712",
    "latitude": "16.2422",
    "longitude": "-61.5343"
  },
  {
    "country_code": "GP",
    "zipcode": "97175 CEDEX",
    "place": "Les Abymes",
    "state": "Guadeloupe",
    "state_code": "GP",
    "province": "Guadeloupe",
    "province_code": "971",
    "community": "Arrondissement de Pointe-\u00E0-Pitre",
    "community_code": "9712",
    "latitude": "16.271",
    "longitude": "-61.5045"
  },
  {
    "country_code": "GP",
    "zipcode": "97176 CEDEX",
    "place": "Les Abymes",
    "state": "Guadeloupe",
    "state_code": "GP",
    "province": "Guadeloupe",
    "province_code": "971",
    "community": "Arrondissement de Pointe-\u00E0-Pitre",
    "community_code": "9712",
    "latitude": "16.271",
    "longitude": "-61.5045"
  },
  {
    "country_code": "GP",
    "zipcode": "97177 CEDEX",
    "place": "Les Abymes",
    "state": "Guadeloupe",
    "state_code": "GP",
    "province": "Guadeloupe",
    "province_code": "971",
    "community": "Arrondissement de Pointe-\u00E0-Pitre",
    "community_code": "9712",
    "latitude": "16.271",
    "longitude": "-61.5045"
  },
  {
    "country_code": "GP",
    "zipcode": "97178 CEDEX",
    "place": "Les Abymes",
    "state": "Guadeloupe",
    "state_code": "GP",
    "province": "Guadeloupe",
    "province_code": "971",
    "community": "Arrondissement de Pointe-\u00E0-Pitre",
    "community_code": "9712",
    "latitude": "16.271",
    "longitude": "-61.5045"
  },
  {
    "country_code": "GP",
    "zipcode": "97179 CEDEX",
    "place": "Pointe-\u00E0-Pitre",
    "state": "Guadeloupe",
    "state_code": "GP",
    "province": "Guadeloupe",
    "province_code": "971",
    "community": "Arrondissement de Pointe-\u00E0-Pitre",
    "community_code": "9712",
    "latitude": "16.2422",
    "longitude": "-61.5343"
  },
  {
    "country_code": "GP",
    "zipcode": "97180",
    "place": "Sainte-Anne",
    "state": "Guadeloupe",
    "state_code": "GP",
    "province": "Guadeloupe",
    "province_code": "971",
    "community": "Arrondissement de Pointe-\u00E0-Pitre",
    "community_code": "9712",
    "latitude": "16.2264",
    "longitude": "-61.3792"
  },
  {
    "country_code": "GP",
    "zipcode": "97181 CEDEX",
    "place": "Les Abymes",
    "state": "Guadeloupe",
    "state_code": "GP",
    "province": "Guadeloupe",
    "province_code": "971",
    "community": "Arrondissement de Pointe-\u00E0-Pitre",
    "community_code": "9712",
    "latitude": "16.271",
    "longitude": "-61.5045"
  },
  {
    "country_code": "GP",
    "zipcode": "97182 CEDEX",
    "place": "Les Abymes",
    "state": "Guadeloupe",
    "state_code": "GP",
    "province": "Guadeloupe",
    "province_code": "971",
    "community": "Arrondissement de Pointe-\u00E0-Pitre",
    "community_code": "9712",
    "latitude": "16.271",
    "longitude": "-61.5045"
  },
  {
    "country_code": "GP",
    "zipcode": "97183 CEDEX",
    "place": "Les Abymes",
    "state": "Guadeloupe",
    "state_code": "GP",
    "province": "Guadeloupe",
    "province_code": "971",
    "community": "Arrondissement de Pointe-\u00E0-Pitre",
    "community_code": "9712",
    "latitude": "16.271",
    "longitude": "-61.5045"
  },
  {
    "country_code": "GP",
    "zipcode": "97184 CEDEX",
    "place": "Les Abymes",
    "state": "Guadeloupe",
    "state_code": "GP",
    "province": "Guadeloupe",
    "province_code": "971",
    "community": "Arrondissement de Pointe-\u00E0-Pitre",
    "community_code": "9712",
    "latitude": "16.271",
    "longitude": "-61.5045"
  },
  {
    "country_code": "GP",
    "zipcode": "97185 CEDEX",
    "place": "Les Abymes",
    "state": "Guadeloupe",
    "state_code": "GP",
    "province": "Guadeloupe",
    "province_code": "971",
    "community": "Arrondissement de Pointe-\u00E0-Pitre",
    "community_code": "9712",
    "latitude": "16.271",
    "longitude": "-61.5045"
  },
  {
    "country_code": "GP",
    "zipcode": "97186 CEDEX",
    "place": "Les Abymes",
    "state": "Guadeloupe",
    "state_code": "GP",
    "province": "Guadeloupe",
    "province_code": "971",
    "community": "Arrondissement de Pointe-\u00E0-Pitre",
    "community_code": "9712",
    "latitude": "16.271",
    "longitude": "-61.5045"
  },
  {
    "country_code": "GP",
    "zipcode": "97187 CEDEX",
    "place": "Jarry",
    "state": "Guadeloupe",
    "state_code": "GP",
    "province": "Guadeloupe",
    "province_code": "971",
    "community": "Arrondissement de Pointe-\u00E0-Pitre",
    "community_code": "9712",
    "latitude": "16.2359",
    "longitude": "-61.558"
  },
  {
    "country_code": "GP",
    "zipcode": "97188 CEDEX",
    "place": "Jarry",
    "state": "Guadeloupe",
    "state_code": "GP",
    "province": "Guadeloupe",
    "province_code": "971",
    "community": "Arrondissement de Pointe-\u00E0-Pitre",
    "community_code": "9712",
    "latitude": "16.2359",
    "longitude": "-61.558"
  },
  {
    "country_code": "GP",
    "zipcode": "97189 CEDEX",
    "place": "Jarry",
    "state": "Guadeloupe",
    "state_code": "GP",
    "province": "Guadeloupe",
    "province_code": "971",
    "community": "Arrondissement de Pointe-\u00E0-Pitre",
    "community_code": "9712",
    "latitude": "16.2359",
    "longitude": "-61.558"
  },
  {
    "country_code": "GP",
    "zipcode": "97190",
    "place": "Le Gosier",
    "state": "Guadeloupe",
    "state_code": "GP",
    "province": "Guadeloupe",
    "province_code": "971",
    "community": "Arrondissement de Pointe-\u00E0-Pitre",
    "community_code": "9712",
    "latitude": "16.2069",
    "longitude": "-61.4933"
  },
  {
    "country_code": "GP",
    "zipcode": "97191 CEDEX",
    "place": "Jarry",
    "state": "Guadeloupe",
    "state_code": "GP",
    "province": "Guadeloupe",
    "province_code": "971",
    "community": "Arrondissement de Pointe-\u00E0-Pitre",
    "community_code": "9712",
    "latitude": "16.2359",
    "longitude": "-61.558"
  },
  {
    "country_code": "GP",
    "zipcode": "97192 CEDEX",
    "place": "Jarry",
    "state": "Guadeloupe",
    "state_code": "GP",
    "province": "Guadeloupe",
    "province_code": "971",
    "community": "Arrondissement de Pointe-\u00E0-Pitre",
    "community_code": "9712",
    "latitude": "16.2359",
    "longitude": "-61.558"
  },
  {
    "country_code": "GP",
    "zipcode": "97193 CEDEX",
    "place": "Jarry",
    "state": "Guadeloupe",
    "state_code": "GP",
    "province": "Guadeloupe",
    "province_code": "971",
    "community": "Arrondissement de Pointe-\u00E0-Pitre",
    "community_code": "9712",
    "latitude": "16.2359",
    "longitude": "-61.558"
  },
  {
    "country_code": "GP",
    "zipcode": "97194 CEDEX",
    "place": "Jarry",
    "state": "Guadeloupe",
    "state_code": "GP",
    "province": "Guadeloupe",
    "province_code": "971",
    "community": "Arrondissement de Pointe-\u00E0-Pitre",
    "community_code": "9712",
    "latitude": "16.2359",
    "longitude": "-61.558"
  },
  {
    "country_code": "GP",
    "zipcode": "97195 CEDEX",
    "place": "Jarry",
    "state": "Guadeloupe",
    "state_code": "GP",
    "province": "Guadeloupe",
    "province_code": "971",
    "community": "Arrondissement de Pointe-\u00E0-Pitre",
    "community_code": "9712",
    "latitude": "16.2359",
    "longitude": "-61.558"
  },
  {
    "country_code": "GP",
    "zipcode": "97196 CEDEX",
    "place": "Jarry",
    "state": "Guadeloupe",
    "state_code": "GP",
    "province": "Guadeloupe",
    "province_code": "971",
    "community": "Arrondissement de Pointe-\u00E0-Pitre",
    "community_code": "9712",
    "latitude": "16.2359",
    "longitude": "-61.558"
  },
  {
    "country_code": "GP",
    "zipcode": "97197 CEDEX",
    "place": "Jarry",
    "state": "Guadeloupe",
    "state_code": "GP",
    "province": "Guadeloupe",
    "province_code": "971",
    "community": "Arrondissement de Pointe-\u00E0-Pitre",
    "community_code": "9712",
    "latitude": "16.2359",
    "longitude": "-61.558"
  },
  {
    "country_code": "GP",
    "zipcode": "97198 CEDEX",
    "place": "Jarry",
    "state": "Guadeloupe",
    "state_code": "GP",
    "province": "Guadeloupe",
    "province_code": "971",
    "community": "Arrondissement de Pointe-\u00E0-Pitre",
    "community_code": "9712",
    "latitude": "16.2359",
    "longitude": "-61.558"
  },
  {
    "country_code": "GP",
    "zipcode": "97199 CEDEX",
    "place": "Jarry",
    "state": "Guadeloupe",
    "state_code": "GP",
    "province": "Guadeloupe",
    "province_code": "971",
    "community": "Arrondissement de Pointe-\u00E0-Pitre",
    "community_code": "9712",
    "latitude": "16.2359",
    "longitude": "-61.558"
  }
]