[
  {
    "country_code": "HN",
    "zipcode": "31101",
    "place": "La Ceiba",
    "state": "Atl\u00E1ntida",
    "state_code": "01",
    "province": "",
    "province_code": "",
    "community": "",
    "community_code": "",
    "latitude": "15.7667",
    "longitude": "-86.8333"
  },
  {
    "country_code": "HN",
    "zipcode": "31301",
    "place": "Tela",
    "state": "Atl\u00E1ntida",
    "state_code": "01",
    "province": "",
    "province_code": "",
    "community": "",
    "community_code": "",
    "latitude": "15.7743",
    "longitude": "-87.4673"
  },
  {
    "country_code": "HN",
    "zipcode": "51101",
    "place": "Choluteca",
    "state": "Choluteca",
    "state_code": "02",
    "province": "",
    "province_code": "",
    "community": "",
    "community_code": "",
    "latitude": "13.3003",
    "longitude": "-87.1908"
  },
  {
    "country_code": "HN",
    "zipcode": "51201",
    "place": "Pespire",
    "state": "Choluteca",
    "state_code": "02",
    "province": "",
    "province_code": "",
    "community": "",
    "community_code": "",
    "latitude": "13.5922",
    "longitude": "-87.3617"
  },
  {
    "country_code": "HN",
    "zipcode": "32101",
    "place": "Trujillo",
    "state": "Colon",
    "state_code": "03",
    "province": "",
    "province_code": "",
    "community": "",
    "community_code": "",
    "latitude": "15.9167",
    "longitude": "-85.9542"
  },
  {
    "country_code": "HN",
    "zipcode": "32301",
    "place": "Tocoa",
    "state": "Colon",
    "state_code": "03",
    "province": "",
    "province_code": "",
    "community": "",
    "community_code": "",
    "latitude": "15.6833",
    "longitude": "-86"
  },
  {
    "country_code": "HN",
    "zipcode": "12101",
    "place": "Comayagua",
    "state": "Comayagua",
    "state_code": "04",
    "province": "",
    "province_code": "",
    "community": "",
    "community_code": "",
    "latitude": "14.4514",
    "longitude": "-87.6375"
  },
  {
    "country_code": "HN",
    "zipcode": "12111",
    "place": "Siguatepeque",
    "state": "Comayagua",
    "state_code": "04",
    "province": "",
    "province_code": "",
    "community": "",
    "community_code": "",
    "latitude": "14.5969",
    "longitude": "-87.831"
  },
  {
    "country_code": "HN",
    "zipcode": "41101",
    "place": "Santa Rosa de Copan",
    "state": "Cop\u00E1n",
    "state_code": "05",
    "province": "",
    "province_code": "",
    "community": "",
    "community_code": "",
    "latitude": "14.7667",
    "longitude": "-88.7792"
  },
  {
    "country_code": "HN",
    "zipcode": "41202",
    "place": "La Entrada",
    "state": "Cop\u00E1n",
    "state_code": "05",
    "province": "",
    "province_code": "",
    "community": "",
    "community_code": "",
    "latitude": "15.0638",
    "longitude": "-88.7463"
  },
  {
    "country_code": "HN",
    "zipcode": "21101",
    "place": "Sector N.E.",
    "state": "Cort\u00E9s",
    "state_code": "06",
    "province": "San Pedro Sula",
    "province_code": "0501",
    "community": "",
    "community_code": "",
    "latitude": "15.5326",
    "longitude": "-88.0104"
  },
  {
    "country_code": "HN",
    "zipcode": "21102",
    "place": "Sector N.O.",
    "state": "Cort\u00E9s",
    "state_code": "06",
    "province": "San Pedro Sula",
    "province_code": "0501",
    "community": "",
    "community_code": "",
    "latitude": "15.5677",
    "longitude": "-88.0138"
  },
  {
    "country_code": "HN",
    "zipcode": "21103",
    "place": "Sector S.E.",
    "state": "Cort\u00E9s",
    "state_code": "06",
    "province": "San Pedro Sula",
    "province_code": "0501",
    "community": "",
    "community_code": "",
    "latitude": "15.4839",
    "longitude": "-87.9908"
  },
  {
    "country_code": "HN",
    "zipcode": "21104",
    "place": "Sector S.O.",
    "state": "Cort\u00E9s",
    "state_code": "06",
    "province": "San Pedro Sula",
    "province_code": "0501",
    "community": "",
    "community_code": "",
    "latitude": "15.4902",
    "longitude": "-88.042"
  },
  {
    "country_code": "HN",
    "zipcode": "21112",
    "place": "Choloma",
    "state": "Cort\u00E9s",
    "state_code": "06",
    "province": "",
    "province_code": "",
    "community": "",
    "community_code": "",
    "latitude": "15.6144",
    "longitude": "-87.953"
  },
  {
    "country_code": "HN",
    "zipcode": "21301",
    "place": "Puerto Cortes",
    "state": "Cort\u00E9s",
    "state_code": "06",
    "province": "",
    "province_code": "",
    "community": "",
    "community_code": "",
    "latitude": "15.8256",
    "longitude": "-87.9297"
  },
  {
    "country_code": "HN",
    "zipcode": "13101",
    "place": "Yuscaran",
    "state": "El Paraiso",
    "state_code": "07",
    "province": "",
    "province_code": "",
    "community": "",
    "community_code": "",
    "latitude": "13.9439",
    "longitude": "-86.8528"
  },
  {
    "country_code": "HN",
    "zipcode": "13201",
    "place": "Danli",
    "state": "El Paraiso",
    "state_code": "07",
    "province": "",
    "province_code": "",
    "community": "",
    "community_code": "",
    "latitude": "14.0333",
    "longitude": "-86.5833"
  },
  {
    "country_code": "HN",
    "zipcode": "11101",
    "place": "Tegucigalpa",
    "state": "Francisco Morazan",
    "state_code": "08",
    "province": "",
    "province_code": "",
    "community": "",
    "community_code": "",
    "latitude": "14.0818",
    "longitude": "-87.2068"
  },
  {
    "country_code": "HN",
    "zipcode": "12101",
    "place": "Comayaguela",
    "state": "Francisco Morazan",
    "state_code": "08",
    "province": "",
    "province_code": "",
    "community": "",
    "community_code": "",
    "latitude": "14.0867",
    "longitude": "-87.2292"
  },
  {
    "country_code": "HN",
    "zipcode": "33101",
    "place": "Puerto Lempira",
    "state": "Gracias a Dios",
    "state_code": "09",
    "province": "",
    "province_code": "",
    "community": "",
    "community_code": "",
    "latitude": "15.2667",
    "longitude": "-83.7722"
  },
  {
    "country_code": "HN",
    "zipcode": "14101",
    "place": "La Esperanza",
    "state": "Intibuca",
    "state_code": "10",
    "province": "",
    "province_code": "",
    "community": "",
    "community_code": "",
    "latitude": "14.3111",
    "longitude": "-88.1806"
  },
  {
    "country_code": "HN",
    "zipcode": "14201",
    "place": "Jesus de Otoro",
    "state": "Intibuca",
    "state_code": "10",
    "province": "",
    "province_code": "",
    "community": "",
    "community_code": "",
    "latitude": "14.4878",
    "longitude": "-87.9818"
  },
  {
    "country_code": "HN",
    "zipcode": "34101",
    "place": "Roatan",
    "state": "Islas de la Bah\u00EDa",
    "state_code": "11",
    "province": "",
    "province_code": "",
    "community": "",
    "community_code": "",
    "latitude": "16.3229",
    "longitude": "-86.5361"
  },
  {
    "country_code": "HN",
    "zipcode": "15101",
    "place": "La Paz",
    "state": "La Paz",
    "state_code": "12",
    "province": "",
    "province_code": "",
    "community": "",
    "community_code": "",
    "latitude": "14.3194",
    "longitude": "-87.6792"
  },
  {
    "country_code": "HN",
    "zipcode": "15201",
    "place": "Marcala",
    "state": "La Paz",
    "state_code": "12",
    "province": "",
    "province_code": "",
    "community": "",
    "community_code": "",
    "latitude": "14.1566",
    "longitude": "-88.0347"
  },
  {
    "country_code": "HN",
    "zipcode": "42101",
    "place": "Gracias",
    "state": "Lempira",
    "state_code": "13",
    "province": "",
    "province_code": "",
    "community": "",
    "community_code": "",
    "latitude": "14.5903",
    "longitude": "-88.5819"
  },
  {
    "country_code": "HN",
    "zipcode": "42201",
    "place": "Erandique",
    "state": "Lempira",
    "state_code": "13",
    "province": "",
    "province_code": "",
    "community": "",
    "community_code": "",
    "latitude": "14.2379",
    "longitude": "-88.4645"
  },
  {
    "country_code": "HN",
    "zipcode": "43101",
    "place": "Ocotepeque",
    "state": "Ocotepeque",
    "state_code": "14",
    "province": "",
    "province_code": "",
    "community": "",
    "community_code": "",
    "latitude": "14.4333",
    "longitude": "-89.1833"
  },
  {
    "country_code": "HN",
    "zipcode": "43201",
    "place": "San Marcos de Ocotepeque",
    "state": "Ocotepeque",
    "state_code": "14",
    "province": "",
    "province_code": "",
    "community": "",
    "community_code": "",
    "latitude": "14.4079",
    "longitude": "-88.9553"
  },
  {
    "country_code": "HN",
    "zipcode": "16101",
    "place": "Juticalpa",
    "state": "Olancho",
    "state_code": "15",
    "province": "",
    "province_code": "",
    "community": "",
    "community_code": "",
    "latitude": "14.6667",
    "longitude": "-86.2194"
  },
  {
    "country_code": "HN",
    "zipcode": "16201",
    "place": "Catacamas",
    "state": "Olancho",
    "state_code": "15",
    "province": "",
    "province_code": "",
    "community": "",
    "community_code": "",
    "latitude": "14.8511",
    "longitude": "-85.8941"
  },
  {
    "country_code": "HN",
    "zipcode": "22101",
    "place": "Santa Barbara",
    "state": "Santa Barbara",
    "state_code": "16",
    "province": "",
    "province_code": "",
    "community": "",
    "community_code": "",
    "latitude": "14.9194",
    "longitude": "-88.2361"
  },
  {
    "country_code": "HN",
    "zipcode": "22114",
    "place": "Trinidad",
    "state": "Santa Barbara",
    "state_code": "16",
    "province": "",
    "province_code": "",
    "community": "",
    "community_code": "",
    "latitude": "15.1424",
    "longitude": "-88.2332"
  },
  {
    "country_code": "HN",
    "zipcode": "52101",
    "place": "Nacaome",
    "state": "Valle",
    "state_code": "17",
    "province": "",
    "province_code": "",
    "community": "",
    "community_code": "",
    "latitude": "13.5361",
    "longitude": "-87.4875"
  },
  {
    "country_code": "HN",
    "zipcode": "52102",
    "place": "San Lorenzo",
    "state": "Valle",
    "state_code": "17",
    "province": "",
    "province_code": "",
    "community": "",
    "community_code": "",
    "latitude": "13.4242",
    "longitude": "-87.4472"
  },
  {
    "country_code": "HN",
    "zipcode": "23101",
    "place": "Yoro",
    "state": "Yoro",
    "state_code": "18",
    "province": "",
    "province_code": "",
    "community": "",
    "community_code": "",
    "latitude": "15.1375",
    "longitude": "-87.1278"
  },
  {
    "country_code": "HN",
    "zipcode": "23201",
    "place": "El Progreso",
    "state": "Yoro",
    "state_code": "18",
    "province": "",
    "province_code": "",
    "community": "",
    "community_code": "",
    "latitude": "15.4",
    "longitude": "-87.8"
  }
]