<zipcodes>
  <object>
    <country_code>HN</country_code>
    <zipcode>31101</zipcode>
    <place>La Ceiba</place>
    <state>Atlántida</state>
    <state_code>01</state_code>
    <province></province>
    <province_code></province_code>
    <community></community>
    <community_code></community_code>
    <latitude>15.7667</latitude>
    <longitude>-86.8333</longitude>
  </object>
  <object>
    <country_code>HN</country_code>
    <zipcode>31301</zipcode>
    <place>Tela</place>
    <state>Atlántida</state>
    <state_code>01</state_code>
    <province></province>
    <province_code></province_code>
    <community></community>
    <community_code></community_code>
    <latitude>15.7743</latitude>
    <longitude>-87.4673</longitude>
  </object>
  <object>
    <country_code>HN</country_code>
    <zipcode>51101</zipcode>
    <place>Choluteca</place>
    <state>Choluteca</state>
    <state_code>02</state_code>
    <province></province>
    <province_code></province_code>
    <community></community>
    <community_code></community_code>
    <latitude>13.3003</latitude>
    <longitude>-87.1908</longitude>
  </object>
  <object>
    <country_code>HN</country_code>
    <zipcode>51201</zipcode>
    <place>Pespire</place>
    <state>Choluteca</state>
    <state_code>02</state_code>
    <province></province>
    <province_code></province_code>
    <community></community>
    <community_code></community_code>
    <latitude>13.5922</latitude>
    <longitude>-87.3617</longitude>
  </object>
  <object>
    <country_code>HN</country_code>
    <zipcode>32101</zipcode>
    <place>Trujillo</place>
    <state>Colon</state>
    <state_code>03</state_code>
    <province></province>
    <province_code></province_code>
    <community></community>
    <community_code></community_code>
    <latitude>15.9167</latitude>
    <longitude>-85.9542</longitude>
  </object>
  <object>
    <country_code>HN</country_code>
    <zipcode>32301</zipcode>
    <place>Tocoa</place>
    <state>Colon</state>
    <state_code>03</state_code>
    <province></province>
    <province_code></province_code>
    <community></community>
    <community_code></community_code>
    <latitude>15.6833</latitude>
    <longitude>-86</longitude>
  </object>
  <object>
    <country_code>HN</country_code>
    <zipcode>12101</zipcode>
    <place>Comayagua</place>
    <state>Comayagua</state>
    <state_code>04</state_code>
    <province></province>
    <province_code></province_code>
    <community></community>
    <community_code></community_code>
    <latitude>14.4514</latitude>
    <longitude>-87.6375</longitude>
  </object>
  <object>
    <country_code>HN</country_code>
    <zipcode>12111</zipcode>
    <place>Siguatepeque</place>
    <state>Comayagua</state>
    <state_code>04</state_code>
    <province></province>
    <province_code></province_code>
    <community></community>
    <community_code></community_code>
    <latitude>14.5969</latitude>
    <longitude>-87.831</longitude>
  </object>
  <object>
    <country_code>HN</country_code>
    <zipcode>41101</zipcode>
    <place>Santa Rosa de Copan</place>
    <state>Copán</state>
    <state_code>05</state_code>
    <province></province>
    <province_code></province_code>
    <community></community>
    <community_code></community_code>
    <latitude>14.7667</latitude>
    <longitude>-88.7792</longitude>
  </object>
  <object>
    <country_code>HN</country_code>
    <zipcode>41202</zipcode>
    <place>La Entrada</place>
    <state>Copán</state>
    <state_code>05</state_code>
    <province></province>
    <province_code></province_code>
    <community></community>
    <community_code></community_code>
    <latitude>15.0638</latitude>
    <longitude>-88.7463</longitude>
  </object>
  <object>
    <country_code>HN</country_code>
    <zipcode>21101</zipcode>
    <place>Sector N.E.</place>
    <state>Cortés</state>
    <state_code>06</state_code>
    <province>San Pedro Sula</province>
    <province_code>0501</province_code>
    <community></community>
    <community_code></community_code>
    <latitude>15.5326</latitude>
    <longitude>-88.0104</longitude>
  </object>
  <object>
    <country_code>HN</country_code>
    <zipcode>21102</zipcode>
    <place>Sector N.O.</place>
    <state>Cortés</state>
    <state_code>06</state_code>
    <province>San Pedro Sula</province>
    <province_code>0501</province_code>
    <community></community>
    <community_code></community_code>
    <latitude>15.5677</latitude>
    <longitude>-88.0138</longitude>
  </object>
  <object>
    <country_code>HN</country_code>
    <zipcode>21103</zipcode>
    <place>Sector S.E.</place>
    <state>Cortés</state>
    <state_code>06</state_code>
    <province>San Pedro Sula</province>
    <province_code>0501</province_code>
    <community></community>
    <community_code></community_code>
    <latitude>15.4839</latitude>
    <longitude>-87.9908</longitude>
  </object>
  <object>
    <country_code>HN</country_code>
    <zipcode>21104</zipcode>
    <place>Sector S.O.</place>
    <state>Cortés</state>
    <state_code>06</state_code>
    <province>San Pedro Sula</province>
    <province_code>0501</province_code>
    <community></community>
    <community_code></community_code>
    <latitude>15.4902</latitude>
    <longitude>-88.042</longitude>
  </object>
  <object>
    <country_code>HN</country_code>
    <zipcode>21112</zipcode>
    <place>Choloma</place>
    <state>Cortés</state>
    <state_code>06</state_code>
    <province></province>
    <province_code></province_code>
    <community></community>
    <community_code></community_code>
    <latitude>15.6144</latitude>
    <longitude>-87.953</longitude>
  </object>
  <object>
    <country_code>HN</country_code>
    <zipcode>21301</zipcode>
    <place>Puerto Cortes</place>
    <state>Cortés</state>
    <state_code>06</state_code>
    <province></province>
    <province_code></province_code>
    <community></community>
    <community_code></community_code>
    <latitude>15.8256</latitude>
    <longitude>-87.9297</longitude>
  </object>
  <object>
    <country_code>HN</country_code>
    <zipcode>13101</zipcode>
    <place>Yuscaran</place>
    <state>El Paraiso</state>
    <state_code>07</state_code>
    <province></province>
    <province_code></province_code>
    <community></community>
    <community_code></community_code>
    <latitude>13.9439</latitude>
    <longitude>-86.8528</longitude>
  </object>
  <object>
    <country_code>HN</country_code>
    <zipcode>13201</zipcode>
    <place>Danli</place>
    <state>El Paraiso</state>
    <state_code>07</state_code>
    <province></province>
    <province_code></province_code>
    <community></community>
    <community_code></community_code>
    <latitude>14.0333</latitude>
    <longitude>-86.5833</longitude>
  </object>
  <object>
    <country_code>HN</country_code>
    <zipcode>11101</zipcode>
    <place>Tegucigalpa</place>
    <state>Francisco Morazan</state>
    <state_code>08</state_code>
    <province></province>
    <province_code></province_code>
    <community></community>
    <community_code></community_code>
    <latitude>14.0818</latitude>
    <longitude>-87.2068</longitude>
  </object>
  <object>
    <country_code>HN</country_code>
    <zipcode>12101</zipcode>
    <place>Comayaguela</place>
    <state>Francisco Morazan</state>
    <state_code>08</state_code>
    <province></province>
    <province_code></province_code>
    <community></community>
    <community_code></community_code>
    <latitude>14.0867</latitude>
    <longitude>-87.2292</longitude>
  </object>
  <object>
    <country_code>HN</country_code>
    <zipcode>33101</zipcode>
    <place>Puerto Lempira</place>
    <state>Gracias a Dios</state>
    <state_code>09</state_code>
    <province></province>
    <province_code></province_code>
    <community></community>
    <community_code></community_code>
    <latitude>15.2667</latitude>
    <longitude>-83.7722</longitude>
  </object>
  <object>
    <country_code>HN</country_code>
    <zipcode>14101</zipcode>
    <place>La Esperanza</place>
    <state>Intibuca</state>
    <state_code>10</state_code>
    <province></province>
    <province_code></province_code>
    <community></community>
    <community_code></community_code>
    <latitude>14.3111</latitude>
    <longitude>-88.1806</longitude>
  </object>
  <object>
    <country_code>HN</country_code>
    <zipcode>14201</zipcode>
    <place>Jesus de Otoro</place>
    <state>Intibuca</state>
    <state_code>10</state_code>
    <province></province>
    <province_code></province_code>
    <community></community>
    <community_code></community_code>
    <latitude>14.4878</latitude>
    <longitude>-87.9818</longitude>
  </object>
  <object>
    <country_code>HN</country_code>
    <zipcode>34101</zipcode>
    <place>Roatan</place>
    <state>Islas de la Bahía</state>
    <state_code>11</state_code>
    <province></province>
    <province_code></province_code>
    <community></community>
    <community_code></community_code>
    <latitude>16.3229</latitude>
    <longitude>-86.5361</longitude>
  </object>
  <object>
    <country_code>HN</country_code>
    <zipcode>15101</zipcode>
    <place>La Paz</place>
    <state>La Paz</state>
    <state_code>12</state_code>
    <province></province>
    <province_code></province_code>
    <community></community>
    <community_code></community_code>
    <latitude>14.3194</latitude>
    <longitude>-87.6792</longitude>
  </object>
  <object>
    <country_code>HN</country_code>
    <zipcode>15201</zipcode>
    <place>Marcala</place>
    <state>La Paz</state>
    <state_code>12</state_code>
    <province></province>
    <province_code></province_code>
    <community></community>
    <community_code></community_code>
    <latitude>14.1566</latitude>
    <longitude>-88.0347</longitude>
  </object>
  <object>
    <country_code>HN</country_code>
    <zipcode>42101</zipcode>
    <place>Gracias</place>
    <state>Lempira</state>
    <state_code>13</state_code>
    <province></province>
    <province_code></province_code>
    <community></community>
    <community_code></community_code>
    <latitude>14.5903</latitude>
    <longitude>-88.5819</longitude>
  </object>
  <object>
    <country_code>HN</country_code>
    <zipcode>42201</zipcode>
    <place>Erandique</place>
    <state>Lempira</state>
    <state_code>13</state_code>
    <province></province>
    <province_code></province_code>
    <community></community>
    <community_code></community_code>
    <latitude>14.2379</latitude>
    <longitude>-88.4645</longitude>
  </object>
  <object>
    <country_code>HN</country_code>
    <zipcode>43101</zipcode>
    <place>Ocotepeque</place>
    <state>Ocotepeque</state>
    <state_code>14</state_code>
    <province></province>
    <province_code></province_code>
    <community></community>
    <community_code></community_code>
    <latitude>14.4333</latitude>
    <longitude>-89.1833</longitude>
  </object>
  <object>
    <country_code>HN</country_code>
    <zipcode>43201</zipcode>
    <place>San Marcos de Ocotepeque</place>
    <state>Ocotepeque</state>
    <state_code>14</state_code>
    <province></province>
    <province_code></province_code>
    <community></community>
    <community_code></community_code>
    <latitude>14.4079</latitude>
    <longitude>-88.9553</longitude>
  </object>
  <object>
    <country_code>HN</country_code>
    <zipcode>16101</zipcode>
    <place>Juticalpa</place>
    <state>Olancho</state>
    <state_code>15</state_code>
    <province></province>
    <province_code></province_code>
    <community></community>
    <community_code></community_code>
    <latitude>14.6667</latitude>
    <longitude>-86.2194</longitude>
  </object>
  <object>
    <country_code>HN</country_code>
    <zipcode>16201</zipcode>
    <place>Catacamas</place>
    <state>Olancho</state>
    <state_code>15</state_code>
    <province></province>
    <province_code></province_code>
    <community></community>
    <community_code></community_code>
    <latitude>14.8511</latitude>
    <longitude>-85.8941</longitude>
  </object>
  <object>
    <country_code>HN</country_code>
    <zipcode>22101</zipcode>
    <place>Santa Barbara</place>
    <state>Santa Barbara</state>
    <state_code>16</state_code>
    <province></province>
    <province_code></province_code>
    <community></community>
    <community_code></community_code>
    <latitude>14.9194</latitude>
    <longitude>-88.2361</longitude>
  </object>
  <object>
    <country_code>HN</country_code>
    <zipcode>22114</zipcode>
    <place>Trinidad</place>
    <state>Santa Barbara</state>
    <state_code>16</state_code>
    <province></province>
    <province_code></province_code>
    <community></community>
    <community_code></community_code>
    <latitude>15.1424</latitude>
    <longitude>-88.2332</longitude>
  </object>
  <object>
    <country_code>HN</country_code>
    <zipcode>52101</zipcode>
    <place>Nacaome</place>
    <state>Valle</state>
    <state_code>17</state_code>
    <province></province>
    <province_code></province_code>
    <community></community>
    <community_code></community_code>
    <latitude>13.5361</latitude>
    <longitude>-87.4875</longitude>
  </object>
  <object>
    <country_code>HN</country_code>
    <zipcode>52102</zipcode>
    <place>San Lorenzo</place>
    <state>Valle</state>
    <state_code>17</state_code>
    <province></province>
    <province_code></province_code>
    <community></community>
    <community_code></community_code>
    <latitude>13.4242</latitude>
    <longitude>-87.4472</longitude>
  </object>
  <object>
    <country_code>HN</country_code>
    <zipcode>23101</zipcode>
    <place>Yoro</place>
    <state>Yoro</state>
    <state_code>18</state_code>
    <province></province>
    <province_code></province_code>
    <community></community>
    <community_code></community_code>
    <latitude>15.1375</latitude>
    <longitude>-87.1278</longitude>
  </object>
  <object>
    <country_code>HN</country_code>
    <zipcode>23201</zipcode>
    <place>El Progreso</place>
    <state>Yoro</state>
    <state_code>18</state_code>
    <province></province>
    <province_code></province_code>
    <community></community>
    <community_code></community_code>
    <latitude>15.4</latitude>
    <longitude>-87.8</longitude>
  </object>
</zipcodes>