country_code,zipcode,place,state,state_code,province,province_code,community,community_code,latitude,longitude
HN,31101,La Ceiba,Atlántida,01,,,,,15.7667,-86.8333
HN,31301,Tela,Atlántida,01,,,,,15.7743,-87.4673
HN,51101,Choluteca,Choluteca,02,,,,,13.3003,-87.1908
HN,51201,Pespire,Choluteca,02,,,,,13.5922,-87.3617
HN,32101,Trujillo,Colon,03,,,,,15.9167,-85.9542
HN,32301,Tocoa,Colon,03,,,,,15.6833,-86
HN,12101,Comayagua,Comayagua,04,,,,,14.4514,-87.6375
HN,12111,Siguatepeque,Comayagua,04,,,,,14.5969,-87.831
HN,41101,Santa Rosa de Copan,Copán,05,,,,,14.7667,-88.7792
HN,41202,La Entrada,Copán,05,,,,,15.0638,-88.7463
HN,21101,Sector N.E.,Cortés,06,San Pedro Sula,0501,,,15.5326,-88.0104
HN,21102,Sector N.O.,Cortés,06,San Pedro Sula,0501,,,15.5677,-88.0138
HN,21103,Sector S.E.,Cortés,06,San Pedro Sula,0501,,,15.4839,-87.9908
HN,21104,Sector S.O.,Cortés,06,San Pedro Sula,0501,,,15.4902,-88.042
HN,21112,Choloma,Cortés,06,,,,,15.6144,-87.953
HN,21301,Puerto Cortes,Cortés,06,,,,,15.8256,-87.9297
HN,13101,Yuscaran,El Paraiso,07,,,,,13.9439,-86.8528
HN,13201,Danli,El Paraiso,07,,,,,14.0333,-86.5833
HN,11101,Tegucigalpa,Francisco Morazan,08,,,,,14.0818,-87.2068
HN,12101,Comayaguela,Francisco Morazan,08,,,,,14.0867,-87.2292
HN,33101,Puerto Lempira,Gracias a Dios,09,,,,,15.2667,-83.7722
HN,14101,La Esperanza,Intibuca,10,,,,,14.3111,-88.1806
HN,14201,Jesus de Otoro,Intibuca,10,,,,,14.4878,-87.9818
HN,34101,Roatan,Islas de la Bahía,11,,,,,16.3229,-86.5361
HN,15101,La Paz,La Paz,12,,,,,14.3194,-87.6792
HN,15201,Marcala,La Paz,12,,,,,14.1566,-88.0347
HN,42101,Gracias,Lempira,13,,,,,14.5903,-88.5819
HN,42201,Erandique,Lempira,13,,,,,14.2379,-88.4645
HN,43101,Ocotepeque,Ocotepeque,14,,,,,14.4333,-89.1833
HN,43201,San Marcos de Ocotepeque,Ocotepeque,14,,,,,14.4079,-88.9553
HN,16101,Juticalpa,Olancho,15,,,,,14.6667,-86.2194
HN,16201,Catacamas,Olancho,15,,,,,14.8511,-85.8941
HN,22101,Santa Barbara,Santa Barbara,16,,,,,14.9194,-88.2361
HN,22114,Trinidad,Santa Barbara,16,,,,,15.1424,-88.2332
HN,52101,Nacaome,Valle,17,,,,,13.5361,-87.4875
HN,52102,San Lorenzo,Valle,17,,,,,13.4242,-87.4472
HN,23101,Yoro,Yoro,18,,,,,15.1375,-87.1278
HN,23201,El Progreso,Yoro,18,,,,,15.4,-87.8
