country_code,zipcode,place,state,state_code,province,province_code,community,community_code,latitude,longitude
KE,00100,Nairobi Gpo,Nairobi,05,,,,,-1.2615,36.7903
KE,00101,Jamia,Nairobi,05,,,,,-1.2615,36.7903
KE,00102,State Law Office-Sheria HSE,Nairobi,05,,,,,-1.2615,36.7903
KE,00200,City Square,Nairobi,05,,,,,-1.595,36.6506
KE,00202,Kenyatta Hospital,Nairobi,05,,,,,-1.595,36.6506
KE,00231,Mbari Ya Njiku,Nairobi,05,,,,,-1.1702,36.8536
KE,00233,Karatu,Nairobi,05,,,,,-1.1702,36.8536
KE,00235,Mundoro,Nairobi,05,,,,,-1.1702,36.8536
KE,00236,Kiamwangi,Nairobi,05,,,,,-1.1702,36.8536
KE,00300,Ronald Ngala Street,Nairobi,05,,,,,-1.2615,36.7903
KE,00400,Tom Mboya Street,Nairobi,05,,,,,-1.2615,36.7903
KE,00500,Enterprise Road,Nairobi,05,,,,,-1.3574,36.7416
KE,00501,Jkia,Nairobi,05,,,,,-1.3574,36.7416
KE,00502,Karen,Nairobi,05,,,,,-1.3331,36.7162
KE,00503,Mbagathi,Nairobi,05,,,,,-1.3817,36.7669
KE,00504,Mchumbi Road,Nairobi,05,,,,,-1.3574,36.7416
KE,00505,Ngong Road,Nairobi,05,,,,,-1.3574,36.7416
KE,00506,Nyayo Stadium,Nairobi,05,,,,,-1.3574,36.7416
KE,00507,Viwandani,Nairobi,05,,,,,-1.3574,36.7416
KE,00508,Yaya Towers,Nairobi,05,,,,,-1.3574,36.7416
KE,00509,Langata Hardy,Nairobi,05,,,,,-1.3574,36.7416
KE,00510,Makongeni,Nairobi,05,,,,,-1.2973,36.8494
KE,00512,Riruta,Nairobi,05,,,,,-1.2863,36.7404
KE,00513,Sasumua Rd,Nairobi,05,,,,,-1.3191,36.8433
KE,00515,Buru Buru,Nairobi,05,,,,,-1.3191,36.8433
KE,00516,Dandora,Nairobi,05,,,,,-1.2574,36.9036
KE,00517,Uhuru Gardens,Nairobi,05,,,,,-1.3247,36.7915
KE,00518,Kayole,Nairobi,05,,,,,-1.2762,36.9138
KE,00520,Ruai,Nairobi,05,,,,,-1.2551,36.9275
KE,00521,Embakasi Village,Nairobi,05,,,,,-1.3067,36.91
KE,00522,Makadara,Nairobi,05,,,,,-1.2956,36.8719
KE,00523,Kibera,Nairobi,05,,,,,-1.3094,36.78
KE,00600,Ngara Road,Nairobi,05,,,,,-1.2555,36.7951
KE,00601,Gigiri,Nairobi,05,,,,,-1.2326,36.8153
KE,00603,Lavington,Nairobi,05,,,,,-1.2784,36.7749
KE,00604,Lower Kabete,Nairobi,05,,,,,-1.2555,36.7951
KE,00605,Uthiru,Nairobi,05,,,,,-1.2555,36.7951
KE,00606,Sarit Centre,Nairobi,05,,,,,-1.2555,36.7951
KE,00610,Eastleigh,Nairobi,05,,,,,-1.2734,36.8471
KE,00611,Mathare Valley,Nairobi,05,,,,,-1.2631,36.8576
KE,00612,Highridge,Nairobi,05,,,,,-1.2547,36.8176
KE,00613,Waithaka,Nairobi,05,,,,,-1.2833,36.7167
KE,00615,Kariobangi,Nairobi,05,,,,,-1.2537,36.882
KE,00618,Ruaraka,Nairobi,05,,,,,-1.2438,36.8808
KE,00619,Muthaiga,Nairobi,05,,,,,-1.2534,36.8347
KE,00620,Mobil Plaza,Nairobi,05,,,,,-1.2638,36.7707
KE,00621,Village Market,Nairobi,05,,,,,-1.2638,36.7707
KE,00622,Juja Rd,Nairobi,05,,,,,-1.2638,36.7707
KE,00623,Parklands,Nairobi,05,,,,,-1.2581,36.7978
KE,00625,Kangemi,Nairobi,05,,,,,-1.2695,36.7436
KE,00627,Two Rivers,Nairobi,05,,,,,-1.2638,36.7707
KE,00800,Westlands,Nairobi,05,,,,,-1.2668,36.8081
KE,00905,Lusingeti,Nairobi,05,,,,,-1.1544,36.789
KE,01029,Migioini,Nairobi,05,,,,,-0.9509,37.05
KE,10224,Nguyoini,Nairobi,05,,,,,-0.7043,36.8438
KE,30216,Kakibora,Nairobi,05,,,,,0.9437,34.8458
KE,30703,Singore,Nairobi,05,,,,,0.7137,35.5176
KE,40312,Gembe,Nairobi,05,,,,,-0.4374,34.6582
KE,40406,Agenga,Nairobi,05,,,,,-0.936,34.4175
KE,40411,Othoch Rapwong,Nairobi,05,,,,,-1.1455,34.5363
KE,40505,Karota,Nairobi,05,,,,,-0.6193,34.9811
KE,40629,Ndere,Nairobi,05,,,,,-0.0173,34.3346
KE,40629,Mudhiero,Nairobi,05,,,,,-0.0173,34.3346
KE,40634,Rangala,Nairobi,05,,,,,-0.0436,34.2607
KE,40639,Koracha,Nairobi,05,,,,,-0.0436,34.2607
KE,50301,Bunyore,Nairobi,05,,,,,0.1,34.7511
KE,50407,Hakati,Nairobi,05,,,,,0.3758,34.188
KE,50415,Budalangi,Nairobi,05,,,,,0.2289,34.1536
KE,50419,Kakemer,Nairobi,05,,,,,0.2289,34.1536
KE,50420,Kocholya,Nairobi,05,,,,,0.4152,34.2428
KE,60217,Gatimbi,Nairobi,05,,,,,-0.1246,37.9237
KE,80312,Mashini,Nairobi,05,,,,,-3.4369,38.4157
KE,80316,Kitivo,Nairobi,05,,,,,-3.4369,38.4157
KE,80408,Lukore,Nairobi,05,,,,,-4.3416,39.4333
KE,90149,Nthogoini,Nairobi,05,,,,,-1.8179,37.5371
KE,90216,Mulango,Nairobi,05,,,,,-1.4884,38.1367
KE,90405,Kavuti,Nairobi,05,,,,,-0.7581,38.1738
KE,90406,Mathuki,Nairobi,05,,,,,-0.7581,38.1738
KE,20103,Eldama Ravine,Baringo,10,,,,,0.052,35.7273
KE,20105,Mogotio,Baringo,10,,,,,-0.0224,35.9612
KE,20144,Kisanana,Baringo,10,,,,,0.0123,36.0959
KE,20145,Maji Mazuri,Baringo,10,,,,,-0.0197,35.6914
KE,20153,Torongo,Baringo,10,,,,,0.1249,35.5987
KE,30119,Kapkenda,Baringo,10,,,,,0.3691,35.435
KE,30400,Kabarnet,Baringo,10,,,,,0.4919,35.743
KE,30401,Kabartonjo,Baringo,10,,,,,0.6303,35.7958
KE,30402,Kiptagich,Baringo,10,,,,,0.3833,35.8
KE,30403,Marigat,Baringo,10,,,,,0.4712,35.9864
KE,30404,Nginyang,Baringo,10,,,,,0.9483,36.0155
KE,30405,Tenges,Baringo,10,,,,,0.3108,35.8014
KE,30406,Kampi-Ya-Samaki,Baringo,10,,,,,0.6244,36.0284
KE,30407,Seretunin,Baringo,10,,,,,0.5535,35.7882
KE,30408,Bartolimo,Baringo,10,,,,,0.6833,35.819
KE,30411,Kisarama,Baringo,10,,,,,0.9456,35.8862
KE,30411,Kipsaraman,Baringo,10,,,,,0.9456,35.8862
KE,30413,Huduma Kabarnet,Baringo,10,,,,,0.9456,35.8862
KE,20221,Kaptebengwet,Bomet,11,,,,,-0.5768,35.3124
KE,20400,Bomet,Bomet,11,,,,,-0.7813,35.3416
KE,20401,Chebunyo,Bomet,11,,,,,-0.9666,35.1909
KE,20402,Longisa,Bomet,11,,,,,-0.8593,35.3933
KE,20404,Ndanai,Bomet,11,,,,,-0.8395,35.0954
KE,20405,Sigor,Bomet,11,,,,,-0.9191,35.2993
KE,20406,Sotik,Bomet,11,,,,,-0.7813,35.3416
KE,20407,Chemaner,Bomet,11,,,,,-0.8026,35.4851
KE,20409,Boito,Bomet,11,,,,,-0.5957,35.2375
KE,20410,Cheptalal,Bomet,11,,,,,-0.6168,35.3753
KE,20411,Gorgor,Bomet,11,,,,,-0.8991,35.083
KE,20412,Kabason,Bomet,11,,,,,-0.719,35.2911
KE,20413,Kapcherany,Bomet,11,,,,,-0.719,35.2911
KE,20414,Kapkesosio,Bomet,11,,,,,-0.719,35.2911
KE,20415,Kapkoros,Bomet,11,,,,,-0.662,35.3121
KE,20416,Kiplelji,Bomet,11,,,,,-0.7386,35.2512
KE,20417,Koiwa,Bomet,11,,,,,-0.6132,35.3229
KE,20418,Makimeny,Bomet,11,,,,,-0.719,35.2911
KE,20419,Merigi,Bomet,11,,,,,-0.7841,35.4023
KE,20421,Olbutyo,Bomet,11,,,,,-0.8539,35.2725
KE,20422,Silibwet,Bomet,11,,,,,-0.7303,35.3461
KE,20423,Siongiroi,Bomet,11,,,,,-0.8953,35.2113
KE,20424,Amalo (Formerly Oloomirani),Bomet,11,,,,,-0.8265,35.2766
KE,20424,Oloomirani,Bomet,11,,,,,-0.8265,35.2766
KE,20426,Ndaraweta,Bomet,11,,,,,-0.8265,35.2766
KE,30218,Tongaren,Bungoma,12,,,,,0.9437,34.8458
KE,50139,Masinde Muliro University,Bungoma,12,,,,,0.3562,34.6952
KE,50200,Bungoma,Bungoma,12,,,,,0.5635,34.5606
KE,50201,Cheptais,Bungoma,12,,,,,0.7139,34.6268
KE,50202,Chwele,Bungoma,12,,,,,0.7624,34.5485
KE,50203,Kapsokwony,Bungoma,12,,,,,0.8522,34.7019
KE,50204,Kimilili,Bungoma,12,,,,,0.7877,34.7156
KE,50205,Webuye,Bungoma,12,,,,,0.6004,34.7712
KE,50206,Bokoli,Bungoma,12,,,,,0.7101,34.6626
KE,50207,Misikhu,Bungoma,12,,,,,0.7166,34.756
KE,50208,Sirisia,Bungoma,12,,,,,0.7547,34.5035
KE,50209,Malakisi,Bungoma,12,,,,,0.6769,34.4217
KE,50210,Buyofu,Bungoma,12,,,,,0.5577,34.6367
KE,50211,Naitiri,Bungoma,12,,,,,0.5577,34.6367
KE,50212,Ndalu,Bungoma,12,,,,,0.5577,34.6367
KE,50213,Dorofu,Bungoma,12,,,,,0.5577,34.6367
KE,50214,Kabula,Bungoma,12,,,,,0.4541,34.5192
KE,50216,Kamukuywa,Bungoma,12,,,,,0.5577,34.6367
KE,50218,Lugulu,Bungoma,12,,,,,0.6613,34.7543
KE,50220,Lwakhakha,Bungoma,12,,,,,0.5653,34.3902
KE,50225,Mukhe,Bungoma,12,,,,,0.5653,34.3902
KE,50226,Myanga,Bungoma,12,,,,,0.5653,34.3902
KE,50230,Lukusi,Bungoma,12,,,,,0.6559,34.8149
KE,50233,Bukembe,Bungoma,12,,,,,0.612,34.6561
KE,50234,Kaptama,Bungoma,12,,,,,0.8868,34.7686
KE,50235,Mabusi,Bungoma,12,,,,,0.7183,34.7465
KE,50236,Mbakalo,Bungoma,12,,,,,0.7183,34.7465
KE,50245,Brigadier,Bungoma,12,,,,,0.6152,34.7134
KE,50429,Elugulu,Bungoma,12,,,,,0.4152,34.2428
KE,50244,Amagoro,Busia,13,,,,,0.6316,34.3277
KE,50400,Busia,Busia,13,,,,,0.46,34.1117
KE,50401,Sio Port,Busia,13,,,,,0.2252,34.0221
KE,50403,Amukura,Busia,13,,,,,0.5663,34.2731
KE,50404,Bumala,Busia,13,,,,,0.3043,34.2015
KE,50405,Butula,Busia,13,,,,,0.338,34.3355
KE,50406,Funyula,Busia,13,,,,,0.2788,34.1187
KE,50408,Kamuriai,Busia,13,,,,,0.3758,34.188
KE,50409,Nambale,Busia,13,,,,,0.4581,34.2535
KE,50410,Port Victoria,Busia,13,,,,,0.0981,33.9725
KE,50411,Bar Ober,Busia,13,,,,,0.2289,34.1536
KE,50412,Angurai,Busia,13,,,,,0.2289,34.1536
KE,50413,Adungosi,Busia,13,,,,,0.2289,34.1536
KE,50416,Buhuyi,Busia,13,,,,,0.3608,34.4006
KE,50417,Bukiri,Busia,13,,,,,0.2279,34.0877
KE,50418,Bumutiru,Busia,13,,,,,0.2289,34.1536
KE,50421,Lukolis,Busia,13,,,,,0.4152,34.2428
KE,50422,Matayos,Busia,13,,,,,0.3596,34.1701
KE,50423,Mubwayo,Busia,13,,,,,0.4152,34.2428
KE,50425,Mungatsi,Busia,13,,,,,0.4708,34.3155
KE,50426,Murumba,Busia,13,,,,,0.4152,34.2428
KE,30705,Kipsaiya,Elegeyo-Marakwet,14,,,,,0.8943,35.5745
KE,30705,Kapsumai,Elegeyo-Marakwet,14,,,,,0.8943,35.5745
KE,30705,Kobuswa,Elegeyo-Marakwet,14,,,,,0.8943,35.5745
KE,30705,Sangurur,Elegeyo-Marakwet,14,,,,,0.8943,35.5745
KE,30705,Sisiya,Elegeyo-Marakwet,14,,,,,0.8943,35.5745
KE,01031,Kindaruma,Embu,15,,,,,-0.924,36.9372
KE,60100,Embu,Embu,15,,,,,-0.5399,37.4574
KE,60101,Manyatta,Embu,15,,,,,-0.5349,37.6029
KE,60102,Ishiara,Embu,15,,,,,-0.453,37.7888
KE,60103,Runyenjes,Embu,15,,,,,-0.423,37.5704
KE,60104,Siakago,Embu,15,,,,,-0.5773,37.64
KE,60105,Karaba,Embu,15,,,,,-0.75,37.4167
KE,60106,Kanyuambora,Embu,15,,,,,-0.4645,37.7206
KE,60107,Karingari,Embu,15,,,,,-0.4713,37.5063
KE,60108,Kevote,Embu,15,,,,,-0.4402,37.5317
KE,60109,Kiambere,Embu,15,,,,,-0.6952,37.7945
KE,60112,Kibugu,Embu,15,,,,,-0.4446,37.435
KE,60113,Kiritiri,Embu,15,,,,,-0.6877,37.648
KE,60114,Kithimu,Embu,15,,,,,-0.5212,37.5572
KE,60115,Nganduri,Embu,15,,,,,-0.5212,37.5572
KE,60117,Karurumo,Embu,15,,,,,-0.469,37.6524
KE,60118,Kanja,Embu,15,,,,,-0.3822,37.5159
KE,60119,Gachoka,Embu,15,,,,,-0.6223,37.5347
KE,60121,Wachoro,Embu,15,,,,,-0.4774,37.4415
KE,60122,Kianjokoma,Embu,15,,,,,-0.3997,37.5031
KE,60125,Kubu Kubu,Embu,15,,,,,-0.4774,37.4415
KE,90141,Masinga,Embu,15,,,,,-1.8179,37.5371
KE,90209,Kyeni,Embu,15,,,,,-0.4122,37.5856
KE,70100,Garissa,Garissa,16,,,,,-0.4528,39.646
KE,70102,Modo Gashe,Garissa,16,,,,,-0.6276,39.996
KE,70103,Dadaab,Garissa,16,,,,,0.0524,40.3086
KE,70104,Bura Tana,Garissa,16,,,,,-0.6276,39.996
KE,70105,Masalani,Garissa,16,,,,,-0.6276,39.996
KE,40222,Oyugis,Homa Bay,17,,,,,-0.5097,34.7307
KE,40223,Kadongo,Homa Bay,17,,,,,-0.4465,34.8912
KE,40227,Oriang,Homa Bay,17,,,,,-0.4457,34.9296
KE,40300,Homa Bay,Homa Bay,17,,,,,-0.5273,34.4571
KE,40301,Kendu Bay,Homa Bay,17,,,,,-0.3618,34.6527
KE,40302,Ndhiwa,Homa Bay,17,,,,,-0.7315,34.3679
KE,40303,Rangwe,Homa Bay,17,,,,,-0.6003,34.5835
KE,40304,Kandiege,Homa Bay,17,,,,,-0.4299,34.5534
KE,40305,Mbita,Homa Bay,17,,,,,-0.4249,34.2074
KE,40306,Ombonga,Homa Bay,17,,,,,-0.5018,34.5099
KE,40307,Magunga,Homa Bay,17,,,,,-0.2795,34.9828
KE,40308,Sindo,Homa Bay,17,,,,,-0.5406,34.1689
KE,40309,Asumbi,Homa Bay,17,,,,,-0.6202,34.6155
KE,40310,Mawego,Homa Bay,17,,,,,-0.3957,34.7707
KE,40311,Nyangweso,Homa Bay,17,,,,,-0.479,34.5457
KE,40317,Kojwang,Homa Bay,17,,,,,-0.4374,34.6582
KE,40319,Mfangano,Homa Bay,17,,,,,-0.4374,34.6582
KE,40320,Mirogi,Homa Bay,17,,,,,-0.6995,34.3858
KE,40323,Ogongo,Homa Bay,17,,,,,-0.4953,34.7272
KE,40326,Rodi Kopany,Homa Bay,17,,,,,-0.4953,34.7272
KE,40328,Awach Tende,Homa Bay,17,,,,,-0.4848,34.6202
KE,40329,Pala,Homa Bay,17,,,,,-0.4337,34.9837
KE,40329,Rusinga,Homa Bay,17,,,,,-0.4337,34.9837
KE,40332,Kosele,Homa Bay,17,,,,,-0.4291,34.6907
KE,40333,Nyandhiwa,Homa Bay,17,,,,,-0.7227,34.0591
KE,40334,Oyani-Masi,Homa Bay,17,,,,,-0.5129,34.4175
KE,40335,Asego,Homa Bay,17,,,,,-0.5129,34.4175
KE,60300,Isiolo,Isiolo,18,,,,,0.3546,37.5822
KE,60301,Garba Tulla,Isiolo,18,,,,,0.7109,38.1242
KE,60302,Archers Post,Isiolo,18,,,,,0.7109,38.1242
KE,60303,Merti,Isiolo,18,,,,,1.0672,38.6662
KE,00205,Magadi,Kajiado,19,,,,,-1.9012,36.287
KE,00206,Kiserian,Kajiado,19,,,,,-1.4275,36.6865
KE,00207,Namanga,Kajiado,19,,,,,-1.595,36.6506
KE,00208,Ngong Hills,Kajiado,19,,,,,-1.595,36.6506
KE,00209,Loitokitok,Kajiado,19,,,,,-1.595,36.6506
KE,00210,Thigio,Kajiado,19,,,,,-1.19,36.7645
KE,00213,Oltepesi,Kajiado,19,,,,,-1.19,36.7645
KE,00214,Ilasit,Kajiado,19,,,,,-1.19,36.7645
KE,00215,Kimana,Kajiado,19,,,,,-1.19,36.7645
KE,00241,Kitengela,Kajiado,19,,,,,-1.4761,36.9614
KE,00511,Ongata Rongai,Kajiado,19,,,,,-1.3953,36.764
KE,01100,Kajiado,Kajiado,19,,,,,-1.8524,36.7768
KE,01101,Bissel,Kajiado,19,,,,,-2.098,36.7941
KE,01103,Mashuru,Kajiado,19,,,,,-2.1043,37.1294
KE,01105,Kajiado West,Kajiado,19,,,,,-2.0182,36.9001
KE,20143,Sabatia,Kakamega,20,,,,,-0.4644,36.183
KE,40621,Dudi,Kakamega,20,,,,,0.1148,34.4874
KE,50100,Kakamega,Kakamega,20,,,,,0.2842,34.7523
KE,50101,Butere,Kakamega,20,,,,,0.2069,34.4901
KE,50102,Mumias,Kakamega,20,,,,,0.3347,34.488
KE,50103,Malava,Kakamega,20,,,,,0.4471,34.8539
KE,50104,Khayega,Kakamega,20,,,,,0.2089,34.7708
KE,50105,Bukura,Kakamega,20,,,,,0.2212,34.6227
KE,50106,Shianda,Kakamega,20,,,,,0.3194,34.5735
KE,50107,Shinyalu,Kakamega,20,,,,,0.224,34.8081
KE,50108,Lugari,Kakamega,20,,,,,0.65,34.85
KE,50109,Bulimbo,Kakamega,20,,,,,0.4367,34.5137
KE,50111,Ileho,Kakamega,20,,,,,0.2509,34.9426
KE,50112,Imanga,Kakamega,20,,,,,0.3025,34.7234
KE,50114,Isulu,Kakamega,20,,,,,0.197,34.6968
KE,50115,Kakunga,Kakamega,20,,,,,0.3025,34.7234
KE,50116,Kambiri,Kakamega,20,,,,,0.373,34.9107
KE,50117,Koyonzo,Kakamega,20,,,,,0.4216,34.4246
KE,50118,Lubao,Kakamega,20,,,,,0.3344,34.8131
KE,50119,Lunza,Kakamega,20,,,,,0.238,34.5525
KE,50121,Lutasa,Kakamega,20,,,,,0.3598,34.6241
KE,50122,Malaha,Kakamega,20,,,,,0.362,34.6231
KE,50123,Malinya,Kakamega,20,,,,,0.3598,34.6241
KE,50124,Mautuma,Kakamega,20,,,,,0.3598,34.6241
KE,50125,Musanda,Kakamega,20,,,,,0.2194,34.4439
KE,50126,Manyulia,Kakamega,20,,,,,0.3598,34.6241
KE,50127,Nambacha,Kakamega,20,,,,,0.395,34.667
KE,50128,Samitsi,Kakamega,20,,,,,0.4626,34.7625
KE,50132,Lukume,Kakamega,20,,,,,0.3899,34.7568
KE,50133,Makunga,Kakamega,20,,,,,0.3013,34.6235
KE,50135,Khwisero,Kakamega,20,,,,,0.1712,34.5947
KE,50136,Matete,Kakamega,20,,,,,0.5626,34.8057
KE,50137,Booker,Kakamega,20,,,,,0.3562,34.6952
KE,50138,Milimani,Kakamega,20,,,,,0.3562,34.6952
KE,50239,Nangili,Kakamega,20,,,,,0.7183,34.7465
KE,50240,Luandeti,Kakamega,20,,,,,0.6065,34.8473
KE,50241,Kipkarren River,Kakamega,20,,,,,0.6074,34.9651
KE,50242,Lumakanda,Kakamega,20,,,,,0.6152,34.7134
KE,50316,Banja,Kakamega,20,,,,,0.0571,34.7154
KE,50319,Jebrok,Kakamega,20,,,,,0.0571,34.7154
KE,50320,Lusiola,Kakamega,20,,,,,0.0821,34.7362
KE,50321,Magada,Kakamega,20,,,,,0.0821,34.7362
KE,50322,Mahanga,Kakamega,20,,,,,0.0821,34.7362
KE,50324,Masana,Kakamega,20,,,,,0.0821,34.7362
KE,50325,Mago,Kakamega,20,,,,,0.0821,34.7362
KE,20200,Kericho,Kericho,21,,,,,-0.3677,35.2831
KE,20201,Kabianga,Kericho,21,,,,,-0.444,35.1366
KE,20202,Kipkelion,Kericho,21,,,,,-0.1998,35.4674
KE,20203,Londiani,Kericho,21,,,,,-0.1655,35.5936
KE,20204,Roret,Kericho,21,,,,,-0.505,35.0995
KE,20205,Sosiot,Kericho,21,,,,,-0.3629,35.1718
KE,20206,Kapkugerwet,Kericho,21,,,,,-0.3319,35.2904
KE,20207,Kapsuser,Kericho,21,,,,,-0.4055,35.2277
KE,20208,Kiptugumo,Kericho,21,,,,,-0.3319,35.2904
KE,20209,Fort Ternan,Kericho,21,,,,,-0.2047,35.3431
KE,20210,Litein,Kericho,21,,,,,-0.5825,35.1897
KE,20211,Kapsoit,Kericho,21,,,,,-0.3198,35.2185
KE,20212,Sigowet,Kericho,21,,,,,-0.4776,35.1564
KE,20213,Kiptere,Kericho,21,,,,,-0.3788,35.1293
KE,20214,Kapkatet,Kericho,21,,,,,-0.6297,35.1944
KE,20215,Cheborge,Kericho,21,,,,,-0.5789,35.1442
KE,20216,Chepkemel,Kericho,21,,,,,-0.3758,35.0621
KE,20217,Chesinendet,Kericho,21,,,,,-0.4776,35.1564
KE,20218,Kamaget,Kericho,21,,,,,-0.4776,35.1564
KE,20219,Kapkelek,Kericho,21,,,,,-0.4776,35.1564
KE,20220,Kedowa,Kericho,21,,,,,-0.2207,35.5567
KE,20222,Chemamul,Kericho,21,,,,,-0.4217,35.1046
KE,20223,Sorget,Kericho,21,,,,,-0.0436,35.5343
KE,20225,Kimulot,Kericho,21,,,,,-0.3157,35.377
KE,20226,Huduma Kericho,Kericho,21,,,,,-0.3157,35.377
KE,20403,Mogogosiek,Kericho,21,,,,,-0.8182,35.2981
KE,00216,Githunguri,Kiambu,22,,,,,-1.3,36.9905
KE,00217,Limuru,Kiambu,22,,,,,-1.1136,36.6421
KE,00218,Ngecha,Kiambu,22,,,,,-1.17,36.6689
KE,00219,Karuri,Kiambu,22,,,,,-1.1764,36.7564
KE,00220,Kijabe,Kiambu,22,,,,,-1.0563,36.6579
KE,00221,Matathia,Kiambu,22,,,,,-1.0563,36.6579
KE,00222,Uplands,Kiambu,22,,,,,-1.0404,36.6392
KE,00223,Kagwe,Kiambu,22,,,,,-1.0038,36.7447
KE,00227,Kinari,Kiambu,22,,,,,-0.9042,36.6356
KE,00228,Muguga,Kiambu,22,,,,,-1.1889,36.6688
KE,00229,Nderu,Kiambu,22,,,,,-1.144,36.6013
KE,00230,Ndenderu,Kiambu,22,,,,,-1.1938,36.7463
KE,00232,Ruiru,Kiambu,22,,,,,-1.1467,36.9609
KE,00239,Gathiru-Ini,Kiambu,22,,,,,-1.1702,36.8536
KE,00240,Gathugu / Gathungu,Kiambu,22,,,,,-1.4761,36.9614
KE,00607,Kamiti,Kiambu,22,,,,,-1.2555,36.7951
KE,00609,Kenyatta University,Kiambu,22,,,,,-1.2555,36.7951
KE,00614,Wangige,Kiambu,22,,,,,-1.2608,36.8338
KE,00626,Githurai,Kiambu,22,,,,,-1.2638,36.7707
KE,00900,Kiambu,Kiambu,22,,,,,-1.1714,36.8356
KE,00901,Ngewa,Kiambu,22,,,,,-1.092,36.8659
KE,00902,Kikuyu,Kiambu,22,,,,,-1.2463,36.6629
KE,00904,Ikinu,Kiambu,22,,,,,-1.108,36.7916
KE,00906,Kerwa,Kiambu,22,,,,,-1.1544,36.789
KE,01000,Thika,Kiambu,22,,,,,-0.989,36.9177
KE,01001,Kalimoni,Kiambu,22,,,,,-1.1169,37.0198
KE,01002,Madaraka,Kiambu,22,,,,,-0.989,36.9177
KE,01003,Gituamba,Kiambu,22,,,,,-0.9,36.85
KE,01004,Kanjuku,Kiambu,22,,,,,-0.95,36.8833
KE,01010,Wamwangi,Kiambu,22,,,,,-1.0039,36.9197
KE,01011,Kanyoni,Kiambu,22,,,,,-0.927,36.8614
KE,01013,Gatura,Kiambu,22,,,,,-0.9784,37.02
KE,01015,Ithanga,Kiambu,22,,,,,-0.9784,37.02
KE,01016,Ndithini,Kiambu,22,,,,,-0.9784,37.02
KE,01018,Kirwara,Kiambu,22,,,,,-0.9784,37.02
KE,01028,Gatukuyu,Kiambu,22,,,,,-0.9841,36.9652
KE,01030,Gatundu,Kiambu,22,,,,,-1.05,36.9
KE,80105,Kaloleni,Kilifi,23,,,,,-3.8141,39.6314
KE,80108,Kilifi,Kilifi,23,,,,,-3.6305,39.8499
KE,80109,Mtwapa,Kilifi,23,,,,,-3.9394,39.7488
KE,80113,Mariakani,Kilifi,23,,,,,-3.8626,39.4746
KE,80114,Mazeras,Kilifi,23,,,,,-3.9204,39.6497
KE,80119,Vipingo,Kilifi,23,,,,,-3.8147,39.8128
KE,80200,Malindi,Kilifi,23,,,,,-3.218,40.1169
KE,80202,Watamu,Kilifi,23,,,,,-3.3533,40.0209
KE,80205,Ganze,Kilifi,23,,,,,-3.5439,39.6928
KE,80206,Gongoni,Kilifi,23,,,,,-3.0367,40.1375
KE,80207,Madina,Kilifi,23,,,,,-3.0419,40.0154
KE,80208,Gede,Kilifi,23,,,,,-3.305,40.0121
KE,80209,Kakoneni,Kilifi,23,,,,,-3.1699,39.8627
KE,80210,Bamba,Kilifi,23,,,,,-3.541,39.5227
KE,80211,Vitengeni,Kilifi,23,,,,,-3.3638,39.7103
KE,80212,Ngomeni,Kilifi,23,,,,,-2.9983,40.1881
KE,80213,Mambrui,Kilifi,23,,,,,-3.1208,40.16
KE,10230,Sagana,Kirinyaga,24,,,,,-0.6681,37.2088
KE,10300,Kerugoya,Kirinyaga,24,,,,,-0.4989,37.2803
KE,10301,Kirinyaga,Kirinyaga,24,,,,,-0.5534,37.2991
KE,10302,Baricho,Kirinyaga,24,,,,,-0.5503,37.2463
KE,10303,Wanguru,Kirinyaga,24,,,,,-0.6839,37.357
KE,10304,Kutus,Kirinyaga,24,,,,,-0.5753,37.3269
KE,10306,Kagio,Kirinyaga,24,,,,,-0.6248,37.2555
KE,10307,Kagumo,Kirinyaga,24,,,,,-0.4733,37.2374
KE,10309,Kiamutugu,Kirinyaga,24,,,,,-0.4672,37.3905
KE,10310,Kimbimbi,Kirinyaga,24,,,,,-0.6223,37.3648
KE,10311,Huduma Kerugoya,Kirinyaga,24,,,,,-0.5266,37.3375
KE,10312,Kimunye,Kirinyaga,24,,,,,-0.4309,37.3101
KE,60120,Mururi,Kirinyaga,24,,,,,-0.555,37.38
KE,40200,Kisii,Kisii,25,,,,,-0.6817,34.7667
KE,40201,Gesusu,Kisii,25,,,,,-0.8704,34.9055
KE,40202,Keroka,Kisii,25,,,,,-0.7983,34.7554
KE,40203,Nyamache,Kisii,25,,,,,-0.8551,34.8285
KE,40204,Ogembo,Kisii,25,,,,,-0.8012,34.7258
KE,40205,Nyambunwa,Kisii,25,,,,,-0.6778,34.7072
KE,40206,Nyamarambe,Kisii,25,,,,,-0.7934,34.6436
KE,40208,Etago,Kisii,25,,,,,-0.9016,34.6613
KE,40209,Igare,Kisii,25,,,,,-0.8051,34.8049
KE,40210,Itumbe,Kisii,25,,,,,-0.7565,34.7764
KE,40211,Kenyenya,Kisii,25,,,,,-0.8875,34.732
KE,40212,Keumbu,Kisii,25,,,,,-0.735,34.8404
KE,40213,Kiamokama,Kisii,25,,,,,-0.8288,34.8832
KE,40214,Marani,Kisii,25,,,,,-0.5812,34.8004
KE,40215,Masimba,Kisii,25,,,,,-0.8608,34.9401
KE,40218,Nyangusu,Kisii,25,,,,,-0.9326,34.8442
KE,40220,Riosiri,Kisii,25,,,,,-0.7731,34.6365
KE,40229,Tabaka,Kisii,25,,,,,-0.7474,34.6668
KE,40514,Nyaramba,Kisii,25,,,,,-0.6428,34.8814
KE,40515,Kegogi,Kisii,25,,,,,-0.5483,34.8448
KE,40516,Magena,Kisii,25,,,,,-0.6428,34.8814
KE,10311,Kibigoti,Kisumu,26,,,,,-0.5266,37.3375
KE,40100,Kisumu,Kisumu,26,,,,,-0.1022,34.7617
KE,40101,Ahero,Kisumu,26,,,,,-0.1736,34.9189
KE,40102,Kombewa,Kisumu,26,,,,,-0.1034,34.5179
KE,40103,Kondele,Kisumu,26,,,,,-0.112,34.8912
KE,40104,Koru,Kisumu,26,,,,,-0.1811,35.2656
KE,40105,Maseno,Kisumu,26,,,,,-0.0066,34.6
KE,40106,Miwani,Kisumu,26,,,,,-0.0591,34.9779
KE,40107,Muhoroni,Kisumu,26,,,,,-0.1582,35.1965
KE,40108,Otonglo,Kisumu,26,,,,,-0.112,34.8912
KE,40109,Sondu,Kisumu,26,,,,,-0.112,34.8912
KE,40110,Songhor,Kisumu,26,,,,,-0.055,35.2117
KE,40111,Pap-Onditi,Kisumu,26,,,,,-0.1272,35.0855
KE,40112,Dago,Kisumu,26,,,,,-0.1272,35.0855
KE,40113,Pembe Tatu,Kisumu,26,,,,,-0.1272,35.0855
KE,40116,Chemelil,Kisumu,26,,,,,-0.1072,35.1103
KE,40117,Daraja Mbili,Kisumu,26,,,,,-0.1272,35.0855
KE,40118,Katito,Kisumu,26,,,,,-0.2693,34.972
KE,40119,Kibigori,Kisumu,26,,,,,-0.0773,35.0482
KE,40121,Kondik,Kisumu,26,,,,,-0.059,34.5205
KE,40122,Awasi,Kisumu,26,,,,,-0.1677,35.0824
KE,40123,Mega City,Kisumu,26,,,,,-0.2038,34.8578
KE,40124,Nyabondo,Kisumu,26,,,,,-0.3818,34.9794
KE,40126,Nyangande,Kisumu,26,,,,,-0.2067,34.849
KE,40127,Nyangori,Kisumu,26,,,,,-0.2038,34.8578
KE,40129,Oboch,Kisumu,26,,,,,-0.2038,34.8578
KE,40131,Paw Akuche,Kisumu,26,,,,,-0.1626,34.6685
KE,40132,Rabuor,Kisumu,26,,,,,-0.1499,34.8258
KE,40133,Reru,Kisumu,26,,,,,-0.1021,34.4548
KE,40135,Sigoti,Kisumu,26,,,,,-0.3387,34.9667
KE,40137,Ratta,Kisumu,26,,,,,-0.1626,34.6685
KE,40141,Winam (Kisumu Gpo Extn.),Kisumu,26,,,,,-0.0235,34.793
KE,40325,Rakwaro,Kisumu,26,,,,,-0.363,34.9191
KE,90200,Kitui,Kitui,27,,,,,-1.367,38.0106
KE,90202,Ndooa,Kitui,27,,,,,-1.2259,38.1897
KE,90203,Tulia,Kitui,27,,,,,-1.1858,37.9777
KE,90204,Kisasi,Kitui,27,,,,,-1.5282,38.0234
KE,90205,Kabati,Kitui,27,,,,,-1.234,37.9157
KE,90206,Endau,Kitui,27,,,,,-1.313,38.5187
KE,90210,Matinyani,Kitui,27,,,,,-1.3085,37.9917
KE,90211,Mutha,Kitui,27,,,,,-1.7965,38.427
KE,90212,Voo,Kitui,27,,,,,-1.6674,38.3243
KE,90213,Zombe,Kitui,27,,,,,-1.4507,38.2349
KE,90214,Mbitini,Kitui,27,,,,,-1.5927,38.1173
KE,90215,Kwavonza,Kitui,27,,,,,-1.4884,38.1367
KE,90217,Katutu,Kitui,27,,,,,-1.1844,37.8193
KE,90218,Kiusyani,Kitui,27,,,,,-1.4884,38.1367
KE,90219,Chuluni,Kitui,27,,,,,-1.4186,38.0422
KE,90403,Kamuwongo,Kitui,27,,,,,-0.7106,38.0785
KE,90404,Katse,Kitui,27,,,,,-0.5076,38.0818
KE,90408,Nuu,Kitui,27,,,,,-1.0562,38.3611
KE,80120,Samburu,Kwale,28,,,,,-3.7947,39.2637
KE,80400,Ukunda,Kwale,28,,,,,-4.2929,39.564
KE,80401,Diani Beach,Kwale,28,,,,,-4.2777,39.5941
KE,80402,Lunga Lunga,Kwale,28,,,,,-4.5528,39.1236
KE,80403,Kwale,Kwale,28,,,,,-4.1737,39.4521
KE,80404,Msambweni,Kwale,28,,,,,-4.4619,39.4826
KE,80405,Kinango,Kwale,28,,,,,-4.1372,39.3153
KE,80406,Matuga,Kwale,28,,,,,-4.168,39.5707
KE,80407,Shimba Hills,Kwale,28,,,,,-4.3627,39.4155
KE,80409,Shimoni,Kwale,28,,,,,-4.6476,39.3817
KE,80410,Kikoneni,Kwale,28,,,,,-4.4477,39.31
KE,10105,Naro Moru,Laikipia,29,,,,,-0.4334,36.9641
KE,10400,Nanyuki,Laikipia,29,,,,,0.0062,37.074
KE,10401,Doldol,Laikipia,29,,,,,0.0062,37.074
KE,10406,Timau,Laikipia,29,,,,,0.0062,37.074
KE,10407,Huduma Nanyuki,Laikipia,29,,,,,0.0062,37.074
KE,20300,Nyahururu,Laikipia,29,,,,,0.0381,36.3634
KE,20312,Mochogoini,Laikipia,29,,,,,-0.3146,36.4915
KE,20314,Mairo Inya,Laikipia,29,,,,,-0.3146,36.4915
KE,20320,Kinamba,Laikipia,29,,,,,0.1206,36.4781
KE,20321,Rumuruti,Laikipia,29,,,,,0.2725,36.5381
KE,20322,Marmanet,Laikipia,29,,,,,0.1667,36.3167
KE,20323,Muhotetu,Laikipia,29,,,,,0.1206,36.4781
KE,20324,Ngelesha,Laikipia,29,,,,,0.1206,36.4781
KE,20326,Sipili,Laikipia,29,,,,,0.1206,36.4781
KE,20328,Karandi,Laikipia,29,,,,,0.1206,36.4781
KE,20329,Wiyumiririe,Laikipia,29,,,,,-0.0773,36.5796
KE,20330,Laikipia Campus,Laikipia,29,,,,,-0.1465,36.461
KE,80500,Lamu,Lamu,30,,,,,-2.2717,40.902
KE,80501,Faza,Lamu,30,,,,,-2.056,41.1118
KE,80502,Mokowe,Lamu,30,,,,,-2.2368,40.8455
KE,80503,Mpeketoni,Lamu,30,,,,,-2.3891,40.6981
KE,80504,Witu,Lamu,30,,,,,-2.3889,40.4383
KE,00204,Athi River,Machakos,31,,,,,-1.4563,36.9783
KE,00519,Mlolongo,Machakos,31,,,,,-1.3964,36.9403
KE,90100,Machakos,Machakos,31,,,,,-1.5223,37.2652
KE,90101,Masii,Machakos,31,,,,,-1.4613,37.4385
KE,90104,Mitaboni,Machakos,31,,,,,-1.3759,37.2507
KE,90105,Kathiani,Machakos,31,,,,,-1.4664,37.3203
KE,90106,Katangi,Machakos,31,,,,,-1.2593,37.3104
KE,90107,Kaviani,Machakos,31,,,,,-1.4727,37.3095
KE,90109,Lita,Machakos,31,,,,,-1.4664,37.3203
KE,90111,Kivunga,Machakos,31,,,,,-1.2997,37.4393
KE,90114,Muumandu,Machakos,31,,,,,-1.6615,37.2845
KE,90117,Mutituni,Machakos,31,,,,,-1.2997,37.4393
KE,90118,Ndalani,Machakos,31,,,,,-1.0922,37.4865
KE,90119,Matuu,Machakos,31,,,,,-1.1454,37.5467
KE,90120,Iiani,Machakos,31,,,,,-1.7509,37.5217
KE,90139,Ekalakala,Machakos,31,,,,,-1.5538,37.4607
KE,90145,Daystar,Machakos,31,,,,,-1.8179,37.5371
KE,90147,Chumvi,Machakos,31,,,,,-1.8179,37.5371
KE,90150,Kaewa,Machakos,31,,,,,-1.4481,37.3056
KE,90108,Kola,Makueni,32,,,,,-1.7066,37.3477
KE,90112,Miu,Makueni,32,,,,,-1.2997,37.4393
KE,90122,Kalamba,Makueni,32,,,,,-1.8683,37.5122
KE,90123,Kasikeu,Makueni,32,,,,,-1.9481,37.385
KE,90124,Kithimani,Makueni,32,,,,,-1.7509,37.5217
KE,90125,Kikima,Makueni,32,,,,,-1.6621,37.4469
KE,90126,Kalawa,Makueni,32,,,,,-1.654,37.7024
KE,90127,Mbumbuni,Makueni,32,,,,,-1.6223,37.5618
KE,90133,Tawa,Makueni,32,,,,,-1.5538,37.4607
KE,90135,Ikalaasa,Makueni,32,,,,,-1.5538,37.4607
KE,90143,Nziu,Makueni,32,,,,,-1.8179,37.5371
KE,90300,Makueni,Makueni,32,,,,,-1.8039,37.624
KE,90301,Okia,Makueni,32,,,,,-1.7706,37.5127
KE,90302,Kathonzweni,Makueni,32,,,,,-1.9137,37.7319
KE,90303,Kitise,Makueni,32,,,,,-2.0488,37.8756
KE,90304,Mavindini,Makueni,32,,,,,-1.8615,37.6597
KE,90305,Kilala,Makueni,32,,,,,-1.7706,37.5543
KE,70300,Mandera,Mandera,33,,,,,3.9373,41.8569
KE,70301,Elwak,Mandera,33,,,,,3.9373,41.8569
KE,60500,Marsabit,Marsabit,34,,,,,2.3347,37.9909
KE,60501,Loiyangalani,Marsabit,34,,,,,2.7444,36.7146
KE,60502,Laisamis,Marsabit,34,,,,,1.5932,37.8059
KE,60700,Moyale,Marsabit,34,,,,,3.5266,39.0561
KE,60701,Sololo,Marsabit,34,,,,,3.5266,39.0561
KE,00903,Githiga,Meru,35,,,,,-1.1544,36.789
KE,01017,Kiriua,Meru,35,,,,,-0.9784,37.02
KE,60201,Kibirichia,Meru,35,,,,,-0.0037,37.5921
KE,60205,Githongo,Meru,35,,,,,-0.0037,37.5921
KE,01102,Isinya,Migori,36,,,,,-2.0182,36.9001
KE,40224,Othoro,Migori,36,,,,,-0.6463,34.7278
KE,40228,Uriri,Migori,36,,,,,-0.9554,34.5119
KE,40331,Dede,Migori,36,,,,,-0.8169,34.5326
KE,40400,Suna,Migori,36,,,,,-1.0964,34.4542
KE,40401,Karungu,Migori,36,,,,,-0.8431,34.1566
KE,40402,Nyatike,Migori,36,,,,,-0.936,34.4175
KE,40403,Rapogi,Migori,36,,,,,-0.9081,34.473
KE,40404,Rongo,Migori,36,,,,,-0.7568,34.5983
KE,40405,Sare,Migori,36,,,,,-0.91,34.5325
KE,40407,Giribe,Migori,36,,,,,-1.1017,34.2902
KE,40409,Muhuru Bay,Migori,36,,,,,-0.936,34.4175
KE,40410,Mukuro,Migori,36,,,,,-1.0372,34.3653
KE,40412,Ranen,Migori,36,,,,,-0.8615,34.5665
KE,40413,Kehancha,Migori,36,,,,,-1.1935,34.6197
KE,40414,Isibania,Migori,36,,,,,-1.2394,34.4792
KE,40415,Ikerege,Migori,36,,,,,-1.1978,34.5574
KE,40416,Kegonga,Migori,36,,,,,-1.262,34.6535
KE,40417,Ntimaru,Migori,36,,,,,-1.3406,34.6878
KE,40418,Suba-Kuria,Migori,36,,,,,-1.1662,34.4452
KE,40419,Migori,Migori,36,,,,,-1.0634,34.4731
KE,80100,Mombasa,Mombasa,37,,,,,-4.0547,39.6636
KE,80101,Bamburi,Mombasa,37,,,,,-4,39.7167
KE,80102,Changamwe,Mombasa,37,,,,,-4.0166,39.6289
KE,80103,Coast Gen. Hospital,Mombasa,37,,,,,-3.9307,39.6985
KE,80104,Docks,Mombasa,37,,,,,-3.9307,39.6985
KE,80106,Mkomani,Mombasa,37,,,,,-3.9307,39.6985
KE,80107,Kilindini,Mombasa,37,,,,,-4.0597,39.6503
KE,80110,Likoni,Mombasa,37,,,,,-4.0839,39.6616
KE,80111,Mtongwe,Mombasa,37,,,,,-3.9204,39.6497
KE,80112,Makupa,Mombasa,37,,,,,-3.9204,39.6497
KE,80115,Moi Airport,Mombasa,37,,,,,-3.9204,39.6497
KE,80117,Mtopanga,Mombasa,37,,,,,-3.9204,39.6497
KE,80118,Nyali,Mombasa,37,,,,,-3.9204,39.6497
KE,80122,Kengeleni,Mombasa,37,,,,,-4.0397,39.6804
KE,80123,Kanamai,Mombasa,37,,,,,-3.9172,39.472
KE,01014,Kakuzi,Murang'A,38,,,,,-1.0045,37.2788
KE,01020,Kenol,Murang'A,38,,,,,-0.9373,37.1228
KE,01023,Mukerenju,Murang'A,38,,,,,-0.9509,37.05
KE,01024,Muruka,Murang'A,38,,,,,-0.9313,37.062
KE,01032,Githumu,Murang'A,38,,,,,-0.8248,36.9089
KE,01033,Kagundu-Ini,Murang'A,38,,,,,-0.924,36.9372
KE,01034,Kandara,Murang'A,38,,,,,-0.8971,37.0028
KE,10200,Muranga,Murang'A,38,,,,,-0.721,37.1526
KE,10201,Kahuro,Murang'A,38,,,,,-0.7482,37.0083
KE,10202,Kangema,Murang'A,38,,,,,-0.6855,36.9646
KE,10203,Kigumo,Murang'A,38,,,,,-0.8021,36.9253
KE,10204,Kiriaini,Murang'A,38,,,,,-0.8792,36.8874
KE,10205,Maragua,Murang'A,38,,,,,-0.796,37.1329
KE,10206,Kahuhia,Murang'A,38,,,,,-0.7094,37.0429
KE,10207,Kihoya,Murang'A,38,,,,,-0.6514,36.904
KE,10208,Saba-Saba,Murang'A,38,,,,,-0.7383,37.0044
KE,10209,Gitugi,Murang'A,38,,,,,-0.6519,37.0212
KE,10210,Gacharage-Ini,Murang'A,38,,,,,-0.7075,36.9655
KE,10212,Gatara,Murang'A,38,,,,,-0.7353,36.8825
KE,10213,Gikoe,Murang'A,38,,,,,-0.637,36.9299
KE,10214,Kahuti,Murang'A,38,,,,,-0.7135,36.9657
KE,10215,Kairo,Murang'A,38,,,,,-0.6093,36.87
KE,10217,Kamahuha,Murang'A,38,,,,,-0.8422,37.1792
KE,10218,Kangari,Murang'A,38,,,,,-0.7075,36.9655
KE,10220,Kanyenyaini,Murang'A,38,,,,,-0.7043,36.8438
KE,10226,Kambiti,Murang'A,38,,,,,-0.7043,36.8438
KE,10227,Ichichi,Murang'A,38,,,,,-0.7043,36.8438
KE,10231,Kariua,Murang'A,38,,,,,-0.8447,36.9691
KE,10232,Gakungu,Murang'A,38,,,,,-0.7564,37.0889
KE,10233,Mbiri,Murang'A,38,,,,,-0.7564,37.0889
KE,10235,Huduma Muranga,Murang'A,38,,,,,-0.7564,37.0889
KE,10244,Kora,Murang'A,38,,,,,-0.6333,37
KE,00242,Ewaso Kedong,Nakuru,39,,,,,-1.4761,36.9614
KE,20100,Nakuru,Nakuru,39,,,,,-0.3072,36.0722
KE,20101,Bondeni,Nakuru,39,,,,,-0.1683,35.9149
KE,20102,Elburgon,Nakuru,39,,,,,-0.3004,35.8093
KE,20104,Menengai,Nakuru,39,,,,,-0.1683,35.9149
KE,20106,Molo,Nakuru,39,,,,,-0.2485,35.7319
KE,20107,Njoro,Nakuru,39,,,,,-0.3302,35.9444
KE,20108,Rongai,Nakuru,39,,,,,-0.1734,35.8631
KE,20109,Subukia,Nakuru,39,,,,,-0.0164,36.2093
KE,20110,Timber Mills,Nakuru,39,,,,,-0.3729,36.1729
KE,20111,Mau Narok,Nakuru,39,,,,,-0.6066,36.0084
KE,20112,Lanet,Nakuru,39,,,,,-0.3034,36.1372
KE,20113,Bahati,Nakuru,39,,,,,-0.1541,36.1463
KE,20114,Kabazi,Nakuru,39,,,,,-0.078,36.1704
KE,20115,Egerton,Nakuru,39,,,,,-0.3712,35.9331
KE,20116,Gilgil,Nakuru,39,,,,,-0.504,36.3184
KE,20117,Naivasha,Nakuru,39,,,,,-0.7138,36.4326
KE,20118,Dundori,Nakuru,39,,,,,-0.2519,36.2364
KE,20119,Elementaita,Nakuru,39,,,,,-0.3729,36.1729
KE,20120,Kabatini,Nakuru,39,,,,,-0.2163,36.1631
KE,20121,Kampi Ya Moto,Nakuru,39,,,,,-0.1243,35.9396
KE,20122,Mau Summit,Nakuru,39,,,,,-0.1695,35.9972
KE,20123,Milton Siding,Nakuru,39,,,,,-0.1695,35.9972
KE,20124,Mirangine,Nakuru,39,,,,,-0.1695,35.9972
KE,20126,Ngorika,Nakuru,39,,,,,-0.1695,35.9972
KE,20127,Ronda,Nakuru,39,,,,,-0.1695,35.9972
KE,20128,Solai,Nakuru,39,,,,,-0.055,36.1275
KE,20129,Turi,Nakuru,39,,,,,-0.2824,35.7586
KE,20130,Kirobon,Nakuru,39,,,,,-0.4477,35.633
KE,20131,Keringet,Nakuru,39,,,,,-0.4676,35.6819
KE,20131,Kirengeti,Nakuru,39,,,,,-0.4676,35.6819
KE,20132,Kamwaura,Nakuru,39,,,,,-0.4278,35.5842
KE,20133,Kiptangwanyi,Nakuru,39,,,,,-0.4477,35.633
KE,20134,Kamara,Nakuru,39,,,,,-0.4477,35.633
KE,20135,Kirisoi,Nakuru,39,,,,,-0.4477,35.633
KE,20136,Koige,Nakuru,39,,,,,-0.4477,35.633
KE,20142,Naishi,Nakuru,39,,,,,-0.442,36.0434
KE,20146,Longonot,Nakuru,39,,,,,-0.884,36.499
KE,20147,Maai Mahiu,Nakuru,39,,,,,-0.9885,36.5854
KE,20148,Maiella,Nakuru,39,,,,,-0.4644,36.183
KE,20149,Makumbi,Nakuru,39,,,,,-0.4644,36.183
KE,20150,Shabaab,Nakuru,39,,,,,-0.254,35.6027
KE,20152,Olenguruone,Nakuru,39,,,,,-0.5861,35.6877
KE,20154,Kuresoi,Nakuru,39,,,,,-0.3009,35.5217
KE,20157,Kabarak,Nakuru,39,,,,,-0.254,35.6027
KE,40142,Victoria,Nakuru,39,,,,,0.0011,34.5273
KE,50237,Nzoia,Nakuru,39,,,,,0.7183,34.7465
KE,50238,Tabani,Nakuru,39,,,,,0.7183,34.7465
KE,30132,Kesses,Nandi,40,,,,,0.3906,35.4683
KE,30300,Kapsabet,Nandi,40,,,,,0.2039,35.105
KE,30301,Nandi Hills,Nandi,40,,,,,0.1037,35.1843
KE,30302,Lessos,Nandi,40,,,,,0.2141,35.3
KE,30303,Kabiyet,Nandi,40,,,,,0.4045,35.086
KE,30304,Kapcheno,Nandi,40,,,,,0.2185,35.1075
KE,30305,Kobujoi,Nandi,40,,,,,0.0565,34.9761
KE,30306,Baraton,Nandi,40,,,,,0.2552,35.0827
KE,30307,Mosoriot,Nandi,40,,,,,0.3206,35.176
KE,30309,Chepsonoi,Nandi,40,,,,,0.1896,34.9501
KE,30311,Kapchorwa,Nandi,40,,,,,0.1979,35.276
KE,30313,Kapsumbeiwa,Nandi,40,,,,,0.1979,35.276
KE,30314,Koilot,Nandi,40,,,,,0.1862,35.3199
KE,30315,Kilibwoni,Nandi,40,,,,,0.2095,35.2322
KE,40143,Chemase,Nandi,40,,,,,-0.0481,35.0587
KE,20420,Sogoo,Narok,41,,,,,-0.8265,35.2766
KE,20500,Narok,Narok,41,,,,,-1.0808,35.8711
KE,20501,Keekorok,Narok,41,,,,,-1.5872,35.2352
KE,20502,Olkurto,Narok,41,,,,,-1.334,35.5532
KE,20503,Ololulunga,Narok,41,,,,,-1.334,35.5532
KE,20504,Nairage Enkare,Narok,41,,,,,-1.334,35.5532
KE,40700,Kilgoris,Narok,41,,,,,-1.0082,34.8781
KE,40701,Lolgorian,Narok,41,,,,,-1.0082,34.8781
KE,40702,Njipiship,Narok,41,,,,,-1.0082,34.8781
KE,40703,Enosaen,Narok,41,,,,,-1.0082,34.8781
KE,90116,Kivaani,Narok,41,,,,,-1.2997,37.4393
KE,90148,Kiunduani,Narok,41,,,,,-1.8179,37.5371
KE,40221,Omogonchoro,Nyamira,42,,,,,-0.6463,34.7278
KE,40500,Nyamira,Nyamira,42,,,,,-0.5633,34.9358
KE,40501,Ikonge,Nyamira,42,,,,,-0.531,35.0263
KE,40502,Nyansiongo,Nyamira,42,,,,,-0.7596,35.0148
KE,40503,Gesima,Nyamira,42,,,,,-0.7107,34.9889
KE,40506,Kebirigo,Nyamira,42,,,,,-0.6029,34.9612
KE,40507,Magombo,Nyamira,42,,,,,-0.6848,34.9184
KE,40508,Magwagwa,Nyamira,42,,,,,-0.4826,35.0221
KE,40510,Mokomoni,Nyamira,42,,,,,-0.6428,34.8814
KE,40511,Rigoma,Nyamira,42,,,,,-0.7263,34.9251
KE,40512,Riochanda,Nyamira,42,,,,,-0.6428,34.8814
KE,40513,Tombe,Nyamira,42,,,,,-0.6537,34.8745
KE,20301,Miharati,Nyandarua,43,,,,,-0.3996,36.4927
KE,20302,Oljoro-Orok,Nyandarua,43,,,,,-0.0747,36.3629
KE,20303,Ol-Kalou,Nyandarua,43,,,,,-0.1649,36.4363
KE,20304,Kaheho,Nyandarua,43,,,,,-0.1913,36.5018
KE,20305,Wanjohi,Nyandarua,43,,,,,-0.356,36.5363
KE,20306,Ndaragwa,Nyandarua,43,,,,,-0.0636,36.5243
KE,20307,Igwamiti,Nyandarua,43,,,,,-0.1649,36.4363
KE,20308,Ngano,Nyandarua,43,,,,,-0.1075,36.2725
KE,20309,Kanyaagia,Nyandarua,43,,,,,-0.1649,36.4363
KE,20310,Leshau,Nyandarua,43,,,,,0.0955,36.4779
KE,20311,Passenga,Nyandarua,43,,,,,-0.2029,36.3493
KE,20313,Rurii,Nyandarua,43,,,,,-0.3146,36.4915
KE,20315,Mukeu,Nyandarua,43,,,,,-0.3146,36.4915
KE,20316,Murungaru,Nyandarua,43,,,,,-0.3146,36.4915
KE,20317,Ndunyu Njeru,Nyandarua,43,,,,,-0.5459,36.5618
KE,20318,North-Kinangop,Nyandarua,43,,,,,-0.6051,36.577
KE,20319,South-Kinangop,Nyandarua,43,,,,,-0.3146,36.4915
KE,10100,Nyeri,Nyeri,44,,,,,-0.4201,36.9476
KE,10101,Karatina,Nyeri,44,,,,,-0.4841,37.1266
KE,10102,Kiganjo,Nyeri,44,,,,,-0.3963,37.0001
KE,10103,Mukurweini,Nyeri,44,,,,,-0.5612,37.0447
KE,10104,Mweiga,Nyeri,44,,,,,-0.3198,36.9019
KE,10106,Othaya,Nyeri,44,,,,,-0.5465,36.9318
KE,10107,Endarasha,Nyeri,44,,,,,-0.3055,36.796
KE,10108,Giakanja,Nyeri,44,,,,,-0.4334,36.9641
KE,10109,Gakere Road,Nyeri,44,,,,,-0.4334,36.9641
KE,10111,Gakindu,Nyeri,44,,,,,-0.459,36.998
KE,10114,Gatitu,Nyeri,44,,,,,-0.459,36.998
KE,10122,Kiamariga,Nyeri,44,,,,,-0.3852,37.0841
KE,10123,Kiandu,Nyeri,44,,,,,-0.4887,36.9665
KE,10125,Kimahuri,Nyeri,44,,,,,-0.2926,37.1123
KE,10129,Mugunda,Nyeri,44,,,,,-0.1657,36.7023
KE,10130,Munyu,Nyeri,44,,,,,-0.4605,37.0307
KE,10133,Ruringu,Nyeri,44,,,,,-0.4306,36.9805
KE,10136,Tumu-Tumu,Nyeri,44,,,,,-0.4904,37.081
KE,10140,Kimathi Way,Nyeri,44,,,,,-0.4104,36.9767
KE,10141,Kamakwa Rd,Nyeri,44,,,,,-0.4104,36.9767
KE,10142,Kamakwa Rd Huduma,Nyeri,44,,,,,-0.4104,36.9767
KE,10143,Dedan Kimathi,Nyeri,44,,,,,-0.4104,36.9767
KE,10144,Karatina University,Nyeri,44,,,,,-0.4104,36.9767
KE,10305,Gatugura,Nyeri,44,,,,,-0.5534,37.2991
KE,20600,Maralal,Samburu,45,,,,,1.0967,36.6981
KE,20601,Baragoi,Samburu,45,,,,,1.784,36.786
KE,20603,Wamba,Samburu,45,,,,,0.9802,37.3235
KE,20604,South Horr,Samburu,45,,,,,2.0977,36.9185
KE,40139,Akala,Siaya,46,,,,,-0.0598,34.4265
KE,40140,Aluor,Siaya,46,,,,,-0.0235,34.793
KE,40142,Ramula,Siaya,46,,,,,0.0011,34.5273
KE,40330,Ramba,Siaya,46,,,,,-0.0831,34.3878
KE,40600,Siaya,Siaya,46,,,,,0.0607,34.2881
KE,40601,Bondo,Siaya,46,,,,,-0.0962,34.2732
KE,40602,Ndori,Siaya,46,,,,,-0.0789,34.3633
KE,40603,Ng’Iya,Siaya,46,,,,,0.0135,34.3055
KE,40604,Ragengni,Siaya,46,,,,,-0.2699,34.3642
KE,40605,Sidindi,Siaya,46,,,,,0.1599,34.3699
KE,40606,Ugunja,Siaya,46,,,,,0.1902,34.2992
KE,40607,Ukwala,Siaya,46,,,,,0.1926,34.1872
KE,40608,Uranga,Siaya,46,,,,,0.0307,34.5477
KE,40609,Usenge,Siaya,46,,,,,-0.0673,34.0566
KE,40610,Yala,Siaya,46,,,,,0.0944,34.536
KE,40611,Nyilima,Siaya,46,,,,,-0.148,34.3857
KE,40612,Sawagongo,Siaya,46,,,,,-0.0078,34.3258
KE,40613,Madiany,Siaya,46,,,,,-0.2886,34.3543
KE,40614,Sega,Siaya,46,,,,,0.2536,34.2278
KE,40615,Nango,Siaya,46,,,,,-0.1642,34.168
KE,40616,Anyiko,Siaya,46,,,,,0.2062,34.2827
KE,40620,Boro,Siaya,46,,,,,0.0797,34.245
KE,40623,Luhano,Siaya,46,,,,,-0.0173,34.3346
KE,40623,Lugingo,Siaya,46,,,,,-0.0173,34.3346
KE,40625,Manyuanda,Siaya,46,,,,,-0.2465,34.2714
KE,40626,Misori,Siaya,46,,,,,-0.0173,34.3346
KE,40628,Mutumbu,Siaya,46,,,,,-0.0173,34.3346
KE,40630,Ndigwa,Siaya,46,,,,,-0.3375,34.3257
KE,40631,Nyadorera,Siaya,46,,,,,0.1167,34.1
KE,40632,Nyamonye,Siaya,46,,,,,-0.0514,34.1502
KE,40633,Nyawara,Siaya,46,,,,,0.098,34.4669
KE,40635,Sigomre,Siaya,46,,,,,-0.0436,34.2607
KE,40640,Hawinga,Siaya,46,,,,,-0.0069,34.3068
KE,40645,Tingwangi,Siaya,46,,,,,-0.0069,34.3068
KE,40509,Manga,Taita Taveta,47,,,,,-0.6193,34.9811
KE,50219,Luandanyi,Taita Taveta,47,,,,,0.5577,34.6367
KE,80300,Voi,Taita Taveta,47,,,,,-3.396,38.5561
KE,80301,Manyani,Taita Taveta,47,,,,,-3.4192,38.3346
KE,80302,Taveta,Taita Taveta,47,,,,,-3.3988,37.6834
KE,80303,Werugha,Taita Taveta,47,,,,,-3.4192,38.3346
KE,80304,Wundanyi,Taita Taveta,47,,,,,-3.3964,38.3573
KE,80305,Mwatate,Taita Taveta,47,,,,,-3.505,38.3772
KE,80306,Mgange,Taita Taveta,47,,,,,-3.4011,38.3129
KE,80307,Kasigau,Taita Taveta,47,,,,,-3.4192,38.3346
KE,80308,Sagalla,Taita Taveta,47,,,,,-3.5096,38.5762
KE,80309,Tausa,Taita Taveta,47,,,,,-3.3275,38.4788
KE,80311,Ng’Ambwa,Taita Taveta,47,,,,,-3.4369,38.4157
KE,80313,Mgambonyi,Taita Taveta,47,,,,,-3.3442,38.3612
KE,80314,Chumvini,Taita Taveta,47,,,,,-3.4369,38.4157
KE,80315,Maktau,Taita Taveta,47,,,,,-3.4083,38.1368
KE,80317,Maungu,Taita Taveta,47,,,,,-3.5581,38.7491
KE,70101,Hola,Tana River,48,,,,,-1.4826,40.0334
KE,80201,Garsen,Tana River,48,,,,,-2.2664,40.1098
KE,80203,Tarasaa,Tana River,48,,,,,-2.4419,40.1708
KE,10115,Gathunga,Tharaka - Nithi,49,,,,,-0.459,36.998
KE,60213,Tunyai,Tharaka - Nithi,49,,,,,-0.1761,37.8369
KE,60214,Nkondi,Tharaka - Nithi,49,,,,,-0.0431,37.958
KE,60215,Marimanti,Tharaka - Nithi,49,,,,,-0.1546,37.9763
KE,60400,Chuka,Tharaka - Nithi,49,,,,,-0.3332,37.6459
KE,60401,Chogoria,Tharaka - Nithi,49,,,,,-0.2295,37.6273
KE,60402,Igoji,Tharaka - Nithi,49,,,,,-0.1931,37.6672
KE,60403,Magumoni,Tharaka - Nithi,49,,,,,-0.2569,37.7346
KE,60404,Gatunga,Tharaka - Nithi,49,,,,,-0.0998,38.0119
KE,60405,Ikuu,Tharaka - Nithi,49,,,,,-0.372,37.653
KE,60406,Kathwana,Tharaka - Nithi,49,,,,,-0.3314,37.8686
KE,60407,Magutuni,Tharaka - Nithi,49,,,,,-0.2299,37.7358
KE,60408,Marima,Tharaka - Nithi,49,,,,,-0.2667,37.6667
KE,60409,Chiakariga,Tharaka - Nithi,49,,,,,-0.2569,37.7346
KE,60410,Chiakanyinga,Tharaka - Nithi,49,,,,,-0.322,37.7202
KE,60411,Huduma Chuka,Tharaka - Nithi,49,,,,,-0.322,37.7202
KE,60411,Kaanwa,Tharaka - Nithi,49,,,,,-0.322,37.7202
KE,30200,Kitale,Trans Nzoia,50,,,,,1.0157,35.0062
KE,30201,Endebess,Trans Nzoia,50,,,,,1.0796,34.8565
KE,30203,Kipsaina,Trans Nzoia,50,,,,,0.9339,35.0194
KE,30206,Chemiron,Trans Nzoia,50,,,,,0.9339,35.0194
KE,30208,Kapsara,Trans Nzoia,50,,,,,0.9339,35.0194
KE,30209,Kiminini,Trans Nzoia,50,,,,,0.8581,34.975
KE,30210,Kwanza,Trans Nzoia,50,,,,,1.1684,34.9926
KE,30211,Saboti,Trans Nzoia,50,,,,,0.941,34.8442
KE,30212,Suwerwa,Trans Nzoia,50,,,,,0.9437,34.8458
KE,30213,Sirende,Trans Nzoia,50,,,,,0.7217,34.7005
KE,30215,Kesogon,Trans Nzoia,50,,,,,0.9437,34.8458
KE,40619,Asembo Bay,Trans Nzoia,50,,,,,-0.0078,34.3258
KE,30410,Kapedo,Turkana,51,,,,,1.1745,36.039
KE,30500,Lodwar,Turkana,51,,,,,3.1199,35.5964
KE,30501,Kakuma,Turkana,51,,,,,3.7136,34.8572
KE,30502,Kalokol,Turkana,51,,,,,3.5211,35.8329
KE,30503,Lokichoggio,Turkana,51,,,,,3.4515,35.4289
KE,30504,Lokitaung,Turkana,51,,,,,3.4515,35.4289
KE,30505,Huduma Lodwar,Turkana,51,,,,,3.4515,35.4289
KE,30506,Lokori,Turkana,51,,,,,3.4515,35.4289
KE,30100,Eldoret,Uasin Gishu,52,,,,,0.5204,35.2699
KE,30101,Ainabkoi,Uasin Gishu,52,,,,,0.4637,35.3318
KE,30102,Burnt Forest,Uasin Gishu,52,,,,,0.2168,35.4325
KE,30103,Kipkabus,Uasin Gishu,52,,,,,0.2987,35.4998
KE,30104,Moiben,Uasin Gishu,52,,,,,0.8174,35.3845
KE,30105,Soy,Uasin Gishu,52,,,,,0.6732,35.1577
KE,30106,Turbo,Uasin Gishu,52,,,,,0.6337,35.0481
KE,30107,Moi University,Uasin Gishu,52,,,,,0.4637,35.3318
KE,30108,Timboroa,Uasin Gishu,52,,,,,0.0855,35.5302
KE,30109,Huruma,Uasin Gishu,52,,,,,0.4637,35.3318
KE,30110,Kihuga Square,Uasin Gishu,52,,,,,0.3691,35.435
KE,30111,Kapngetuny,Uasin Gishu,52,,,,,0.3691,35.435
KE,30112,Langas,Uasin Gishu,52,,,,,0.4786,35.255
KE,30113,Kamwosor,Uasin Gishu,52,,,,,0.199,35.5692
KE,30114,Kaptagat,Uasin Gishu,52,,,,,0.4298,35.4808
KE,30116,Plateau,Uasin Gishu,52,,,,,0.3691,35.435
KE,30117,Kiplegetet,Uasin Gishu,52,,,,,0.3691,35.435
KE,30118,Kiptabach,Uasin Gishu,52,,,,,0.3691,35.435
KE,30120,Kimoning,Uasin Gishu,52,,,,,0.7343,35.1594
KE,30121,Chepterwai,Uasin Gishu,52,,,,,0.5241,34.9263
KE,30123,Ndalat,Uasin Gishu,52,,,,,0.7343,35.1594
KE,30124,Eldoret Airport,Uasin Gishu,52,,,,,0.7343,35.1594
KE,30125,Chebororwa,Uasin Gishu,52,,,,,0.9446,35.3925
KE,30131,Nyaru,Uasin Gishu,52,,,,,0.327,35.5768
KE,30133,Chepkoilel,Uasin Gishu,52,,,,,0.5207,35.3621
KE,30134,Zion Mall,Uasin Gishu,52,,,,,0.3906,35.4683
KE,30135,Waunifor,Uasin Gishu,52,,,,,0.3241,35.4661
KE,30202,Moi’S Bridge,Uasin Gishu,52,,,,,0.8718,35.1221
KE,30205,Matunda,Uasin Gishu,52,,,,,0.8444,35.1372
KE,30214,Ziwa,Uasin Gishu,52,,,,,0.9437,34.8458
KE,30217,Sikinwa,Uasin Gishu,52,,,,,0.9437,34.8458
KE,30412,Barwesa,Uasin Gishu,52,,,,,0.7167,35.7333
KE,30711,Kapteren,Uasin Gishu,52,,,,,0.5626,35.4792
KE,50300,Maragoli,Vihiga,53,,,,,0.1111,34.7256
KE,50302,Chamakanga,Vihiga,53,,,,,0.1464,34.7957
KE,50303,Eregi,Vihiga,53,,,,,0.1537,34.7042
KE,50304,Gisambai,Vihiga,53,,,,,0.0554,34.7487
KE,50305,Kaimosi,Vihiga,53,,,,,0.1266,34.8466
KE,50306,Khumusalaba,Vihiga,53,,,,,0.1,34.7511
KE,50307,Luanda,Vihiga,53,,,,,0.0233,34.5866
KE,50308,Serem,Vihiga,53,,,,,0.0833,34.85
KE,50309,Tiriki,Vihiga,53,,,,,0.1,34.7511
KE,50310,Vihiga,Vihiga,53,,,,,0.0369,34.7101
KE,50311,Wodanga,Vihiga,53,,,,,0.0571,34.7154
KE,50312,Hamisi,Vihiga,53,,,,,0.0571,34.7154
KE,50313,Kiritu,Vihiga,53,,,,,0.0926,34.767
KE,50314,Emuhaya,Vihiga,53,,,,,0.0369,34.6269
KE,50315,Kilingili,Vihiga,53,,,,,0.0571,34.7154
KE,50317,Chavakali,Vihiga,53,,,,,0.1177,34.7334
KE,50318,Gambogi,Vihiga,53,,,,,0.0013,34.7397
KE,50428,Muluanda,Vihiga,53,,,,,0.4152,34.2428
KE,70200,Wajir,Wajir,54,,,,,1.7471,40.0573
KE,70201,Habaswein,Wajir,54,,,,,1.0166,39.4912
KE,30600,Kapenguria,West Pokot,55,,,,,1.2389,35.1119
KE,30601,Kacheliba,West Pokot,55,,,,,1.4805,35.0121
KE,30602,Ortum,West Pokot,55,,,,,1.4373,35.3563
KE,30603,Wei-Wei,West Pokot,55,,,,,1.4474,35.2381
KE,30604,Kainuk,West Pokot,55,,,,,1.7744,35.5064
KE,30605,Chepareria,West Pokot,55,,,,,1.3058,35.2036
