[
  {
    "country_code": "MC",
    "zipcode": "98000",
    "place": "Port de La Condamine",
    "state": "Monaco",
    "state_code": "01",
    "province": "Monaco",
    "province_code": "01",
    "community": "La Condamine",
    "community_code": "",
    "latitude": "43.7361",
    "longitude": "7.425"
  },
  {
    "country_code": "MC",
    "zipcode": "98000",
    "place": "Monaco-Ville",
    "state": "Monaco",
    "state_code": "01",
    "province": "Monaco",
    "province_code": "01",
    "community": "Monaco-Ville",
    "community_code": "",
    "latitude": "43.7333",
    "longitude": "7.4167"
  },
  {
    "country_code": "MC",
    "zipcode": "98000",
    "place": "Monaco",
    "state": "Monaco",
    "state_code": "01",
    "province": "Monaco",
    "province_code": "01",
    "community": "Monaco",
    "community_code": "",
    "latitude": "43.7333",
    "longitude": "7.4"
  },
  {
    "country_code": "MC",
    "zipcode": "98000",
    "place": "Port de Fontvieille",
    "state": "Monaco",
    "state_code": "01",
    "province": "Monaco",
    "province_code": "01",
    "community": "Fontvieille",
    "community_code": "",
    "latitude": "43.7306",
    "longitude": "7.4208"
  },
  {
    "country_code": "MC",
    "zipcode": "98000",
    "place": "La Condamine",
    "state": "Monaco",
    "state_code": "01",
    "province": "Monaco",
    "province_code": "01",
    "community": "La Condamine",
    "community_code": "",
    "latitude": "43.7333",
    "longitude": "7.4167"
  },
  {
    "country_code": "MC",
    "zipcode": "98000",
    "place": "Anse du Portier",
    "state": "Monaco",
    "state_code": "01",
    "province": "Monaco",
    "province_code": "01",
    "community": "Larvotto",
    "community_code": "",
    "latitude": "43.7417",
    "longitude": "7.4322"
  },
  {
    "country_code": "MC",
    "zipcode": "98000",
    "place": "Plage du Larvotto",
    "state": "Monaco",
    "state_code": "01",
    "province": "Monaco",
    "province_code": "01",
    "community": "Larvotto",
    "community_code": "",
    "latitude": "43.7333",
    "longitude": "7.4333"
  },
  {
    "country_code": "MC",
    "zipcode": "98000",
    "place": "Pointe de la Poudri\u00E8re",
    "state": "Monaco",
    "state_code": "01",
    "province": "Monaco",
    "province_code": "01",
    "community": "Monaco-Ville",
    "community_code": "",
    "latitude": "43.7319",
    "longitude": "7.4278"
  },
  {
    "country_code": "MC",
    "zipcode": "98000",
    "place": "Pointe Focinana",
    "state": "Monaco",
    "state_code": "01",
    "province": "Monaco",
    "province_code": "01",
    "community": "Monte-Carlo",
    "community_code": "",
    "latitude": "43.7333",
    "longitude": "7.4333"
  },
  {
    "country_code": "MC",
    "zipcode": "98000",
    "place": "Pointe Saint-Martin",
    "state": "Monaco",
    "state_code": "01",
    "province": "Monaco",
    "province_code": "01",
    "community": "Monaco-Ville",
    "community_code": "",
    "latitude": "43.7306",
    "longitude": "7.425"
  },
  {
    "country_code": "MC",
    "zipcode": "98000",
    "place": "Commune de Monaco",
    "state": "Monaco",
    "state_code": "01",
    "province": "Monaco",
    "province_code": "01",
    "community": "Monaco",
    "community_code": "",
    "latitude": "43.7333",
    "longitude": "7.4"
  },
  {
    "country_code": "MC",
    "zipcode": "98000",
    "place": "Ciappaira",
    "state": "Monaco",
    "state_code": "01",
    "province": "Monaco",
    "province_code": "01",
    "community": "Monaco-Ville",
    "community_code": "",
    "latitude": "43.7167",
    "longitude": "7.4167"
  },
  {
    "country_code": "MC",
    "zipcode": "98000",
    "place": "Les Moneghetti",
    "state": "Monaco",
    "state_code": "01",
    "province": "Monaco",
    "province_code": "01",
    "community": "Les Moneghetti",
    "community_code": "",
    "latitude": "43.7375",
    "longitude": "7.4153"
  },
  {
    "country_code": "MC",
    "zipcode": "98000",
    "place": "Pointe Sainte-Barbe",
    "state": "Monaco",
    "state_code": "01",
    "province": "Monaco",
    "province_code": "01",
    "community": "Fontvieille",
    "community_code": "",
    "latitude": "43.7167",
    "longitude": "7.4167"
  },
  {
    "country_code": "MC",
    "zipcode": "98000",
    "place": "Stade Louis Deux",
    "state": "Monaco",
    "state_code": "01",
    "province": "Monaco",
    "province_code": "01",
    "community": "Fontvieille",
    "community_code": "",
    "latitude": "43.7167",
    "longitude": "7.4167"
  },
  {
    "country_code": "MC",
    "zipcode": "98000",
    "place": "Anse de Canton",
    "state": "Monaco",
    "state_code": "01",
    "province": "Monaco",
    "province_code": "01",
    "community": "Fontvieille",
    "community_code": "",
    "latitude": "43.7333",
    "longitude": "7.4167"
  },
  {
    "country_code": "MC",
    "zipcode": "98000",
    "place": "Condamine",
    "state": "Monaco",
    "state_code": "01",
    "province": "Monaco",
    "province_code": "01",
    "community": "La Condamine",
    "community_code": "",
    "latitude": "43.7333",
    "longitude": "7.4167"
  },
  {
    "country_code": "MC",
    "zipcode": "98000",
    "place": "Jardin Japonais",
    "state": "Monaco",
    "state_code": "01",
    "province": "Monaco",
    "province_code": "01",
    "community": "Larvotto",
    "community_code": "",
    "latitude": "43.7333",
    "longitude": "7.4167"
  },
  {
    "country_code": "MC",
    "zipcode": "98000",
    "place": "Monte-Carlo",
    "state": "Monaco",
    "state_code": "01",
    "province": "Monaco",
    "province_code": "01",
    "community": "Monte-Carlo",
    "community_code": "",
    "latitude": "43.7333",
    "longitude": "7.4167"
  },
  {
    "country_code": "MC",
    "zipcode": "98000",
    "place": "Anse de la Grue",
    "state": "Monaco",
    "state_code": "01",
    "province": "Monaco",
    "province_code": "01",
    "community": "Monte-Carlo",
    "community_code": "",
    "latitude": "43.7306",
    "longitude": "7.4217"
  },
  {
    "country_code": "MC",
    "zipcode": "98000",
    "place": "Fontvieille",
    "state": "Monaco",
    "state_code": "01",
    "province": "Monaco",
    "province_code": "01",
    "community": "Fontvieille",
    "community_code": "",
    "latitude": "43.7333",
    "longitude": "7.4167"
  },
  {
    "country_code": "MC",
    "zipcode": "98000",
    "place": "Jardin Exotique",
    "state": "Monaco",
    "state_code": "01",
    "province": "Monaco",
    "province_code": "01",
    "community": "Monaco-Ville",
    "community_code": "",
    "latitude": "43.7167",
    "longitude": "7.4"
  },
  {
    "country_code": "MC",
    "zipcode": "98000",
    "place": "Pointe Saint-Antoine",
    "state": "Monaco",
    "state_code": "01",
    "province": "Monaco",
    "province_code": "01",
    "community": "Larvotto",
    "community_code": "",
    "latitude": "43.7333",
    "longitude": "7.4278"
  },
  {
    "country_code": "MC",
    "zipcode": "98000",
    "place": "Port de Monaco",
    "state": "Monaco",
    "state_code": "01",
    "province": "Monaco",
    "province_code": "01",
    "community": "La Condamine",
    "community_code": "",
    "latitude": "43.7361",
    "longitude": "7.425"
  },
  {
    "country_code": "MC",
    "zipcode": "98000",
    "place": "R\u00E9serve Sous-marine du Larvotto",
    "state": "Monaco",
    "state_code": "01",
    "province": "Monaco",
    "province_code": "01",
    "community": "Larvotto",
    "community_code": "",
    "latitude": "43.7458",
    "longitude": "7.4394"
  },
  {
    "country_code": "MC",
    "zipcode": "98000",
    "place": "Larvotto",
    "state": "Monaco",
    "state_code": "01",
    "province": "Monaco",
    "province_code": "01",
    "community": "Larvotto",
    "community_code": "",
    "latitude": "43.7333",
    "longitude": "7.4333"
  },
  {
    "country_code": "MC",
    "zipcode": "98000",
    "place": "Port Hercule",
    "state": "Monaco",
    "state_code": "01",
    "province": "Monaco",
    "province_code": "01",
    "community": "Fontvieille",
    "community_code": "",
    "latitude": "43.7361",
    "longitude": "7.425"
  },
  {
    "country_code": "MC",
    "zipcode": "98000",
    "place": "R\u00E9serve Sous-marine de Monaco",
    "state": "Monaco",
    "state_code": "01",
    "province": "Monaco",
    "province_code": "01",
    "community": "Monaco",
    "community_code": "",
    "latitude": "43.7458",
    "longitude": "7.4394"
  },
  {
    "country_code": "MC",
    "zipcode": "98000",
    "place": "Rocher de Monaco",
    "state": "Monaco",
    "state_code": "01",
    "province": "Monaco",
    "province_code": "01",
    "community": "Monaco-Ville",
    "community_code": "",
    "latitude": "43.7333",
    "longitude": "7.4333"
  }
]