[
  {
    "country_code": "PF",
    "zipcode": "98701",
    "place": "Arue",
    "state": "\u00CEles du Vent",
    "state_code": "01",
    "province": "Arue",
    "province_code": "98712",
    "community": "",
    "community_code": "",
    "latitude": "-17.005",
    "longitude": "-149.5679"
  },
  {
    "country_code": "PF",
    "zipcode": "98704",
    "place": "Faaa",
    "state": "\u00CEles du Vent",
    "state_code": "01",
    "province": "Faaa",
    "province_code": "98715",
    "community": "",
    "community_code": "",
    "latitude": "-17.5843",
    "longitude": "-149.56"
  },
  {
    "country_code": "PF",
    "zipcode": "98705",
    "place": "Hitiaa",
    "state": "\u00CEles du Vent",
    "state_code": "01",
    "province": "Hitiaa O Te Ra",
    "province_code": "98722",
    "community": "",
    "community_code": "",
    "latitude": "-17.6175",
    "longitude": "-149.3298"
  },
  {
    "country_code": "PF",
    "zipcode": "98706",
    "place": "Mahaena",
    "state": "\u00CEles du Vent",
    "state_code": "01",
    "province": "Hitiaa O Te Ra",
    "province_code": "98722",
    "community": "",
    "community_code": "",
    "latitude": "-17.5938",
    "longitude": "-149.3636"
  },
  {
    "country_code": "PF",
    "zipcode": "98707",
    "place": "Papenoo",
    "state": "\u00CEles du Vent",
    "state_code": "01",
    "province": "Hitiaa O Te Ra",
    "province_code": "98722",
    "community": "",
    "community_code": "",
    "latitude": "-17.5985",
    "longitude": "-149.436"
  },
  {
    "country_code": "PF",
    "zipcode": "98708",
    "place": "Tiarei",
    "state": "\u00CEles du Vent",
    "state_code": "01",
    "province": "Hitiaa O Te Ra",
    "province_code": "98722",
    "community": "",
    "community_code": "",
    "latitude": "-17.5569",
    "longitude": "-149.3816"
  },
  {
    "country_code": "PF",
    "zipcode": "98709",
    "place": "Mahina",
    "state": "\u00CEles du Vent",
    "state_code": "01",
    "province": "Mahina",
    "province_code": "98725",
    "community": "",
    "community_code": "",
    "latitude": "-17.5566",
    "longitude": "-149.4746"
  },
  {
    "country_code": "PF",
    "zipcode": "98710",
    "place": "Orofara",
    "state": "\u00CEles du Vent",
    "state_code": "01",
    "province": "Mahina",
    "province_code": "98725",
    "community": "",
    "community_code": "",
    "latitude": "-17.5575",
    "longitude": "-149.4753"
  },
  {
    "country_code": "PF",
    "zipcode": "98728",
    "place": "Paopao",
    "state": "\u00CEles du Vent",
    "state_code": "01",
    "province": "Moorea-Maiao",
    "province_code": "98729",
    "community": "",
    "community_code": "",
    "latitude": "-17.5027",
    "longitude": "-149.8113"
  },
  {
    "country_code": "PF",
    "zipcode": "98728",
    "place": "Haumi",
    "state": "\u00CEles du Vent",
    "state_code": "01",
    "province": "Moorea-Maiao",
    "province_code": "98729",
    "community": "",
    "community_code": "",
    "latitude": "-17.5054",
    "longitude": "-149.778"
  },
  {
    "country_code": "PF",
    "zipcode": "98728",
    "place": "Teavaro",
    "state": "\u00CEles du Vent",
    "state_code": "01",
    "province": "Moorea-Maiao",
    "province_code": "98729",
    "community": "",
    "community_code": "",
    "latitude": "-17.5079",
    "longitude": "-149.7801"
  },
  {
    "country_code": "PF",
    "zipcode": "98728",
    "place": "Afareaitu",
    "state": "\u00CEles du Vent",
    "state_code": "01",
    "province": "Moorea-Maiao",
    "province_code": "98729",
    "community": "",
    "community_code": "",
    "latitude": "-17.558",
    "longitude": "-149.8054"
  },
  {
    "country_code": "PF",
    "zipcode": "98728",
    "place": "Vaiare",
    "state": "\u00CEles du Vent",
    "state_code": "01",
    "province": "Moorea-Maiao",
    "province_code": "98729",
    "community": "",
    "community_code": "",
    "latitude": "-17.5054",
    "longitude": "-149.778"
  },
  {
    "country_code": "PF",
    "zipcode": "98728",
    "place": "Tiaia",
    "state": "\u00CEles du Vent",
    "state_code": "01",
    "province": "Moorea-Maiao",
    "province_code": "98729",
    "community": "",
    "community_code": "",
    "latitude": "-17.5054",
    "longitude": "-149.778"
  },
  {
    "country_code": "PF",
    "zipcode": "98728",
    "place": "Temae",
    "state": "\u00CEles du Vent",
    "state_code": "01",
    "province": "Moorea-Maiao",
    "province_code": "98729",
    "community": "",
    "community_code": "",
    "latitude": "-17.5054",
    "longitude": "-149.778"
  },
  {
    "country_code": "PF",
    "zipcode": "98728",
    "place": "Maatea",
    "state": "\u00CEles du Vent",
    "state_code": "01",
    "province": "Moorea-Maiao",
    "province_code": "98729",
    "community": "",
    "community_code": "",
    "latitude": "-17.5054",
    "longitude": "-149.778"
  },
  {
    "country_code": "PF",
    "zipcode": "98728",
    "place": "Maharepa",
    "state": "\u00CEles du Vent",
    "state_code": "01",
    "province": "Moorea-Maiao",
    "province_code": "98729",
    "community": "",
    "community_code": "",
    "latitude": "-17.5054",
    "longitude": "-149.778"
  },
  {
    "country_code": "PF",
    "zipcode": "98729",
    "place": "Atiha",
    "state": "\u00CEles du Vent",
    "state_code": "01",
    "province": "Moorea-Maiao",
    "province_code": "98729",
    "community": "",
    "community_code": "",
    "latitude": "-17.5054",
    "longitude": "-149.778"
  },
  {
    "country_code": "PF",
    "zipcode": "98729",
    "place": "Opunohu",
    "state": "\u00CEles du Vent",
    "state_code": "01",
    "province": "Moorea-Maiao",
    "province_code": "98729",
    "community": "",
    "community_code": "",
    "latitude": "-17.5054",
    "longitude": "-149.778"
  },
  {
    "country_code": "PF",
    "zipcode": "98729",
    "place": "Paopao",
    "state": "\u00CEles du Vent",
    "state_code": "01",
    "province": "Moorea-Maiao",
    "province_code": "98729",
    "community": "",
    "community_code": "",
    "latitude": "-17.5054",
    "longitude": "-149.778"
  },
  {
    "country_code": "PF",
    "zipcode": "98729",
    "place": "Pihaena",
    "state": "\u00CEles du Vent",
    "state_code": "01",
    "province": "Moorea-Maiao",
    "province_code": "98729",
    "community": "",
    "community_code": "",
    "latitude": "-17.5054",
    "longitude": "-149.778"
  },
  {
    "country_code": "PF",
    "zipcode": "98729",
    "place": "Tiahura",
    "state": "\u00CEles du Vent",
    "state_code": "01",
    "province": "Moorea-Maiao",
    "province_code": "98729",
    "community": "",
    "community_code": "",
    "latitude": "-17.5054",
    "longitude": "-149.778"
  },
  {
    "country_code": "PF",
    "zipcode": "98729",
    "place": "Papetoai",
    "state": "\u00CEles du Vent",
    "state_code": "01",
    "province": "Moorea-Maiao",
    "province_code": "98729",
    "community": "",
    "community_code": "",
    "latitude": "-17.5207",
    "longitude": "-149.8555"
  },
  {
    "country_code": "PF",
    "zipcode": "98729",
    "place": "Varari",
    "state": "\u00CEles du Vent",
    "state_code": "01",
    "province": "Moorea-Maiao",
    "province_code": "98729",
    "community": "",
    "community_code": "",
    "latitude": "-17.5054",
    "longitude": "-149.778"
  },
  {
    "country_code": "PF",
    "zipcode": "98729",
    "place": "Vaianae",
    "state": "\u00CEles du Vent",
    "state_code": "01",
    "province": "Moorea-Maiao",
    "province_code": "98729",
    "community": "",
    "community_code": "",
    "latitude": "-17.5054",
    "longitude": "-149.778"
  },
  {
    "country_code": "PF",
    "zipcode": "98729",
    "place": "Maiao",
    "state": "\u00CEles du Vent",
    "state_code": "01",
    "province": "Moorea-Maiao",
    "province_code": "98729",
    "community": "",
    "community_code": "",
    "latitude": "-17.5054",
    "longitude": "-149.778"
  },
  {
    "country_code": "PF",
    "zipcode": "98729",
    "place": "Haapiti",
    "state": "\u00CEles du Vent",
    "state_code": "01",
    "province": "Moorea-Maiao",
    "province_code": "98729",
    "community": "",
    "community_code": "",
    "latitude": "-17.5434",
    "longitude": "-149.8706"
  },
  {
    "country_code": "PF",
    "zipcode": "98729",
    "place": "Hauru",
    "state": "\u00CEles du Vent",
    "state_code": "01",
    "province": "Moorea-Maiao",
    "province_code": "98729",
    "community": "",
    "community_code": "",
    "latitude": "-17.5054",
    "longitude": "-149.778"
  },
  {
    "country_code": "PF",
    "zipcode": "98711",
    "place": "Paea",
    "state": "\u00CEles du Vent",
    "state_code": "01",
    "province": "Paea",
    "province_code": "98733",
    "community": "",
    "community_code": "",
    "latitude": "-17.6875",
    "longitude": "-149.553"
  },
  {
    "country_code": "PF",
    "zipcode": "98712",
    "place": "Papara",
    "state": "\u00CEles du Vent",
    "state_code": "01",
    "province": "Papara",
    "province_code": "98734",
    "community": "",
    "community_code": "",
    "latitude": "-17.7213",
    "longitude": "-149.4967"
  },
  {
    "country_code": "PF",
    "zipcode": "98714",
    "place": "Papeete",
    "state": "\u00CEles du Vent",
    "state_code": "01",
    "province": "Papeete",
    "province_code": "98735",
    "community": "",
    "community_code": "",
    "latitude": "-17.5572",
    "longitude": "-149.5555"
  },
  {
    "country_code": "PF",
    "zipcode": "98716",
    "place": "Pirae",
    "state": "\u00CEles du Vent",
    "state_code": "01",
    "province": "Pirae",
    "province_code": "98736",
    "community": "",
    "community_code": "",
    "latitude": "-17.5699",
    "longitude": "-149.5196"
  },
  {
    "country_code": "PF",
    "zipcode": "98703",
    "place": "Punaauia",
    "state": "\u00CEles du Vent",
    "state_code": "01",
    "province": "Punaauia",
    "province_code": "98738",
    "community": "",
    "community_code": "",
    "latitude": "-17.618",
    "longitude": "-149.5486"
  },
  {
    "country_code": "PF",
    "zipcode": "98718",
    "place": "Punaauia",
    "state": "\u00CEles du Vent",
    "state_code": "01",
    "province": "Punaauia",
    "province_code": "98738",
    "community": "",
    "community_code": "",
    "latitude": "-17.618",
    "longitude": "-149.5486"
  },
  {
    "country_code": "PF",
    "zipcode": "98719",
    "place": "Taravao",
    "state": "\u00CEles du Vent",
    "state_code": "01",
    "province": "Taiarapu-Est",
    "province_code": "98747",
    "community": "",
    "community_code": "",
    "latitude": "-17.8097",
    "longitude": "-149.1716"
  },
  {
    "country_code": "PF",
    "zipcode": "98719",
    "place": "Afaahiti",
    "state": "\u00CEles du Vent",
    "state_code": "01",
    "province": "Taiarapu-Est",
    "province_code": "98747",
    "community": "",
    "community_code": "",
    "latitude": "-17.7383",
    "longitude": "-149.299"
  },
  {
    "country_code": "PF",
    "zipcode": "98720",
    "place": "Faaone",
    "state": "\u00CEles du Vent",
    "state_code": "01",
    "province": "Taiarapu-Est",
    "province_code": "98747",
    "community": "",
    "community_code": "",
    "latitude": "-17.6681",
    "longitude": "-149.3528"
  },
  {
    "country_code": "PF",
    "zipcode": "98721",
    "place": "Pueu",
    "state": "\u00CEles du Vent",
    "state_code": "01",
    "province": "Taiarapu-Est",
    "province_code": "98747",
    "community": "",
    "community_code": "",
    "latitude": "-17.7662",
    "longitude": "-149.2302"
  },
  {
    "country_code": "PF",
    "zipcode": "98722",
    "place": "Tautira",
    "state": "\u00CEles du Vent",
    "state_code": "01",
    "province": "Taiarapu-Est",
    "province_code": "98747",
    "community": "",
    "community_code": "",
    "latitude": "-17.8753",
    "longitude": "-148.0673"
  },
  {
    "country_code": "PF",
    "zipcode": "98723",
    "place": "Teahupoo",
    "state": "\u00CEles du Vent",
    "state_code": "01",
    "province": "Taiarapu-Ouest",
    "province_code": "98748",
    "community": "",
    "community_code": "",
    "latitude": "-17.844",
    "longitude": "-149.2129"
  },
  {
    "country_code": "PF",
    "zipcode": "98724",
    "place": "Toahotu",
    "state": "\u00CEles du Vent",
    "state_code": "01",
    "province": "Taiarapu-Ouest",
    "province_code": "98748",
    "community": "",
    "community_code": "",
    "latitude": "-17.7712",
    "longitude": "-149.2884"
  },
  {
    "country_code": "PF",
    "zipcode": "98725",
    "place": "Vairao",
    "state": "\u00CEles du Vent",
    "state_code": "01",
    "province": "Taiarapu-Ouest",
    "province_code": "98748",
    "community": "",
    "community_code": "",
    "latitude": "-17.8088",
    "longitude": "-149.2704"
  },
  {
    "country_code": "PF",
    "zipcode": "98726",
    "place": "Mataiea",
    "state": "\u00CEles du Vent",
    "state_code": "01",
    "province": "Teva I Uta",
    "province_code": "98752",
    "community": "",
    "community_code": "",
    "latitude": "-17.7251",
    "longitude": "-149.4287"
  },
  {
    "country_code": "PF",
    "zipcode": "98727",
    "place": "Papeari",
    "state": "\u00CEles du Vent",
    "state_code": "01",
    "province": "Teva I Uta",
    "province_code": "98752",
    "community": "",
    "community_code": "",
    "latitude": "-17.7168",
    "longitude": "-149.3764"
  },
  {
    "country_code": "PF",
    "zipcode": "98730",
    "place": "Nunue",
    "state": "\u00CEles Sous-le-Vent",
    "state_code": "02",
    "province": "Bora-Bora",
    "province_code": "98714",
    "community": "",
    "community_code": "",
    "latitude": "-16.5133",
    "longitude": "-151.7455"
  },
  {
    "country_code": "PF",
    "zipcode": "98730",
    "place": "Anau",
    "state": "\u00CEles Sous-le-Vent",
    "state_code": "02",
    "province": "Bora-Bora",
    "province_code": "98714",
    "community": "",
    "community_code": "",
    "latitude": "-16.5142",
    "longitude": "-151.7168"
  },
  {
    "country_code": "PF",
    "zipcode": "98730",
    "place": "Vaitape",
    "state": "\u00CEles Sous-le-Vent",
    "state_code": "02",
    "province": "Bora-Bora",
    "province_code": "98714",
    "community": "",
    "community_code": "",
    "latitude": "-16.4734",
    "longitude": "-151.7404"
  },
  {
    "country_code": "PF",
    "zipcode": "98730",
    "place": "Faanui",
    "state": "\u00CEles Sous-le-Vent",
    "state_code": "02",
    "province": "Bora-Bora",
    "province_code": "98714",
    "community": "",
    "community_code": "",
    "latitude": "-16.4744",
    "longitude": "-151.7437"
  },
  {
    "country_code": "PF",
    "zipcode": "98731",
    "place": "Maeva",
    "state": "\u00CEles Sous-le-Vent",
    "state_code": "02",
    "province": "Huahine",
    "province_code": "98724",
    "community": "",
    "community_code": "",
    "latitude": "-16.7062",
    "longitude": "-151.0003"
  },
  {
    "country_code": "PF",
    "zipcode": "98731",
    "place": "Fare",
    "state": "\u00CEles Sous-le-Vent",
    "state_code": "02",
    "province": "Huahine",
    "province_code": "98724",
    "community": "",
    "community_code": "",
    "latitude": "-16.7127",
    "longitude": "-151.0267"
  },
  {
    "country_code": "PF",
    "zipcode": "98731",
    "place": "Tefarerii",
    "state": "\u00CEles Sous-le-Vent",
    "state_code": "02",
    "province": "Huahine",
    "province_code": "98724",
    "community": "",
    "community_code": "",
    "latitude": "-16.7747",
    "longitude": "-150.9712"
  },
  {
    "country_code": "PF",
    "zipcode": "98731",
    "place": "Parea",
    "state": "\u00CEles Sous-le-Vent",
    "state_code": "02",
    "province": "Huahine",
    "province_code": "98724",
    "community": "",
    "community_code": "",
    "latitude": "-16.7995",
    "longitude": "-150.985"
  },
  {
    "country_code": "PF",
    "zipcode": "98731",
    "place": "Fitii",
    "state": "\u00CEles Sous-le-Vent",
    "state_code": "02",
    "province": "Huahine",
    "province_code": "98724",
    "community": "",
    "community_code": "",
    "latitude": "-16.7469",
    "longitude": "-151.032"
  },
  {
    "country_code": "PF",
    "zipcode": "98731",
    "place": "Maroe",
    "state": "\u00CEles Sous-le-Vent",
    "state_code": "02",
    "province": "Huahine",
    "province_code": "98724",
    "community": "",
    "community_code": "",
    "latitude": "-16.7594",
    "longitude": "-151.0045"
  },
  {
    "country_code": "PF",
    "zipcode": "98731",
    "place": "Huahine",
    "state": "\u00CEles Sous-le-Vent",
    "state_code": "02",
    "province": "Huahine",
    "province_code": "98724",
    "community": "",
    "community_code": "",
    "latitude": "-16.7979",
    "longitude": "-151.0097"
  },
  {
    "country_code": "PF",
    "zipcode": "98731",
    "place": "Faie",
    "state": "\u00CEles Sous-le-Vent",
    "state_code": "02",
    "province": "Huahine",
    "province_code": "98724",
    "community": "",
    "community_code": "",
    "latitude": "-16.7327",
    "longitude": "-150.9925"
  },
  {
    "country_code": "PF",
    "zipcode": "98731",
    "place": "Haapu",
    "state": "\u00CEles Sous-le-Vent",
    "state_code": "02",
    "province": "Huahine",
    "province_code": "98724",
    "community": "",
    "community_code": "",
    "latitude": "-16.7902",
    "longitude": "-151.0039"
  },
  {
    "country_code": "PF",
    "zipcode": "98732",
    "place": "Avera",
    "state": "\u00CEles Sous-le-Vent",
    "state_code": "02",
    "province": "Huahine",
    "province_code": "98724",
    "community": "",
    "community_code": "",
    "latitude": "-16.7979",
    "longitude": "-151.0097"
  },
  {
    "country_code": "PF",
    "zipcode": "98732",
    "place": "Scilly",
    "state": "\u00CEles Sous-le-Vent",
    "state_code": "02",
    "province": "Maupiti",
    "province_code": "98728",
    "community": "",
    "community_code": "",
    "latitude": "-16.5289",
    "longitude": "-154.649"
  },
  {
    "country_code": "PF",
    "zipcode": "98732",
    "place": "Maupiti",
    "state": "\u00CEles Sous-le-Vent",
    "state_code": "02",
    "province": "Maupiti",
    "province_code": "98728",
    "community": "",
    "community_code": "",
    "latitude": "-16.4425",
    "longitude": "-152.2656"
  },
  {
    "country_code": "PF",
    "zipcode": "98732",
    "place": "Mopelia",
    "state": "\u00CEles Sous-le-Vent",
    "state_code": "02",
    "province": "Maupiti",
    "province_code": "98728",
    "community": "",
    "community_code": "",
    "latitude": "-16.5289",
    "longitude": "-154.649"
  },
  {
    "country_code": "PF",
    "zipcode": "98732",
    "place": "Motu One",
    "state": "\u00CEles Sous-le-Vent",
    "state_code": "02",
    "province": "Maupiti",
    "province_code": "98728",
    "community": "",
    "community_code": "",
    "latitude": "-16.5289",
    "longitude": "-154.649"
  },
  {
    "country_code": "PF",
    "zipcode": "98733",
    "place": "Hipu",
    "state": "\u00CEles Sous-le-Vent",
    "state_code": "02",
    "province": "Tahaa",
    "province_code": "98745",
    "community": "",
    "community_code": "",
    "latitude": "-16.6012",
    "longitude": "-151.4622"
  },
  {
    "country_code": "PF",
    "zipcode": "98733",
    "place": "Tiva",
    "state": "\u00CEles Sous-le-Vent",
    "state_code": "02",
    "province": "Tahaa",
    "province_code": "98745",
    "community": "",
    "community_code": "",
    "latitude": "-16.6419",
    "longitude": "-151.5242"
  },
  {
    "country_code": "PF",
    "zipcode": "98733",
    "place": "Iripau",
    "state": "\u00CEles Sous-le-Vent",
    "state_code": "02",
    "province": "Tahaa",
    "province_code": "98745",
    "community": "",
    "community_code": "",
    "latitude": "-16.5974",
    "longitude": "-151.5038"
  },
  {
    "country_code": "PF",
    "zipcode": "98733",
    "place": "Ruutia",
    "state": "\u00CEles Sous-le-Vent",
    "state_code": "02",
    "province": "Tahaa",
    "province_code": "98745",
    "community": "",
    "community_code": "",
    "latitude": "-16.6376",
    "longitude": "-151.5222"
  },
  {
    "country_code": "PF",
    "zipcode": "98733",
    "place": "Tahaa",
    "state": "\u00CEles Sous-le-Vent",
    "state_code": "02",
    "province": "Tahaa",
    "province_code": "98745",
    "community": "",
    "community_code": "",
    "latitude": "-16.6419",
    "longitude": "-151.5242"
  },
  {
    "country_code": "PF",
    "zipcode": "98733",
    "place": "Tapuamu",
    "state": "\u00CEles Sous-le-Vent",
    "state_code": "02",
    "province": "Tahaa",
    "province_code": "98745",
    "community": "",
    "community_code": "",
    "latitude": "-16.6147",
    "longitude": "-151.5345"
  },
  {
    "country_code": "PF",
    "zipcode": "98733",
    "place": "Patio",
    "state": "\u00CEles Sous-le-Vent",
    "state_code": "02",
    "province": "Tahaa",
    "province_code": "98745",
    "community": "",
    "community_code": "",
    "latitude": "-16.6419",
    "longitude": "-151.5242"
  },
  {
    "country_code": "PF",
    "zipcode": "98734",
    "place": "Poutoru",
    "state": "\u00CEles Sous-le-Vent",
    "state_code": "02",
    "province": "Tahaa",
    "province_code": "98745",
    "community": "",
    "community_code": "",
    "latitude": "-16.6419",
    "longitude": "-151.5242"
  },
  {
    "country_code": "PF",
    "zipcode": "98734",
    "place": "Vaitoare",
    "state": "\u00CEles Sous-le-Vent",
    "state_code": "02",
    "province": "Tahaa",
    "province_code": "98745",
    "community": "",
    "community_code": "",
    "latitude": "-16.6681",
    "longitude": "-151.4651"
  },
  {
    "country_code": "PF",
    "zipcode": "98734",
    "place": "Niua",
    "state": "\u00CEles Sous-le-Vent",
    "state_code": "02",
    "province": "Tahaa",
    "province_code": "98745",
    "community": "",
    "community_code": "",
    "latitude": "-16.6591",
    "longitude": "-151.4961"
  },
  {
    "country_code": "PF",
    "zipcode": "98734",
    "place": "Faaaha",
    "state": "\u00CEles Sous-le-Vent",
    "state_code": "02",
    "province": "Tahaa",
    "province_code": "98745",
    "community": "",
    "community_code": "",
    "latitude": "-16.6257",
    "longitude": "-151.4549"
  },
  {
    "country_code": "PF",
    "zipcode": "98734",
    "place": "Haamene",
    "state": "\u00CEles Sous-le-Vent",
    "state_code": "02",
    "province": "Tahaa",
    "province_code": "98745",
    "community": "",
    "community_code": "",
    "latitude": "-16.6364",
    "longitude": "-151.4815"
  },
  {
    "country_code": "PF",
    "zipcode": "98735",
    "place": "Puohine",
    "state": "\u00CEles Sous-le-Vent",
    "state_code": "02",
    "province": "Taputapuatea",
    "province_code": "98750",
    "community": "",
    "community_code": "",
    "latitude": "-16.8799",
    "longitude": "-151.404"
  },
  {
    "country_code": "PF",
    "zipcode": "98735",
    "place": "Opoa",
    "state": "\u00CEles Sous-le-Vent",
    "state_code": "02",
    "province": "Taputapuatea",
    "province_code": "98750",
    "community": "",
    "community_code": "",
    "latitude": "-16.8482",
    "longitude": "-151.385"
  },
  {
    "country_code": "PF",
    "zipcode": "98735",
    "place": "Avera",
    "state": "\u00CEles Sous-le-Vent",
    "state_code": "02",
    "province": "Taputapuatea",
    "province_code": "98750",
    "community": "",
    "community_code": "",
    "latitude": "-16.8808",
    "longitude": "-151.4008"
  },
  {
    "country_code": "PF",
    "zipcode": "98735",
    "place": "Taputapuatea",
    "state": "\u00CEles Sous-le-Vent",
    "state_code": "02",
    "province": "Taputapuatea",
    "province_code": "98750",
    "community": "",
    "community_code": "",
    "latitude": "-16.8808",
    "longitude": "-151.4008"
  },
  {
    "country_code": "PF",
    "zipcode": "98735",
    "place": "Fetuna",
    "state": "\u00CEles Sous-le-Vent",
    "state_code": "02",
    "province": "Tumaraa",
    "province_code": "98754",
    "community": "",
    "community_code": "",
    "latitude": "-16.8873",
    "longitude": "-151.4368"
  },
  {
    "country_code": "PF",
    "zipcode": "98735",
    "place": "Tumaraa",
    "state": "\u00CEles Sous-le-Vent",
    "state_code": "02",
    "province": "Tumaraa",
    "province_code": "98754",
    "community": "",
    "community_code": "",
    "latitude": "-16.8307",
    "longitude": "-151.4715"
  },
  {
    "country_code": "PF",
    "zipcode": "98735",
    "place": "Tehurui",
    "state": "\u00CEles Sous-le-Vent",
    "state_code": "02",
    "province": "Tumaraa",
    "province_code": "98754",
    "community": "",
    "community_code": "",
    "latitude": "-16.8316",
    "longitude": "-151.4683"
  },
  {
    "country_code": "PF",
    "zipcode": "98735",
    "place": "Tevaitoa",
    "state": "\u00CEles Sous-le-Vent",
    "state_code": "02",
    "province": "Tumaraa",
    "province_code": "98754",
    "community": "",
    "community_code": "",
    "latitude": "-16.7836",
    "longitude": "-151.4724"
  },
  {
    "country_code": "PF",
    "zipcode": "98735",
    "place": "Uturoa",
    "state": "\u00CEles Sous-le-Vent",
    "state_code": "02",
    "province": "Uturoa",
    "province_code": "98758",
    "community": "",
    "community_code": "",
    "latitude": "-16.7406",
    "longitude": "-151.458"
  },
  {
    "country_code": "PF",
    "zipcode": "98760",
    "place": "Tuuhora",
    "state": "\u00CEles Tuamotu-Gambier",
    "state_code": "03",
    "province": "Anaa",
    "province_code": "98711",
    "community": "",
    "community_code": "",
    "latitude": "-17.3966",
    "longitude": "-145.5214"
  },
  {
    "country_code": "PF",
    "zipcode": "98786",
    "place": "Hitianau",
    "state": "\u00CEles Tuamotu-Gambier",
    "state_code": "03",
    "province": "Anaa",
    "province_code": "98711",
    "community": "",
    "community_code": "",
    "latitude": "-16.7125",
    "longitude": "-145.2203"
  },
  {
    "country_code": "PF",
    "zipcode": "98790",
    "place": "Tepupahea",
    "state": "\u00CEles Tuamotu-Gambier",
    "state_code": "03",
    "province": "Anaa",
    "province_code": "98711",
    "community": "",
    "community_code": "",
    "latitude": "-16.8708",
    "longitude": "-144.7867"
  },
  {
    "country_code": "PF",
    "zipcode": "98761",
    "place": "Rautini",
    "state": "\u00CEles Tuamotu-Gambier",
    "state_code": "03",
    "province": "Arutua",
    "province_code": "98713",
    "community": "",
    "community_code": "",
    "latitude": "-15.2526",
    "longitude": "-146.7361"
  },
  {
    "country_code": "PF",
    "zipcode": "98762",
    "place": "Niutahi",
    "state": "\u00CEles Tuamotu-Gambier",
    "state_code": "03",
    "province": "Arutua",
    "province_code": "98713",
    "community": "",
    "community_code": "",
    "latitude": "-15.3961",
    "longitude": "-146.3131"
  },
  {
    "country_code": "PF",
    "zipcode": "98785",
    "place": "Raitahiti",
    "state": "\u00CEles Tuamotu-Gambier",
    "state_code": "03",
    "province": "Arutua",
    "province_code": "98713",
    "community": "",
    "community_code": "",
    "latitude": "-15.7141",
    "longitude": "-146.7425"
  },
  {
    "country_code": "PF",
    "zipcode": "98763",
    "place": "Rotoava",
    "state": "\u00CEles Tuamotu-Gambier",
    "state_code": "03",
    "province": "Fakarava",
    "province_code": "98716",
    "community": "",
    "community_code": "",
    "latitude": "-16.2025",
    "longitude": "-145.6031"
  },
  {
    "country_code": "PF",
    "zipcode": "98764",
    "place": "Paparara",
    "state": "\u00CEles Tuamotu-Gambier",
    "state_code": "03",
    "province": "Fakarava",
    "province_code": "98716",
    "community": "",
    "community_code": "",
    "latitude": "-15.514",
    "longitude": "-145.5059"
  },
  {
    "country_code": "PF",
    "zipcode": "98787",
    "place": "Tearavero",
    "state": "\u00CEles Tuamotu-Gambier",
    "state_code": "03",
    "province": "Fakarava",
    "province_code": "98716",
    "community": "",
    "community_code": "",
    "latitude": "-15.8592",
    "longitude": "-145.1344"
  },
  {
    "country_code": "PF",
    "zipcode": "98790",
    "place": "Toau",
    "state": "\u00CEles Tuamotu-Gambier",
    "state_code": "03",
    "province": "Fakarava",
    "province_code": "98716",
    "community": "",
    "community_code": "",
    "latitude": "-15.8601",
    "longitude": "-146.0092"
  },
  {
    "country_code": "PF",
    "zipcode": "98790",
    "place": "Motu Tapu",
    "state": "\u00CEles Tuamotu-Gambier",
    "state_code": "03",
    "province": "Fakarava",
    "province_code": "98716",
    "community": "",
    "community_code": "",
    "latitude": "-16.2492",
    "longitude": "-144.9277"
  },
  {
    "country_code": "PF",
    "zipcode": "98790",
    "place": "Ofare",
    "state": "\u00CEles Tuamotu-Gambier",
    "state_code": "03",
    "province": "Fakarava",
    "province_code": "98716",
    "community": "",
    "community_code": "",
    "latitude": "-16.2492",
    "longitude": "-144.9277"
  },
  {
    "country_code": "PF",
    "zipcode": "98765",
    "place": "Teana",
    "state": "\u00CEles Tuamotu-Gambier",
    "state_code": "03",
    "province": "Fangatau",
    "province_code": "98717",
    "community": "",
    "community_code": "",
    "latitude": "-15.8223",
    "longitude": "-140.8657"
  },
  {
    "country_code": "PF",
    "zipcode": "98766",
    "place": "Tarione",
    "state": "\u00CEles Tuamotu-Gambier",
    "state_code": "03",
    "province": "Fangatau",
    "province_code": "98717",
    "community": "",
    "community_code": "",
    "latitude": "-15.9819",
    "longitude": "-140.1323"
  },
  {
    "country_code": "PF",
    "zipcode": "98755",
    "place": "Akamaru",
    "state": "\u00CEles Tuamotu-Gambier",
    "state_code": "03",
    "province": "Gambier",
    "province_code": "98719",
    "community": "",
    "community_code": "",
    "latitude": "-23.1861",
    "longitude": "-134.914"
  },
  {
    "country_code": "PF",
    "zipcode": "98755",
    "place": "Rikitea",
    "state": "\u00CEles Tuamotu-Gambier",
    "state_code": "03",
    "province": "Gambier",
    "province_code": "98719",
    "community": "",
    "community_code": "",
    "latitude": "-21.3081",
    "longitude": "-136.75"
  },
  {
    "country_code": "PF",
    "zipcode": "98755",
    "place": "Taravai",
    "state": "\u00CEles Tuamotu-Gambier",
    "state_code": "03",
    "province": "Gambier",
    "province_code": "98719",
    "community": "",
    "community_code": "",
    "latitude": "-23.1473",
    "longitude": "-135.0395"
  },
  {
    "country_code": "PF",
    "zipcode": "98755",
    "place": "Aukena",
    "state": "\u00CEles Tuamotu-Gambier",
    "state_code": "03",
    "province": "Gambier",
    "province_code": "98719",
    "community": "",
    "community_code": "",
    "latitude": "-23.2187",
    "longitude": "-134.9711"
  },
  {
    "country_code": "PF",
    "zipcode": "98755",
    "place": "Kamaka",
    "state": "\u00CEles Tuamotu-Gambier",
    "state_code": "03",
    "province": "Gambier",
    "province_code": "98719",
    "community": "",
    "community_code": "",
    "latitude": "-23.2432",
    "longitude": "-134.9578"
  },
  {
    "country_code": "PF",
    "zipcode": "98755",
    "place": "Makaroa",
    "state": "\u00CEles Tuamotu-Gambier",
    "state_code": "03",
    "province": "Gambier",
    "province_code": "98719",
    "community": "",
    "community_code": "",
    "latitude": "-23.1321",
    "longitude": "-134.9038"
  },
  {
    "country_code": "PF",
    "zipcode": "98755",
    "place": "Mangareva",
    "state": "\u00CEles Tuamotu-Gambier",
    "state_code": "03",
    "province": "Gambier",
    "province_code": "98719",
    "community": "",
    "community_code": "",
    "latitude": "-23.1066",
    "longitude": "-134.9622"
  },
  {
    "country_code": "PF",
    "zipcode": "98755",
    "place": "Maniui",
    "state": "\u00CEles Tuamotu-Gambier",
    "state_code": "03",
    "province": "Gambier",
    "province_code": "98719",
    "community": "",
    "community_code": "",
    "latitude": "-21.3081",
    "longitude": "-136.75"
  },
  {
    "country_code": "PF",
    "zipcode": "98755",
    "place": "Angakauitai",
    "state": "\u00CEles Tuamotu-Gambier",
    "state_code": "03",
    "province": "Gambier",
    "province_code": "98719",
    "community": "",
    "community_code": "",
    "latitude": "-23.1658",
    "longitude": "-135.0354"
  },
  {
    "country_code": "PF",
    "zipcode": "98792",
    "place": "Temoe",
    "state": "\u00CEles Tuamotu-Gambier",
    "state_code": "03",
    "province": "Gambier",
    "province_code": "98719",
    "community": "",
    "community_code": "",
    "latitude": "-23.3443",
    "longitude": "-134.4792"
  },
  {
    "country_code": "PF",
    "zipcode": "98792",
    "place": "Tenararo",
    "state": "\u00CEles Tuamotu-Gambier",
    "state_code": "03",
    "province": "Gambier",
    "province_code": "98719",
    "community": "",
    "community_code": "",
    "latitude": "-21.3051",
    "longitude": "-136.7465"
  },
  {
    "country_code": "PF",
    "zipcode": "98792",
    "place": "Tenarunga",
    "state": "\u00CEles Tuamotu-Gambier",
    "state_code": "03",
    "province": "Gambier",
    "province_code": "98719",
    "community": "",
    "community_code": "",
    "latitude": "-21.3446",
    "longitude": "-136.5425"
  },
  {
    "country_code": "PF",
    "zipcode": "98792",
    "place": "Vahanga",
    "state": "\u00CEles Tuamotu-Gambier",
    "state_code": "03",
    "province": "Gambier",
    "province_code": "98719",
    "community": "",
    "community_code": "",
    "latitude": "-21.3315",
    "longitude": "-136.6522"
  },
  {
    "country_code": "PF",
    "zipcode": "98792",
    "place": "Maria Est",
    "state": "\u00CEles Tuamotu-Gambier",
    "state_code": "03",
    "province": "Gambier",
    "province_code": "98719",
    "community": "",
    "community_code": "",
    "latitude": "-21.3081",
    "longitude": "-136.75"
  },
  {
    "country_code": "PF",
    "zipcode": "98792",
    "place": "Morane",
    "state": "\u00CEles Tuamotu-Gambier",
    "state_code": "03",
    "province": "Gambier",
    "province_code": "98719",
    "community": "",
    "community_code": "",
    "latitude": "-23.1526",
    "longitude": "-137.1315"
  },
  {
    "country_code": "PF",
    "zipcode": "98792",
    "place": "Motureivavao",
    "state": "\u00CEles Tuamotu-Gambier",
    "state_code": "03",
    "province": "Gambier",
    "province_code": "98719",
    "community": "",
    "community_code": "",
    "latitude": "-21.3081",
    "longitude": "-136.75"
  },
  {
    "country_code": "PF",
    "zipcode": "98793",
    "place": "Marutea Sud",
    "state": "\u00CEles Tuamotu-Gambier",
    "state_code": "03",
    "province": "Gambier",
    "province_code": "98719",
    "community": "",
    "community_code": "",
    "latitude": "-21.5187",
    "longitude": "-135.5622"
  },
  {
    "country_code": "PF",
    "zipcode": "98767",
    "place": "Otepa",
    "state": "\u00CEles Tuamotu-Gambier",
    "state_code": "03",
    "province": "Hao",
    "province_code": "98720",
    "community": "",
    "community_code": "",
    "latitude": "-18.2622",
    "longitude": "-140.8621"
  },
  {
    "country_code": "PF",
    "zipcode": "98790",
    "place": "Ahunui",
    "state": "\u00CEles Tuamotu-Gambier",
    "state_code": "03",
    "province": "Hao",
    "province_code": "98720",
    "community": "",
    "community_code": "",
    "latitude": "-19.634",
    "longitude": "-140.4082"
  },
  {
    "country_code": "PF",
    "zipcode": "98790",
    "place": "Herehretue",
    "state": "\u00CEles Tuamotu-Gambier",
    "state_code": "03",
    "province": "Hao",
    "province_code": "98720",
    "community": "",
    "community_code": "",
    "latitude": "-20.6982",
    "longitude": "-143.0476"
  },
  {
    "country_code": "PF",
    "zipcode": "98790",
    "place": "Hikitake",
    "state": "\u00CEles Tuamotu-Gambier",
    "state_code": "03",
    "province": "Hao",
    "province_code": "98720",
    "community": "",
    "community_code": "",
    "latitude": "-20.6982",
    "longitude": "-143.0476"
  },
  {
    "country_code": "PF",
    "zipcode": "98790",
    "place": "Otetou",
    "state": "\u00CEles Tuamotu-Gambier",
    "state_code": "03",
    "province": "Hao",
    "province_code": "98720",
    "community": "",
    "community_code": "",
    "latitude": "-20.6982",
    "longitude": "-143.0476"
  },
  {
    "country_code": "PF",
    "zipcode": "98790",
    "place": "Teanoga",
    "state": "\u00CEles Tuamotu-Gambier",
    "state_code": "03",
    "province": "Hao",
    "province_code": "98720",
    "community": "",
    "community_code": "",
    "latitude": "-20.6982",
    "longitude": "-143.0476"
  },
  {
    "country_code": "PF",
    "zipcode": "98790",
    "place": "Amanu",
    "state": "\u00CEles Tuamotu-Gambier",
    "state_code": "03",
    "province": "Hao",
    "province_code": "98720",
    "community": "",
    "community_code": "",
    "latitude": "-17.8028",
    "longitude": "-140.7716"
  },
  {
    "country_code": "PF",
    "zipcode": "98790",
    "place": "Paraoa",
    "state": "\u00CEles Tuamotu-Gambier",
    "state_code": "03",
    "province": "Hao",
    "province_code": "98720",
    "community": "",
    "community_code": "",
    "latitude": "-19.1265",
    "longitude": "-140.6894"
  },
  {
    "country_code": "PF",
    "zipcode": "98790",
    "place": "Nengonengo",
    "state": "\u00CEles Tuamotu-Gambier",
    "state_code": "03",
    "province": "Hao",
    "province_code": "98720",
    "community": "",
    "community_code": "",
    "latitude": "-18.7332",
    "longitude": "-141.8199"
  },
  {
    "country_code": "PF",
    "zipcode": "98790",
    "place": "Manuhangi",
    "state": "\u00CEles Tuamotu-Gambier",
    "state_code": "03",
    "province": "Hao",
    "province_code": "98720",
    "community": "",
    "community_code": "",
    "latitude": "-19.1971",
    "longitude": "-141.2449"
  },
  {
    "country_code": "PF",
    "zipcode": "98768",
    "place": "Tupapati",
    "state": "\u00CEles Tuamotu-Gambier",
    "state_code": "03",
    "province": "Hikueru",
    "province_code": "98721",
    "community": "",
    "community_code": "",
    "latitude": "-17.569",
    "longitude": "-142.5933"
  },
  {
    "country_code": "PF",
    "zipcode": "98790",
    "place": "Motutapu",
    "state": "\u00CEles Tuamotu-Gambier",
    "state_code": "03",
    "province": "Hikueru",
    "province_code": "98721",
    "community": "",
    "community_code": "",
    "latitude": "-17.8493",
    "longitude": "-143.066"
  },
  {
    "country_code": "PF",
    "zipcode": "98790",
    "place": "Ravahere",
    "state": "\u00CEles Tuamotu-Gambier",
    "state_code": "03",
    "province": "Hikueru",
    "province_code": "98721",
    "community": "",
    "community_code": "",
    "latitude": "-18.2444",
    "longitude": "-142.1514"
  },
  {
    "country_code": "PF",
    "zipcode": "98790",
    "place": "Tepeperu",
    "state": "\u00CEles Tuamotu-Gambier",
    "state_code": "03",
    "province": "Hikueru",
    "province_code": "98721",
    "community": "",
    "community_code": "",
    "latitude": "-17.8493",
    "longitude": "-143.066"
  },
  {
    "country_code": "PF",
    "zipcode": "98790",
    "place": "Mahetika",
    "state": "\u00CEles Tuamotu-Gambier",
    "state_code": "03",
    "province": "Hikueru",
    "province_code": "98721",
    "community": "",
    "community_code": "",
    "latitude": "-17.8493",
    "longitude": "-143.066"
  },
  {
    "country_code": "PF",
    "zipcode": "98769",
    "place": "Pouheva",
    "state": "\u00CEles Tuamotu-Gambier",
    "state_code": "03",
    "province": "Makemo",
    "province_code": "98726",
    "community": "",
    "community_code": "",
    "latitude": "-16.5535",
    "longitude": "-143.6946"
  },
  {
    "country_code": "PF",
    "zipcode": "98789",
    "place": "Hitianau",
    "state": "\u00CEles Tuamotu-Gambier",
    "state_code": "03",
    "province": "Makemo",
    "province_code": "98726",
    "community": "",
    "community_code": "",
    "latitude": "-16.3986",
    "longitude": "-144.3321"
  },
  {
    "country_code": "PF",
    "zipcode": "98790",
    "place": "Haraiki",
    "state": "\u00CEles Tuamotu-Gambier",
    "state_code": "03",
    "province": "Makemo",
    "province_code": "98726",
    "community": "",
    "community_code": "",
    "latitude": "-17.4589",
    "longitude": "-143.4506"
  },
  {
    "country_code": "PF",
    "zipcode": "98790",
    "place": "Hiti",
    "state": "\u00CEles Tuamotu-Gambier",
    "state_code": "03",
    "province": "Makemo",
    "province_code": "98726",
    "community": "",
    "community_code": "",
    "latitude": "-16.7164",
    "longitude": "-144.0984"
  },
  {
    "country_code": "PF",
    "zipcode": "98790",
    "place": "Tepoto Sud",
    "state": "\u00CEles Tuamotu-Gambier",
    "state_code": "03",
    "province": "Makemo",
    "province_code": "98726",
    "community": "",
    "community_code": "",
    "latitude": "-16.8175",
    "longitude": "-144.2853"
  },
  {
    "country_code": "PF",
    "zipcode": "98790",
    "place": "Tuanake",
    "state": "\u00CEles Tuamotu-Gambier",
    "state_code": "03",
    "province": "Makemo",
    "province_code": "98726",
    "community": "",
    "community_code": "",
    "latitude": "-16.6423",
    "longitude": "-144.2118"
  },
  {
    "country_code": "PF",
    "zipcode": "98790",
    "place": "Henuaparea",
    "state": "\u00CEles Tuamotu-Gambier",
    "state_code": "03",
    "province": "Makemo",
    "province_code": "98726",
    "community": "",
    "community_code": "",
    "latitude": "-16.3277",
    "longitude": "-143.1146"
  },
  {
    "country_code": "PF",
    "zipcode": "98790",
    "place": "Otatake",
    "state": "\u00CEles Tuamotu-Gambier",
    "state_code": "03",
    "province": "Makemo",
    "province_code": "98726",
    "community": "",
    "community_code": "",
    "latitude": "-16.3277",
    "longitude": "-143.1146"
  },
  {
    "country_code": "PF",
    "zipcode": "98790",
    "place": "Marutea Nord",
    "state": "\u00CEles Tuamotu-Gambier",
    "state_code": "03",
    "province": "Makemo",
    "province_code": "98726",
    "community": "",
    "community_code": "",
    "latitude": "-17.0581",
    "longitude": "-143.0778"
  },
  {
    "country_code": "PF",
    "zipcode": "98790",
    "place": "Garumaoa",
    "state": "\u00CEles Tuamotu-Gambier",
    "state_code": "03",
    "province": "Makemo",
    "province_code": "98726",
    "community": "",
    "community_code": "",
    "latitude": "-16.3277",
    "longitude": "-143.1146"
  },
  {
    "country_code": "PF",
    "zipcode": "98770",
    "place": "Tenokupara",
    "state": "\u00CEles Tuamotu-Gambier",
    "state_code": "03",
    "province": "Manihi",
    "province_code": "98727",
    "community": "",
    "community_code": "",
    "latitude": "-14.4846",
    "longitude": "-146.3073"
  },
  {
    "country_code": "PF",
    "zipcode": "98771",
    "place": "Turipaoa",
    "state": "\u00CEles Tuamotu-Gambier",
    "state_code": "03",
    "province": "Manihi",
    "province_code": "98727",
    "community": "",
    "community_code": "",
    "latitude": "-14.3985",
    "longitude": "-145.9542"
  },
  {
    "country_code": "PF",
    "zipcode": "98772",
    "place": "Tepukamaruia",
    "state": "\u00CEles Tuamotu-Gambier",
    "state_code": "03",
    "province": "Napuka",
    "province_code": "98730",
    "community": "",
    "community_code": "",
    "latitude": "-14.173",
    "longitude": "-141.2232"
  },
  {
    "country_code": "PF",
    "zipcode": "98773",
    "place": "Tavava",
    "state": "\u00CEles Tuamotu-Gambier",
    "state_code": "03",
    "province": "Nukutavake",
    "province_code": "98732",
    "community": "",
    "community_code": "",
    "latitude": "-19.28",
    "longitude": "-138.7834"
  },
  {
    "country_code": "PF",
    "zipcode": "98788",
    "place": "Temanufaara",
    "state": "\u00CEles Tuamotu-Gambier",
    "state_code": "03",
    "province": "Nukutavake",
    "province_code": "98732",
    "community": "",
    "community_code": "",
    "latitude": "-18.7697",
    "longitude": "-138.8211"
  },
  {
    "country_code": "PF",
    "zipcode": "98774",
    "place": "Teonemahina",
    "state": "\u00CEles Tuamotu-Gambier",
    "state_code": "03",
    "province": "Pukapuka",
    "province_code": "98737",
    "community": "",
    "community_code": "",
    "latitude": "-14.8161",
    "longitude": "-138.8186"
  },
  {
    "country_code": "PF",
    "zipcode": "98775",
    "place": "Avatoru",
    "state": "\u00CEles Tuamotu-Gambier",
    "state_code": "03",
    "province": "Rangiroa",
    "province_code": "98740",
    "community": "",
    "community_code": "",
    "latitude": "-15.0732",
    "longitude": "-147.5282"
  },
  {
    "country_code": "PF",
    "zipcode": "98776",
    "place": "Tiputa",
    "state": "\u00CEles Tuamotu-Gambier",
    "state_code": "03",
    "province": "Rangiroa",
    "province_code": "98740",
    "community": "",
    "community_code": "",
    "latitude": "-15.0732",
    "longitude": "-147.5282"
  },
  {
    "country_code": "PF",
    "zipcode": "98777",
    "place": "Pahua",
    "state": "\u00CEles Tuamotu-Gambier",
    "state_code": "03",
    "province": "Rangiroa",
    "province_code": "98740",
    "community": "",
    "community_code": "",
    "latitude": "-14.8848",
    "longitude": "-148.6748"
  },
  {
    "country_code": "PF",
    "zipcode": "98778",
    "place": "Tuherahera",
    "state": "\u00CEles Tuamotu-Gambier",
    "state_code": "03",
    "province": "Rangiroa",
    "province_code": "98740",
    "community": "",
    "community_code": "",
    "latitude": "-14.9934",
    "longitude": "-148.162"
  },
  {
    "country_code": "PF",
    "zipcode": "98790",
    "place": "Vaitepaua",
    "state": "\u00CEles Tuamotu-Gambier",
    "state_code": "03",
    "province": "Rangiroa",
    "province_code": "98740",
    "community": "",
    "community_code": "",
    "latitude": "-15.0732",
    "longitude": "-147.5282"
  },
  {
    "country_code": "PF",
    "zipcode": "98779",
    "place": "Tapuarava",
    "state": "\u00CEles Tuamotu-Gambier",
    "state_code": "03",
    "province": "Reao",
    "province_code": "98742",
    "community": "",
    "community_code": "",
    "latitude": "-18.514",
    "longitude": "-136.3792"
  },
  {
    "country_code": "PF",
    "zipcode": "98780",
    "place": "Marautagaroa",
    "state": "\u00CEles Tuamotu-Gambier",
    "state_code": "03",
    "province": "Reao",
    "province_code": "98742",
    "community": "",
    "community_code": "",
    "latitude": "-18.3043",
    "longitude": "-137.0173"
  },
  {
    "country_code": "PF",
    "zipcode": "98781",
    "place": "Teavaroa",
    "state": "\u00CEles Tuamotu-Gambier",
    "state_code": "03",
    "province": "Takaroa",
    "province_code": "98749",
    "community": "",
    "community_code": "",
    "latitude": "-14.4397",
    "longitude": "-144.9533"
  },
  {
    "country_code": "PF",
    "zipcode": "98782",
    "place": "Fakatopatere",
    "state": "\u00CEles Tuamotu-Gambier",
    "state_code": "03",
    "province": "Takaroa",
    "province_code": "98749",
    "community": "",
    "community_code": "",
    "latitude": "-14.6334",
    "longitude": "-145.2101"
  },
  {
    "country_code": "PF",
    "zipcode": "98790",
    "place": "Tikei",
    "state": "\u00CEles Tuamotu-Gambier",
    "state_code": "03",
    "province": "Takaroa",
    "province_code": "98749",
    "community": "",
    "community_code": "",
    "latitude": "-14.9505",
    "longitude": "-144.5466"
  },
  {
    "country_code": "PF",
    "zipcode": "98783",
    "place": "Tumukuru",
    "state": "\u00CEles Tuamotu-Gambier",
    "state_code": "03",
    "province": "Tatakoto",
    "province_code": "98751",
    "community": "",
    "community_code": "",
    "latitude": "-17.3379",
    "longitude": "-138.3978"
  },
  {
    "country_code": "PF",
    "zipcode": "98784",
    "place": "Fakamaru",
    "state": "\u00CEles Tuamotu-Gambier",
    "state_code": "03",
    "province": "Tureia",
    "province_code": "98755",
    "community": "",
    "community_code": "",
    "latitude": "-20.8244",
    "longitude": "-138.54"
  },
  {
    "country_code": "PF",
    "zipcode": "98740",
    "place": "Hanavave",
    "state": "\u00CEles Marquises",
    "state_code": "04",
    "province": "Fatu-Hiva",
    "province_code": "98718",
    "community": "",
    "community_code": "",
    "latitude": "-10.3612",
    "longitude": "-138.4148"
  },
  {
    "country_code": "PF",
    "zipcode": "98740",
    "place": "Omoa",
    "state": "\u00CEles Marquises",
    "state_code": "04",
    "province": "Fatu-Hiva",
    "province_code": "98718",
    "community": "",
    "community_code": "",
    "latitude": "-10.3612",
    "longitude": "-138.4148"
  },
  {
    "country_code": "PF",
    "zipcode": "98741",
    "place": "Hanaiapa",
    "state": "\u00CEles Marquises",
    "state_code": "04",
    "province": "Hiva-Oa",
    "province_code": "98723",
    "community": "",
    "community_code": "",
    "latitude": "-9.7562",
    "longitude": "-138.8869"
  },
  {
    "country_code": "PF",
    "zipcode": "98741",
    "place": "Atuona",
    "state": "\u00CEles Marquises",
    "state_code": "04",
    "province": "Hiva-Oa",
    "province_code": "98723",
    "community": "",
    "community_code": "",
    "latitude": "-9.7765",
    "longitude": "-139.0558"
  },
  {
    "country_code": "PF",
    "zipcode": "98741",
    "place": "Eiaone",
    "state": "\u00CEles Marquises",
    "state_code": "04",
    "province": "Hiva-Oa",
    "province_code": "98723",
    "community": "",
    "community_code": "",
    "latitude": "-9.7562",
    "longitude": "-138.8869"
  },
  {
    "country_code": "PF",
    "zipcode": "98741",
    "place": "Paumau",
    "state": "\u00CEles Marquises",
    "state_code": "04",
    "province": "Hiva-Oa",
    "province_code": "98723",
    "community": "",
    "community_code": "",
    "latitude": "-9.7562",
    "longitude": "-138.8869"
  },
  {
    "country_code": "PF",
    "zipcode": "98741",
    "place": "Hanapaoa",
    "state": "\u00CEles Marquises",
    "state_code": "04",
    "province": "Hiva-Oa",
    "province_code": "98723",
    "community": "",
    "community_code": "",
    "latitude": "-9.7562",
    "longitude": "-138.8869"
  },
  {
    "country_code": "PF",
    "zipcode": "98741",
    "place": "Nahoe",
    "state": "\u00CEles Marquises",
    "state_code": "04",
    "province": "Hiva-Oa",
    "province_code": "98723",
    "community": "",
    "community_code": "",
    "latitude": "-9.7562",
    "longitude": "-138.8869"
  },
  {
    "country_code": "PF",
    "zipcode": "98741",
    "place": "Motu Ua",
    "state": "\u00CEles Marquises",
    "state_code": "04",
    "province": "Hiva-Oa",
    "province_code": "98723",
    "community": "",
    "community_code": "",
    "latitude": "-9.7562",
    "longitude": "-138.8869"
  },
  {
    "country_code": "PF",
    "zipcode": "98749",
    "place": "Puamau",
    "state": "\u00CEles Marquises",
    "state_code": "04",
    "province": "Hiva-Oa",
    "province_code": "98723",
    "community": "",
    "community_code": "",
    "latitude": "-9.7683",
    "longitude": "-138.9128"
  },
  {
    "country_code": "PF",
    "zipcode": "98796",
    "place": "Mohotani",
    "state": "\u00CEles Marquises",
    "state_code": "04",
    "province": "Hiva-Oa",
    "province_code": "98723",
    "community": "",
    "community_code": "",
    "latitude": "-9.9852",
    "longitude": "-138.8266"
  },
  {
    "country_code": "PF",
    "zipcode": "98796",
    "place": "Fatu Huku",
    "state": "\u00CEles Marquises",
    "state_code": "04",
    "province": "Hiva-Oa",
    "province_code": "98723",
    "community": "",
    "community_code": "",
    "latitude": "-9.4366",
    "longitude": "-138.9263"
  },
  {
    "country_code": "PF",
    "zipcode": "98742",
    "place": "Terre Deserte",
    "state": "\u00CEles Marquises",
    "state_code": "04",
    "province": "Nuku-Hiva",
    "province_code": "98731",
    "community": "",
    "community_code": "",
    "latitude": "-8.8255",
    "longitude": "-140.1304"
  },
  {
    "country_code": "PF",
    "zipcode": "98742",
    "place": "Aakapa",
    "state": "\u00CEles Marquises",
    "state_code": "04",
    "province": "Nuku-Hiva",
    "province_code": "98731",
    "community": "",
    "community_code": "",
    "latitude": "-8.8255",
    "longitude": "-140.1304"
  },
  {
    "country_code": "PF",
    "zipcode": "98742",
    "place": "Taiohae",
    "state": "\u00CEles Marquises",
    "state_code": "04",
    "province": "Nuku-Hiva",
    "province_code": "98731",
    "community": "",
    "community_code": "",
    "latitude": "-8.8967",
    "longitude": "-140.159"
  },
  {
    "country_code": "PF",
    "zipcode": "98742",
    "place": "Taipivai",
    "state": "\u00CEles Marquises",
    "state_code": "04",
    "province": "Nuku-Hiva",
    "province_code": "98731",
    "community": "",
    "community_code": "",
    "latitude": "-8.8789",
    "longitude": "-140.0595"
  },
  {
    "country_code": "PF",
    "zipcode": "98742",
    "place": "Nukuataha",
    "state": "\u00CEles Marquises",
    "state_code": "04",
    "province": "Nuku-Hiva",
    "province_code": "98731",
    "community": "",
    "community_code": "",
    "latitude": "-8.8255",
    "longitude": "-140.1304"
  },
  {
    "country_code": "PF",
    "zipcode": "98748",
    "place": "Hatiheu",
    "state": "\u00CEles Marquises",
    "state_code": "04",
    "province": "Nuku-Hiva",
    "province_code": "98731",
    "community": "",
    "community_code": "",
    "latitude": "-8.8248",
    "longitude": "-140.1581"
  },
  {
    "country_code": "PF",
    "zipcode": "98796",
    "place": "Hatutaa",
    "state": "\u00CEles Marquises",
    "state_code": "04",
    "province": "Nuku-Hiva",
    "province_code": "98731",
    "community": "",
    "community_code": "",
    "latitude": "-7.917",
    "longitude": "-140.5712"
  },
  {
    "country_code": "PF",
    "zipcode": "98796",
    "place": "Hatu Iti",
    "state": "\u00CEles Marquises",
    "state_code": "04",
    "province": "Nuku-Hiva",
    "province_code": "98731",
    "community": "",
    "community_code": "",
    "latitude": "-8.6765",
    "longitude": "-140.6174"
  },
  {
    "country_code": "PF",
    "zipcode": "98796",
    "place": "Eiao",
    "state": "\u00CEles Marquises",
    "state_code": "04",
    "province": "Nuku-Hiva",
    "province_code": "98731",
    "community": "",
    "community_code": "",
    "latitude": "-7.997",
    "longitude": "-140.6885"
  },
  {
    "country_code": "PF",
    "zipcode": "98743",
    "place": "Hanatetena",
    "state": "\u00CEles Marquises",
    "state_code": "04",
    "province": "Tahuata",
    "province_code": "98746",
    "community": "",
    "community_code": "",
    "latitude": "-9.9575",
    "longitude": "-139.0832"
  },
  {
    "country_code": "PF",
    "zipcode": "98743",
    "place": "Vaitahu",
    "state": "\u00CEles Marquises",
    "state_code": "04",
    "province": "Tahuata",
    "province_code": "98746",
    "community": "",
    "community_code": "",
    "latitude": "-9.9575",
    "longitude": "-139.0832"
  },
  {
    "country_code": "PF",
    "zipcode": "98743",
    "place": "Hapatoni",
    "state": "\u00CEles Marquises",
    "state_code": "04",
    "province": "Tahuata",
    "province_code": "98746",
    "community": "",
    "community_code": "",
    "latitude": "-9.9575",
    "longitude": "-139.0832"
  },
  {
    "country_code": "PF",
    "zipcode": "98743",
    "place": "Motopu",
    "state": "\u00CEles Marquises",
    "state_code": "04",
    "province": "Tahuata",
    "province_code": "98746",
    "community": "",
    "community_code": "",
    "latitude": "-9.9575",
    "longitude": "-139.0832"
  },
  {
    "country_code": "PF",
    "zipcode": "98744",
    "place": "Vaipaee",
    "state": "\u00CEles Marquises",
    "state_code": "04",
    "province": "Ua Huka",
    "province_code": "98756",
    "community": "",
    "community_code": "",
    "latitude": "-8.9099",
    "longitude": "-139.5493"
  },
  {
    "country_code": "PF",
    "zipcode": "98747",
    "place": "Hane",
    "state": "\u00CEles Marquises",
    "state_code": "04",
    "province": "Ua Huka",
    "province_code": "98756",
    "community": "",
    "community_code": "",
    "latitude": "-8.9084",
    "longitude": "-139.5536"
  },
  {
    "country_code": "PF",
    "zipcode": "98745",
    "place": "Hakahetau",
    "state": "\u00CEles Marquises",
    "state_code": "04",
    "province": "Ua-Pou",
    "province_code": "98757",
    "community": "",
    "community_code": "",
    "latitude": "-9.4283",
    "longitude": "-140.0895"
  },
  {
    "country_code": "PF",
    "zipcode": "98745",
    "place": "Hakahau",
    "state": "\u00CEles Marquises",
    "state_code": "04",
    "province": "Ua-Pou",
    "province_code": "98757",
    "community": "",
    "community_code": "",
    "latitude": "-9.3881",
    "longitude": "-140.0638"
  },
  {
    "country_code": "PF",
    "zipcode": "98745",
    "place": "Hohoi",
    "state": "\u00CEles Marquises",
    "state_code": "04",
    "province": "Ua-Pou",
    "province_code": "98757",
    "community": "",
    "community_code": "",
    "latitude": "-9.4283",
    "longitude": "-140.0895"
  },
  {
    "country_code": "PF",
    "zipcode": "98745",
    "place": "Hakatao",
    "state": "\u00CEles Marquises",
    "state_code": "04",
    "province": "Ua-Pou",
    "province_code": "98757",
    "community": "",
    "community_code": "",
    "latitude": "-9.4283",
    "longitude": "-140.0895"
  },
  {
    "country_code": "PF",
    "zipcode": "98746",
    "place": "Haakuti",
    "state": "\u00CEles Marquises",
    "state_code": "04",
    "province": "Ua-Pou",
    "province_code": "98757",
    "community": "",
    "community_code": "",
    "latitude": "-9.4283",
    "longitude": "-140.0895"
  },
  {
    "country_code": "PF",
    "zipcode": "98746",
    "place": "Hakamaii",
    "state": "\u00CEles Marquises",
    "state_code": "04",
    "province": "Ua-Pou",
    "province_code": "98757",
    "community": "",
    "community_code": "",
    "latitude": "-9.4176",
    "longitude": "-140.0925"
  },
  {
    "country_code": "PF",
    "zipcode": "98750",
    "place": "Rairua",
    "state": "\u00CEles Australes",
    "state_code": "05",
    "province": "Raivavae",
    "province_code": "98739",
    "community": "",
    "community_code": "",
    "latitude": "-23.8793",
    "longitude": "-147.6755"
  },
  {
    "country_code": "PF",
    "zipcode": "98750",
    "place": "Mahanatoa",
    "state": "\u00CEles Australes",
    "state_code": "05",
    "province": "Raivavae",
    "province_code": "98739",
    "community": "",
    "community_code": "",
    "latitude": "-23.8793",
    "longitude": "-147.6755"
  },
  {
    "country_code": "PF",
    "zipcode": "98750",
    "place": "Anatonu",
    "state": "\u00CEles Australes",
    "state_code": "05",
    "province": "Raivavae",
    "province_code": "98739",
    "community": "",
    "community_code": "",
    "latitude": "-23.8495",
    "longitude": "-147.6237"
  },
  {
    "country_code": "PF",
    "zipcode": "98750",
    "place": "Vaiuru",
    "state": "\u00CEles Australes",
    "state_code": "05",
    "province": "Raivavae",
    "province_code": "98739",
    "community": "",
    "community_code": "",
    "latitude": "-23.8678",
    "longitude": "-147.6381"
  },
  {
    "country_code": "PF",
    "zipcode": "98751",
    "place": "Ahurei",
    "state": "\u00CEles Australes",
    "state_code": "05",
    "province": "Rapa",
    "province_code": "98741",
    "community": "",
    "community_code": "",
    "latitude": "-27.6056",
    "longitude": "-144.344"
  },
  {
    "country_code": "PF",
    "zipcode": "98794",
    "place": "Marotiri",
    "state": "\u00CEles Australes",
    "state_code": "05",
    "province": "Rapa",
    "province_code": "98741",
    "community": "",
    "community_code": "",
    "latitude": "-27.8914",
    "longitude": "-143.4959"
  },
  {
    "country_code": "PF",
    "zipcode": "98752",
    "place": "Amaru",
    "state": "\u00CEles Australes",
    "state_code": "05",
    "province": "Rimatara",
    "province_code": "98743",
    "community": "",
    "community_code": "",
    "latitude": "-22.6449",
    "longitude": "-152.7982"
  },
  {
    "country_code": "PF",
    "zipcode": "98752",
    "place": "Rimatara",
    "state": "\u00CEles Australes",
    "state_code": "05",
    "province": "Rimatara",
    "province_code": "98743",
    "community": "",
    "community_code": "",
    "latitude": "-22.657",
    "longitude": "-152.8051"
  },
  {
    "country_code": "PF",
    "zipcode": "98752",
    "place": "Mutuaura",
    "state": "\u00CEles Australes",
    "state_code": "05",
    "province": "Rimatara",
    "province_code": "98743",
    "community": "",
    "community_code": "",
    "latitude": "-22.6567",
    "longitude": "-152.8062"
  },
  {
    "country_code": "PF",
    "zipcode": "98752",
    "place": "Anapoto",
    "state": "\u00CEles Australes",
    "state_code": "05",
    "province": "Rimatara",
    "province_code": "98743",
    "community": "",
    "community_code": "",
    "latitude": "-22.6456",
    "longitude": "-152.8142"
  },
  {
    "country_code": "PF",
    "zipcode": "98795",
    "place": "Maria Ilots",
    "state": "\u00CEles Australes",
    "state_code": "05",
    "province": "Rimatara",
    "province_code": "98743",
    "community": "",
    "community_code": "",
    "latitude": "-22.657",
    "longitude": "-152.8051"
  },
  {
    "country_code": "PF",
    "zipcode": "98753",
    "place": "Hauti",
    "state": "\u00CEles Australes",
    "state_code": "05",
    "province": "Rurutu",
    "province_code": "98744",
    "community": "",
    "community_code": "",
    "latitude": "-22.4975",
    "longitude": "-151.3334"
  },
  {
    "country_code": "PF",
    "zipcode": "98753",
    "place": "Avera",
    "state": "\u00CEles Australes",
    "state_code": "05",
    "province": "Rurutu",
    "province_code": "98744",
    "community": "",
    "community_code": "",
    "latitude": "-22.5004",
    "longitude": "-151.333"
  },
  {
    "country_code": "PF",
    "zipcode": "98753",
    "place": "Moerai",
    "state": "\u00CEles Australes",
    "state_code": "05",
    "province": "Rurutu",
    "province_code": "98744",
    "community": "",
    "community_code": "",
    "latitude": "-22.4543",
    "longitude": "-151.3451"
  },
  {
    "country_code": "PF",
    "zipcode": "98754",
    "place": "Mataura",
    "state": "\u00CEles Australes",
    "state_code": "05",
    "province": "Tubuai",
    "province_code": "98753",
    "community": "",
    "community_code": "",
    "latitude": "-23.3667",
    "longitude": "-149.4978"
  },
  {
    "country_code": "PF",
    "zipcode": "98754",
    "place": "Taahuaia",
    "state": "\u00CEles Australes",
    "state_code": "05",
    "province": "Tubuai",
    "province_code": "98753",
    "community": "",
    "community_code": "",
    "latitude": "-23.3637",
    "longitude": "-149.453"
  },
  {
    "country_code": "PF",
    "zipcode": "98754",
    "place": "Mahu",
    "state": "\u00CEles Australes",
    "state_code": "05",
    "province": "Tubuai",
    "province_code": "98753",
    "community": "",
    "community_code": "",
    "latitude": "-23.3886",
    "longitude": "-149.4816"
  }
]