[
  {
    "country_code": "MH",
    "zipcode": "96960",
    "place": "Majuro",
    "state": "Marshall Islands",
    "state_code": "68",
    "province": "Ailinginae",
    "province_code": "007",
    "community": "",
    "community_code": "",
    "latitude": "11.1405",
    "longitude": "166.4103"
  },
  {
    "country_code": "MH",
    "zipcode": "96970",
    "place": "Ebeye",
    "state": "Marshall Islands",
    "state_code": "68",
    "province": "Ailinginae",
    "province_code": "007",
    "community": "",
    "community_code": "",
    "latitude": "11.1405",
    "longitude": "166.4103"
  }
]