<zipcodes>
  <object>
    <country_code>GL</country_code>
    <zipcode>2412</zipcode>
    <place>Santa Claus/Julemanden</place>
    <state></state>
    <state_code></state_code>
    <province></province>
    <province_code></province_code>
    <community></community>
    <community_code></community_code>
    <latitude>90</latitude>
    <longitude>0</longitude>
  </object>
  <object>
    <country_code>GL</country_code>
    <zipcode>3900</zipcode>
    <place>Nuuk</place>
    <state></state>
    <state_code></state_code>
    <province></province>
    <province_code></province_code>
    <community></community>
    <community_code></community_code>
    <latitude>64.1738</latitude>
    <longitude>-51.7384</longitude>
  </object>
  <object>
    <country_code>GL</country_code>
    <zipcode>3905</zipcode>
    <place>Nuussuaq</place>
    <state></state>
    <state_code></state_code>
    <province></province>
    <province_code></province_code>
    <community></community>
    <community_code></community_code>
    <latitude>74.1167</latitude>
    <longitude>-57.0667</longitude>
  </object>
  <object>
    <country_code>GL</country_code>
    <zipcode>3910</zipcode>
    <place>Kangerlussuaq</place>
    <state></state>
    <state_code></state_code>
    <province></province>
    <province_code></province_code>
    <community></community>
    <community_code></community_code>
    <latitude>67.0088</latitude>
    <longitude>-50.6894</longitude>
  </object>
  <object>
    <country_code>GL</country_code>
    <zipcode>3911</zipcode>
    <place>Sisimiut</place>
    <state></state>
    <state_code></state_code>
    <province></province>
    <province_code></province_code>
    <community></community>
    <community_code></community_code>
    <latitude>66.9333</latitude>
    <longitude>-53.6833</longitude>
  </object>
  <object>
    <country_code>GL</country_code>
    <zipcode>3912</zipcode>
    <place>Maniitsoq</place>
    <state></state>
    <state_code></state_code>
    <province></province>
    <province_code></province_code>
    <community></community>
    <community_code></community_code>
    <latitude>65.4167</latitude>
    <longitude>-52.9</longitude>
  </object>
  <object>
    <country_code>GL</country_code>
    <zipcode>3913</zipcode>
    <place>Tasiilaq</place>
    <state></state>
    <state_code></state_code>
    <province></province>
    <province_code></province_code>
    <community></community>
    <community_code></community_code>
    <latitude>65.6</latitude>
    <longitude>-37.6333</longitude>
  </object>
  <object>
    <country_code>GL</country_code>
    <zipcode>3915</zipcode>
    <place>Kulusuk</place>
    <state></state>
    <state_code></state_code>
    <province></province>
    <province_code></province_code>
    <community></community>
    <community_code></community_code>
    <latitude>65.5667</latitude>
    <longitude>-37.1833</longitude>
  </object>
  <object>
    <country_code>GL</country_code>
    <zipcode>3919</zipcode>
    <place>Alluitsup Paa</place>
    <state></state>
    <state_code></state_code>
    <province></province>
    <province_code></province_code>
    <community></community>
    <community_code></community_code>
    <latitude>60.45</latitude>
    <longitude>-45.55</longitude>
  </object>
  <object>
    <country_code>GL</country_code>
    <zipcode>3920</zipcode>
    <place>Qaqortoq</place>
    <state></state>
    <state_code></state_code>
    <province></province>
    <province_code></province_code>
    <community></community>
    <community_code></community_code>
    <latitude>60.7167</latitude>
    <longitude>-46.0333</longitude>
  </object>
  <object>
    <country_code>GL</country_code>
    <zipcode>3921</zipcode>
    <place>Narsaq</place>
    <state></state>
    <state_code></state_code>
    <province></province>
    <province_code></province_code>
    <community></community>
    <community_code></community_code>
    <latitude>60.9167</latitude>
    <longitude>-46.05</longitude>
  </object>
  <object>
    <country_code>GL</country_code>
    <zipcode>3922</zipcode>
    <place>Nanortalik</place>
    <state></state>
    <state_code></state_code>
    <province></province>
    <province_code></province_code>
    <community></community>
    <community_code></community_code>
    <latitude>60.1167</latitude>
    <longitude>-45.2167</longitude>
  </object>
  <object>
    <country_code>GL</country_code>
    <zipcode>3923</zipcode>
    <place>Narsarsuaq</place>
    <state></state>
    <state_code></state_code>
    <province></province>
    <province_code></province_code>
    <community></community>
    <community_code></community_code>
    <latitude>61.1667</latitude>
    <longitude>-45.4167</longitude>
  </object>
  <object>
    <country_code>GL</country_code>
    <zipcode>3924</zipcode>
    <place>Ikerasassuaq</place>
    <state></state>
    <state_code></state_code>
    <province></province>
    <province_code></province_code>
    <community></community>
    <community_code></community_code>
    <latitude>60.05</latitude>
    <longitude>-43.1667</longitude>
  </object>
  <object>
    <country_code>GL</country_code>
    <zipcode>3930</zipcode>
    <place>Kangilinnguit</place>
    <state></state>
    <state_code></state_code>
    <province></province>
    <province_code></province_code>
    <community></community>
    <community_code></community_code>
    <latitude>61.23</latitude>
    <longitude>-48.09</longitude>
  </object>
  <object>
    <country_code>GL</country_code>
    <zipcode>3932</zipcode>
    <place>Arsuk</place>
    <state></state>
    <state_code></state_code>
    <province></province>
    <province_code></province_code>
    <community></community>
    <community_code></community_code>
    <latitude>61.1667</latitude>
    <longitude>-48.45</longitude>
  </object>
  <object>
    <country_code>GL</country_code>
    <zipcode>3940</zipcode>
    <place>Paamiut</place>
    <state></state>
    <state_code></state_code>
    <province></province>
    <province_code></province_code>
    <community></community>
    <community_code></community_code>
    <latitude>62</latitude>
    <longitude>-49.75</longitude>
  </object>
  <object>
    <country_code>GL</country_code>
    <zipcode>3950</zipcode>
    <place>Aasiaat</place>
    <state></state>
    <state_code></state_code>
    <province></province>
    <province_code></province_code>
    <community></community>
    <community_code></community_code>
    <latitude>68.7167</latitude>
    <longitude>-52.8667</longitude>
  </object>
  <object>
    <country_code>GL</country_code>
    <zipcode>3951</zipcode>
    <place>Qasigiannguit</place>
    <state></state>
    <state_code></state_code>
    <province></province>
    <province_code></province_code>
    <community></community>
    <community_code></community_code>
    <latitude>68.8167</latitude>
    <longitude>-51.1833</longitude>
  </object>
  <object>
    <country_code>GL</country_code>
    <zipcode>3952</zipcode>
    <place>Ilulissat</place>
    <state></state>
    <state_code></state_code>
    <province></province>
    <province_code></province_code>
    <community></community>
    <community_code></community_code>
    <latitude>69.2167</latitude>
    <longitude>-51.1</longitude>
  </object>
  <object>
    <country_code>GL</country_code>
    <zipcode>3953</zipcode>
    <place>Qeqertarsuaq</place>
    <state></state>
    <state_code></state_code>
    <province></province>
    <province_code></province_code>
    <community></community>
    <community_code></community_code>
    <latitude>62.1167</latitude>
    <longitude>-49.7833</longitude>
  </object>
  <object>
    <country_code>GL</country_code>
    <zipcode>3955</zipcode>
    <place>Kangaatsiaq</place>
    <state></state>
    <state_code></state_code>
    <province></province>
    <province_code></province_code>
    <community></community>
    <community_code></community_code>
    <latitude>68.3</latitude>
    <longitude>-53.4667</longitude>
  </object>
  <object>
    <country_code>GL</country_code>
    <zipcode>3961</zipcode>
    <place>Uummannaq</place>
    <state></state>
    <state_code></state_code>
    <province></province>
    <province_code></province_code>
    <community></community>
    <community_code></community_code>
    <latitude>70.6747</latitude>
    <longitude>-52.1264</longitude>
  </object>
  <object>
    <country_code>GL</country_code>
    <zipcode>3962</zipcode>
    <place>Upernavik</place>
    <state></state>
    <state_code></state_code>
    <province></province>
    <province_code></province_code>
    <community></community>
    <community_code></community_code>
    <latitude>72.7833</latitude>
    <longitude>-56.1667</longitude>
  </object>
  <object>
    <country_code>GL</country_code>
    <zipcode>3964</zipcode>
    <place>Qaarsut</place>
    <state></state>
    <state_code></state_code>
    <province></province>
    <province_code></province_code>
    <community></community>
    <community_code></community_code>
    <latitude>70.7333</latitude>
    <longitude>-52.65</longitude>
  </object>
  <object>
    <country_code>GL</country_code>
    <zipcode>3970</zipcode>
    <place>Pituffik</place>
    <state></state>
    <state_code></state_code>
    <province></province>
    <province_code></province_code>
    <community></community>
    <community_code></community_code>
    <latitude>76.5478</latitude>
    <longitude>-68.8428</longitude>
  </object>
  <object>
    <country_code>GL</country_code>
    <zipcode>3971</zipcode>
    <place>Qaanaaq</place>
    <state></state>
    <state_code></state_code>
    <province></province>
    <province_code></province_code>
    <community></community>
    <community_code></community_code>
    <latitude>77.4894</latitude>
    <longitude>-69.3322</longitude>
  </object>
  <object>
    <country_code>GL</country_code>
    <zipcode>3972</zipcode>
    <place>Station Nord</place>
    <state></state>
    <state_code></state_code>
    <province></province>
    <province_code></province_code>
    <community></community>
    <community_code></community_code>
    <latitude>77.0186</latitude>
    <longitude>-69.0875</longitude>
  </object>
  <object>
    <country_code>GL</country_code>
    <zipcode>3980</zipcode>
    <place>Ittoqqortoormiit</place>
    <state></state>
    <state_code></state_code>
    <province></province>
    <province_code></province_code>
    <community></community>
    <community_code></community_code>
    <latitude>70.4846</latitude>
    <longitude>-21.9622</longitude>
  </object>
  <object>
    <country_code>GL</country_code>
    <zipcode>3982</zipcode>
    <place>Mestervi</place>
    <state></state>
    <state_code></state_code>
    <province></province>
    <province_code></province_code>
    <community></community>
    <community_code></community_code>
    <latitude>72.6754</latitude>
    <longitude>-21.0735</longitude>
  </object>
  <object>
    <country_code>GL</country_code>
    <zipcode>3984</zipcode>
    <place>Danmarkshavn</place>
    <state></state>
    <state_code></state_code>
    <province></province>
    <province_code></province_code>
    <community></community>
    <community_code></community_code>
    <latitude>76.8</latitude>
    <longitude>-18.6</longitude>
  </object>
  <object>
    <country_code>GL</country_code>
    <zipcode>3985</zipcode>
    <place>Constable Pynt</place>
    <state></state>
    <state_code></state_code>
    <province></province>
    <province_code></province_code>
    <community></community>
    <community_code></community_code>
    <latitude>70.7417</latitude>
    <longitude>-22.6583</longitude>
  </object>
  <object>
    <country_code>GL</country_code>
    <zipcode>3992</zipcode>
    <place>Slædepatruljen Sirius</place>
    <state></state>
    <state_code></state_code>
    <province></province>
    <province_code></province_code>
    <community></community>
    <community_code></community_code>
    <latitude>67.2561</latitude>
    <longitude>-48.0617</longitude>
  </object>
</zipcodes>