[
  {
    "country_code": "PM",
    "zipcode": "97500",
    "place": "Miquelon",
    "state": "Miquelon-Langlade",
    "state_code": "97501",
    "province": "Miquelon-Langlade",
    "province_code": "97501",
    "community": "",
    "community_code": "",
    "latitude": "47.0975",
    "longitude": "-56.3814"
  },
  {
    "country_code": "PM",
    "zipcode": "97500",
    "place": "Saint-Pierre",
    "state": "Saint-Pierre",
    "state_code": "97502",
    "province": "",
    "province_code": "",
    "community": "",
    "community_code": "",
    "latitude": "46.7809",
    "longitude": "-56.172"
  }
]