[
  {
    "country_code": "IE",
    "zipcode": "F12",
    "place": "Knock",
    "state": "Connacht",
    "state_code": "C",
    "province": "",
    "province_code": "",
    "community": "",
    "community_code": "",
    "latitude": "53.7939",
    "longitude": "-8.9196"
  },
  {
    "country_code": "IE",
    "zipcode": "F23",
    "place": "Castlebar",
    "state": "Connacht",
    "state_code": "C",
    "province": "",
    "province_code": "",
    "community": "",
    "community_code": "",
    "latitude": "53.85",
    "longitude": "-9.3"
  },
  {
    "country_code": "IE",
    "zipcode": "F26",
    "place": "Ballina",
    "state": "Connacht",
    "state_code": "C",
    "province": "",
    "province_code": "",
    "community": "",
    "community_code": "",
    "latitude": "54.1167",
    "longitude": "-9.1667"
  },
  {
    "country_code": "IE",
    "zipcode": "F28",
    "place": "Westport",
    "state": "Connacht",
    "state_code": "C",
    "province": "",
    "province_code": "",
    "community": "",
    "community_code": "",
    "latitude": "53.8",
    "longitude": "-9.5167"
  },
  {
    "country_code": "IE",
    "zipcode": "F31",
    "place": "Ballinrobe",
    "state": "Connacht",
    "state_code": "C",
    "province": "",
    "province_code": "",
    "community": "",
    "community_code": "",
    "latitude": "53.6333",
    "longitude": "-9.2333"
  },
  {
    "country_code": "IE",
    "zipcode": "F35",
    "place": "Ballyhaunis",
    "state": "Connacht",
    "state_code": "C",
    "province": "",
    "province_code": "",
    "community": "",
    "community_code": "",
    "latitude": "53.7667",
    "longitude": "-8.7667"
  },
  {
    "country_code": "IE",
    "zipcode": "F42",
    "place": "Roscommon",
    "state": "Connacht",
    "state_code": "C",
    "province": "",
    "province_code": "",
    "community": "",
    "community_code": "",
    "latitude": "53.6333",
    "longitude": "-8.1833"
  },
  {
    "country_code": "IE",
    "zipcode": "F45",
    "place": "Castlerea",
    "state": "Connacht",
    "state_code": "C",
    "province": "",
    "province_code": "",
    "community": "",
    "community_code": "",
    "latitude": "53.7667",
    "longitude": "-8.5"
  },
  {
    "country_code": "IE",
    "zipcode": "F52",
    "place": "Boyle",
    "state": "Connacht",
    "state_code": "C",
    "province": "",
    "province_code": "",
    "community": "",
    "community_code": "",
    "latitude": "53.9667",
    "longitude": "-8.3"
  },
  {
    "country_code": "IE",
    "zipcode": "F56",
    "place": "Ballymote",
    "state": "Connacht",
    "state_code": "C",
    "province": "",
    "province_code": "",
    "community": "",
    "community_code": "",
    "latitude": "54.0833",
    "longitude": "-8.5167"
  },
  {
    "country_code": "IE",
    "zipcode": "F91",
    "place": "Sligo",
    "state": "Connacht",
    "state_code": "C",
    "province": "",
    "province_code": "",
    "community": "",
    "community_code": "",
    "latitude": "54.2697",
    "longitude": "-8.4694"
  },
  {
    "country_code": "IE",
    "zipcode": "H53",
    "place": "Ballinasloe",
    "state": "Connacht",
    "state_code": "C",
    "province": "",
    "province_code": "",
    "community": "",
    "community_code": "",
    "latitude": "53.3275",
    "longitude": "-8.2194"
  },
  {
    "country_code": "IE",
    "zipcode": "H54",
    "place": "Tuam",
    "state": "Connacht",
    "state_code": "C",
    "province": "",
    "province_code": "",
    "community": "",
    "community_code": "",
    "latitude": "53.5167",
    "longitude": "-8.85"
  },
  {
    "country_code": "IE",
    "zipcode": "H62",
    "place": "Loughrea",
    "state": "Connacht",
    "state_code": "C",
    "province": "",
    "province_code": "",
    "community": "",
    "community_code": "",
    "latitude": "53.1969",
    "longitude": "-8.5669"
  },
  {
    "country_code": "IE",
    "zipcode": "H65",
    "place": "Athenry",
    "state": "Connacht",
    "state_code": "C",
    "province": "",
    "province_code": "",
    "community": "",
    "community_code": "",
    "latitude": "53.2964",
    "longitude": "-8.7431"
  },
  {
    "country_code": "IE",
    "zipcode": "H71",
    "place": "Clifden",
    "state": "Connacht",
    "state_code": "C",
    "province": "",
    "province_code": "",
    "community": "",
    "community_code": "",
    "latitude": "53.4891",
    "longitude": "-10.0191"
  },
  {
    "country_code": "IE",
    "zipcode": "H91",
    "place": "Galway",
    "state": "Connacht",
    "state_code": "C",
    "province": "",
    "province_code": "",
    "community": "",
    "community_code": "",
    "latitude": "53.2719",
    "longitude": "-9.0489"
  },
  {
    "country_code": "IE",
    "zipcode": "N41",
    "place": "Carrick On Shannon",
    "state": "Connacht",
    "state_code": "C",
    "province": "",
    "province_code": "",
    "community": "",
    "community_code": "",
    "latitude": "53.9469",
    "longitude": "-8.09"
  },
  {
    "country_code": "IE",
    "zipcode": "A41",
    "place": "Ballyboughal",
    "state": "Leinster",
    "state_code": "L",
    "province": "",
    "province_code": "",
    "community": "",
    "community_code": "",
    "latitude": "53.5195",
    "longitude": "-6.2667"
  },
  {
    "country_code": "IE",
    "zipcode": "A42",
    "place": "Garristown",
    "state": "Leinster",
    "state_code": "L",
    "province": "",
    "province_code": "",
    "community": "",
    "community_code": "",
    "latitude": "53.5661",
    "longitude": "-6.3856"
  },
  {
    "country_code": "IE",
    "zipcode": "A45",
    "place": "Oldtown",
    "state": "Leinster",
    "state_code": "L",
    "province": "",
    "province_code": "",
    "community": "",
    "community_code": "",
    "latitude": "53.5253",
    "longitude": "-6.3156"
  },
  {
    "country_code": "IE",
    "zipcode": "A63",
    "place": "Greystones",
    "state": "Leinster",
    "state_code": "L",
    "province": "",
    "province_code": "",
    "community": "",
    "community_code": "",
    "latitude": "53.1408",
    "longitude": "-6.0631"
  },
  {
    "country_code": "IE",
    "zipcode": "A67",
    "place": "Wicklow",
    "state": "Leinster",
    "state_code": "L",
    "province": "",
    "province_code": "",
    "community": "",
    "community_code": "",
    "latitude": "52.975",
    "longitude": "-6.0494"
  },
  {
    "country_code": "IE",
    "zipcode": "A82",
    "place": "Kells",
    "state": "Leinster",
    "state_code": "L",
    "province": "",
    "province_code": "",
    "community": "",
    "community_code": "",
    "latitude": "53.7264",
    "longitude": "-6.8792"
  },
  {
    "country_code": "IE",
    "zipcode": "A83",
    "place": "Enfield",
    "state": "Leinster",
    "state_code": "L",
    "province": "",
    "province_code": "",
    "community": "",
    "community_code": "",
    "latitude": "53.4142",
    "longitude": "-6.8323"
  },
  {
    "country_code": "IE",
    "zipcode": "A84",
    "place": "Ashbourne",
    "state": "Leinster",
    "state_code": "L",
    "province": "",
    "province_code": "",
    "community": "",
    "community_code": "",
    "latitude": "53.5116",
    "longitude": "-6.3982"
  },
  {
    "country_code": "IE",
    "zipcode": "A85",
    "place": "Dunshaughlin",
    "state": "Leinster",
    "state_code": "L",
    "province": "",
    "province_code": "",
    "community": "",
    "community_code": "",
    "latitude": "53.5125",
    "longitude": "-6.54"
  },
  {
    "country_code": "IE",
    "zipcode": "A86",
    "place": "Dunboyne",
    "state": "Leinster",
    "state_code": "L",
    "province": "",
    "province_code": "",
    "community": "",
    "community_code": "",
    "latitude": "53.4",
    "longitude": "-6.4667"
  },
  {
    "country_code": "IE",
    "zipcode": "A91",
    "place": "Dundalk",
    "state": "Leinster",
    "state_code": "L",
    "province": "",
    "province_code": "",
    "community": "",
    "community_code": "",
    "latitude": "54",
    "longitude": "-6.4167"
  },
  {
    "country_code": "IE",
    "zipcode": "A92",
    "place": "Drogheda",
    "state": "Leinster",
    "state_code": "L",
    "province": "",
    "province_code": "",
    "community": "",
    "community_code": "",
    "latitude": "53.7189",
    "longitude": "-6.3478"
  },
  {
    "country_code": "IE",
    "zipcode": "A94",
    "place": "Blackrock",
    "state": "Leinster",
    "state_code": "L",
    "province": "",
    "province_code": "",
    "community": "",
    "community_code": "",
    "latitude": "53.3015",
    "longitude": "-6.1778"
  },
  {
    "country_code": "IE",
    "zipcode": "A96",
    "place": "Dun Laoghaire",
    "state": "Leinster",
    "state_code": "L",
    "province": "",
    "province_code": "",
    "community": "",
    "community_code": "",
    "latitude": "53.294",
    "longitude": "-6.1359"
  },
  {
    "country_code": "IE",
    "zipcode": "A98",
    "place": "Bray",
    "state": "Leinster",
    "state_code": "L",
    "province": "",
    "province_code": "",
    "community": "",
    "community_code": "",
    "latitude": "53.2028",
    "longitude": "-6.0983"
  },
  {
    "country_code": "IE",
    "zipcode": "C15",
    "place": "Trim",
    "state": "Leinster",
    "state_code": "L",
    "province": "",
    "province_code": "",
    "community": "",
    "community_code": "",
    "latitude": "53.555",
    "longitude": "-6.7917"
  },
  {
    "country_code": "IE",
    "zipcode": "D01",
    "place": "Dublin 1",
    "state": "Leinster",
    "state_code": "L",
    "province": "",
    "province_code": "",
    "community": "",
    "community_code": "",
    "latitude": "53.354",
    "longitude": "-6.2545"
  },
  {
    "country_code": "IE",
    "zipcode": "D02",
    "place": "Dublin 2",
    "state": "Leinster",
    "state_code": "L",
    "province": "",
    "province_code": "",
    "community": "",
    "community_code": "",
    "latitude": "53.34",
    "longitude": "-6.2543"
  },
  {
    "country_code": "IE",
    "zipcode": "D03",
    "place": "Dublin 3",
    "state": "Leinster",
    "state_code": "L",
    "province": "",
    "province_code": "",
    "community": "",
    "community_code": "",
    "latitude": "53.3645",
    "longitude": "-6.2378"
  },
  {
    "country_code": "IE",
    "zipcode": "D04",
    "place": "Dublin 4",
    "state": "Leinster",
    "state_code": "L",
    "province": "",
    "province_code": "",
    "community": "",
    "community_code": "",
    "latitude": "53.3334",
    "longitude": "-6.2335"
  },
  {
    "country_code": "IE",
    "zipcode": "D05",
    "place": "Dublin 5",
    "state": "Leinster",
    "state_code": "L",
    "province": "",
    "province_code": "",
    "community": "",
    "community_code": "",
    "latitude": "53.3842",
    "longitude": "-6.1921"
  },
  {
    "country_code": "IE",
    "zipcode": "D06",
    "place": "Dublin 6",
    "state": "Leinster",
    "state_code": "L",
    "province": "",
    "province_code": "",
    "community": "",
    "community_code": "",
    "latitude": "53.3088",
    "longitude": "-6.2631"
  },
  {
    "country_code": "IE",
    "zipcode": "D07",
    "place": "Dublin 7",
    "state": "Leinster",
    "state_code": "L",
    "province": "",
    "province_code": "",
    "community": "",
    "community_code": "",
    "latitude": "53.3615",
    "longitude": "-6.2918"
  },
  {
    "country_code": "IE",
    "zipcode": "D08",
    "place": "Dublin 8",
    "state": "Leinster",
    "state_code": "L",
    "province": "",
    "province_code": "",
    "community": "",
    "community_code": "",
    "latitude": "53.3346",
    "longitude": "-6.2733"
  },
  {
    "country_code": "IE",
    "zipcode": "D09",
    "place": "Dublin 9",
    "state": "Leinster",
    "state_code": "L",
    "province": "",
    "province_code": "",
    "community": "",
    "community_code": "",
    "latitude": "53.3818",
    "longitude": "-6.2465"
  },
  {
    "country_code": "IE",
    "zipcode": "D10",
    "place": "Dublin 10",
    "state": "Leinster",
    "state_code": "L",
    "province": "",
    "province_code": "",
    "community": "",
    "community_code": "",
    "latitude": "53.3409",
    "longitude": "-6.3545"
  },
  {
    "country_code": "IE",
    "zipcode": "D11",
    "place": "Dublin 11",
    "state": "Leinster",
    "state_code": "L",
    "province": "",
    "province_code": "",
    "community": "",
    "community_code": "",
    "latitude": "53.3899",
    "longitude": "-6.293"
  },
  {
    "country_code": "IE",
    "zipcode": "D12",
    "place": "Dublin 12",
    "state": "Leinster",
    "state_code": "L",
    "province": "",
    "province_code": "",
    "community": "",
    "community_code": "",
    "latitude": "53.322",
    "longitude": "-6.3165"
  },
  {
    "country_code": "IE",
    "zipcode": "D13",
    "place": "Dublin 13",
    "state": "Leinster",
    "state_code": "L",
    "province": "",
    "province_code": "",
    "community": "",
    "community_code": "",
    "latitude": "53.3946",
    "longitude": "-6.1495"
  },
  {
    "country_code": "IE",
    "zipcode": "D14",
    "place": "Dublin 14",
    "state": "Leinster",
    "state_code": "L",
    "province": "",
    "province_code": "",
    "community": "",
    "community_code": "",
    "latitude": "53.296",
    "longitude": "-6.2593"
  },
  {
    "country_code": "IE",
    "zipcode": "D15",
    "place": "Dublin 15",
    "state": "Leinster",
    "state_code": "L",
    "province": "",
    "province_code": "",
    "community": "",
    "community_code": "",
    "latitude": "53.3832",
    "longitude": "-6.4165"
  },
  {
    "country_code": "IE",
    "zipcode": "D16",
    "place": "Dublin 16",
    "state": "Leinster",
    "state_code": "L",
    "province": "",
    "province_code": "",
    "community": "",
    "community_code": "",
    "latitude": "53.3419",
    "longitude": "-6.279"
  },
  {
    "country_code": "IE",
    "zipcode": "D17",
    "place": "Dublin 17",
    "state": "Leinster",
    "state_code": "L",
    "province": "",
    "province_code": "",
    "community": "",
    "community_code": "",
    "latitude": "53.4006",
    "longitude": "-6.2058"
  },
  {
    "country_code": "IE",
    "zipcode": "D18",
    "place": "Dublin 18",
    "state": "Leinster",
    "state_code": "L",
    "province": "",
    "province_code": "",
    "community": "",
    "community_code": "",
    "latitude": "53.2469",
    "longitude": "-6.1774"
  },
  {
    "country_code": "IE",
    "zipcode": "D20",
    "place": "Dublin 20",
    "state": "Leinster",
    "state_code": "L",
    "province": "",
    "province_code": "",
    "community": "",
    "community_code": "",
    "latitude": "53.3518",
    "longitude": "-6.3693"
  },
  {
    "country_code": "IE",
    "zipcode": "D22",
    "place": "Dublin 22",
    "state": "Leinster",
    "state_code": "L",
    "province": "",
    "province_code": "",
    "community": "",
    "community_code": "",
    "latitude": "53.3275",
    "longitude": "-6.4006"
  },
  {
    "country_code": "IE",
    "zipcode": "D24",
    "place": "Dublin 24",
    "state": "Leinster",
    "state_code": "L",
    "province": "",
    "province_code": "",
    "community": "",
    "community_code": "",
    "latitude": "53.2851",
    "longitude": "-6.3713"
  },
  {
    "country_code": "IE",
    "zipcode": "D6W",
    "place": "Dublin 6W",
    "state": "Leinster",
    "state_code": "L",
    "province": "",
    "province_code": "",
    "community": "",
    "community_code": "",
    "latitude": "53.3087",
    "longitude": "-6.3012"
  },
  {
    "country_code": "IE",
    "zipcode": "K32",
    "place": "Balbriggan",
    "state": "Leinster",
    "state_code": "L",
    "province": "",
    "province_code": "",
    "community": "",
    "community_code": "",
    "latitude": "53.6128",
    "longitude": "-6.1819"
  },
  {
    "country_code": "IE",
    "zipcode": "K34",
    "place": "Skerries",
    "state": "Leinster",
    "state_code": "L",
    "province": "",
    "province_code": "",
    "community": "",
    "community_code": "",
    "latitude": "53.5828",
    "longitude": "-6.1083"
  },
  {
    "country_code": "IE",
    "zipcode": "K36",
    "place": "Malahide",
    "state": "Leinster",
    "state_code": "L",
    "province": "",
    "province_code": "",
    "community": "",
    "community_code": "",
    "latitude": "53.4508",
    "longitude": "-6.1544"
  },
  {
    "country_code": "IE",
    "zipcode": "K45",
    "place": "Lusk",
    "state": "Leinster",
    "state_code": "L",
    "province": "",
    "province_code": "",
    "community": "",
    "community_code": "",
    "latitude": "53.5274",
    "longitude": "-6.1642"
  },
  {
    "country_code": "IE",
    "zipcode": "K56",
    "place": "Rush",
    "state": "Leinster",
    "state_code": "L",
    "province": "",
    "province_code": "",
    "community": "",
    "community_code": "",
    "latitude": "53.5242",
    "longitude": "-6.105"
  },
  {
    "country_code": "IE",
    "zipcode": "K67",
    "place": "Swords",
    "state": "Leinster",
    "state_code": "L",
    "province": "",
    "province_code": "",
    "community": "",
    "community_code": "",
    "latitude": "53.4597",
    "longitude": "-6.2181"
  },
  {
    "country_code": "IE",
    "zipcode": "K78",
    "place": "Lucan",
    "state": "Leinster",
    "state_code": "L",
    "province": "",
    "province_code": "",
    "community": "",
    "community_code": "",
    "latitude": "53.3574",
    "longitude": "-6.4486"
  },
  {
    "country_code": "IE",
    "zipcode": "N37",
    "place": "Athlone",
    "state": "Leinster",
    "state_code": "L",
    "province": "",
    "province_code": "",
    "community": "",
    "community_code": "",
    "latitude": "53.4228",
    "longitude": "-7.9372"
  },
  {
    "country_code": "IE",
    "zipcode": "N39",
    "place": "Longford",
    "state": "Leinster",
    "state_code": "L",
    "province": "",
    "province_code": "",
    "community": "",
    "community_code": "",
    "latitude": "53.7254",
    "longitude": "-7.7982"
  },
  {
    "country_code": "IE",
    "zipcode": "N91",
    "place": "Mullingar",
    "state": "Leinster",
    "state_code": "L",
    "province": "",
    "province_code": "",
    "community": "",
    "community_code": "",
    "latitude": "53.5333",
    "longitude": "-7.35"
  },
  {
    "country_code": "IE",
    "zipcode": "P14",
    "place": "Crookstown",
    "state": "Leinster",
    "state_code": "L",
    "province": "",
    "province_code": "",
    "community": "",
    "community_code": "",
    "latitude": "53.0153",
    "longitude": "-6.8106"
  },
  {
    "country_code": "IE",
    "zipcode": "R14",
    "place": "Athy",
    "state": "Leinster",
    "state_code": "L",
    "province": "",
    "province_code": "",
    "community": "",
    "community_code": "",
    "latitude": "52.9914",
    "longitude": "-6.9803"
  },
  {
    "country_code": "IE",
    "zipcode": "R21",
    "place": "Bagenalstown",
    "state": "Leinster",
    "state_code": "L",
    "province": "",
    "province_code": "",
    "community": "",
    "community_code": "",
    "latitude": "52.7003",
    "longitude": "-6.9618"
  },
  {
    "country_code": "IE",
    "zipcode": "R32",
    "place": "Portlaoise",
    "state": "Leinster",
    "state_code": "L",
    "province": "",
    "province_code": "",
    "community": "",
    "community_code": "",
    "latitude": "53.0344",
    "longitude": "-7.2998"
  },
  {
    "country_code": "IE",
    "zipcode": "R35",
    "place": "Tullamore",
    "state": "Leinster",
    "state_code": "L",
    "province": "",
    "province_code": "",
    "community": "",
    "community_code": "",
    "latitude": "53.2739",
    "longitude": "-7.4889"
  },
  {
    "country_code": "IE",
    "zipcode": "R42",
    "place": "Birr",
    "state": "Leinster",
    "state_code": "L",
    "province": "",
    "province_code": "",
    "community": "",
    "community_code": "",
    "latitude": "53.0914",
    "longitude": "-7.9133"
  },
  {
    "country_code": "IE",
    "zipcode": "R45",
    "place": "Edenderry",
    "state": "Leinster",
    "state_code": "L",
    "province": "",
    "province_code": "",
    "community": "",
    "community_code": "",
    "latitude": "53.3453",
    "longitude": "-7.0497"
  },
  {
    "country_code": "IE",
    "zipcode": "R51",
    "place": "Kildare",
    "state": "Leinster",
    "state_code": "L",
    "province": "",
    "province_code": "",
    "community": "",
    "community_code": "",
    "latitude": "53.1561",
    "longitude": "-6.9144"
  },
  {
    "country_code": "IE",
    "zipcode": "R56",
    "place": "Curragh",
    "state": "Leinster",
    "state_code": "L",
    "province": "",
    "province_code": "",
    "community": "",
    "community_code": "",
    "latitude": "53.1469",
    "longitude": "-6.8304"
  },
  {
    "country_code": "IE",
    "zipcode": "R93",
    "place": "Carlow",
    "state": "Leinster",
    "state_code": "L",
    "province": "",
    "province_code": "",
    "community": "",
    "community_code": "",
    "latitude": "52.8408",
    "longitude": "-6.9261"
  },
  {
    "country_code": "IE",
    "zipcode": "R95",
    "place": "Kilkenny",
    "state": "Leinster",
    "state_code": "L",
    "province": "",
    "province_code": "",
    "community": "",
    "community_code": "",
    "latitude": "52.6542",
    "longitude": "-7.2522"
  },
  {
    "country_code": "IE",
    "zipcode": "W12",
    "place": "Newbridge",
    "state": "Leinster",
    "state_code": "L",
    "province": "",
    "province_code": "",
    "community": "",
    "community_code": "",
    "latitude": "53.1819",
    "longitude": "-6.7967"
  },
  {
    "country_code": "IE",
    "zipcode": "W23",
    "place": "Maynooth",
    "state": "Leinster",
    "state_code": "L",
    "province": "",
    "province_code": "",
    "community": "",
    "community_code": "",
    "latitude": "53.385",
    "longitude": "-6.5936"
  },
  {
    "country_code": "IE",
    "zipcode": "W34",
    "place": "Monasterevin",
    "state": "Leinster",
    "state_code": "L",
    "province": "",
    "province_code": "",
    "community": "",
    "community_code": "",
    "latitude": "53.1406",
    "longitude": "-7.0664"
  },
  {
    "country_code": "IE",
    "zipcode": "W91",
    "place": "Naas",
    "state": "Leinster",
    "state_code": "L",
    "province": "",
    "province_code": "",
    "community": "",
    "community_code": "",
    "latitude": "53.2158",
    "longitude": "-6.6669"
  },
  {
    "country_code": "IE",
    "zipcode": "Y14",
    "place": "Arklow",
    "state": "Leinster",
    "state_code": "L",
    "province": "",
    "province_code": "",
    "community": "",
    "community_code": "",
    "latitude": "52.7931",
    "longitude": "-6.1414"
  },
  {
    "country_code": "IE",
    "zipcode": "Y21",
    "place": "Enniscorthy",
    "state": "Leinster",
    "state_code": "L",
    "province": "",
    "province_code": "",
    "community": "",
    "community_code": "",
    "latitude": "52.5008",
    "longitude": "-6.5578"
  },
  {
    "country_code": "IE",
    "zipcode": "Y25",
    "place": "Gorey",
    "state": "Leinster",
    "state_code": "L",
    "province": "",
    "province_code": "",
    "community": "",
    "community_code": "",
    "latitude": "52.6747",
    "longitude": "-6.2925"
  },
  {
    "country_code": "IE",
    "zipcode": "Y34",
    "place": "New Ross",
    "state": "Leinster",
    "state_code": "L",
    "province": "",
    "province_code": "",
    "community": "",
    "community_code": "",
    "latitude": "52.3967",
    "longitude": "-6.9367"
  },
  {
    "country_code": "IE",
    "zipcode": "Y35",
    "place": "Wexford",
    "state": "Leinster",
    "state_code": "L",
    "province": "",
    "province_code": "",
    "community": "",
    "community_code": "",
    "latitude": "52.3342",
    "longitude": "-6.4575"
  },
  {
    "country_code": "IE",
    "zipcode": "E21",
    "place": "Cahir",
    "state": "Munster",
    "state_code": "M",
    "province": "",
    "province_code": "",
    "community": "",
    "community_code": "",
    "latitude": "52.3769",
    "longitude": "-7.9217"
  },
  {
    "country_code": "IE",
    "zipcode": "E25",
    "place": "Cashel",
    "state": "Munster",
    "state_code": "M",
    "province": "",
    "province_code": "",
    "community": "",
    "community_code": "",
    "latitude": "52.5158",
    "longitude": "-7.8856"
  },
  {
    "country_code": "IE",
    "zipcode": "E32",
    "place": "Carrick on Suir",
    "state": "Munster",
    "state_code": "M",
    "province": "",
    "province_code": "",
    "community": "",
    "community_code": "",
    "latitude": "52.3492",
    "longitude": "-7.4131"
  },
  {
    "country_code": "IE",
    "zipcode": "E34",
    "place": "Tipperary",
    "state": "Munster",
    "state_code": "M",
    "province": "",
    "province_code": "",
    "community": "",
    "community_code": "",
    "latitude": "52.4733",
    "longitude": "-8.1558"
  },
  {
    "country_code": "IE",
    "zipcode": "E41",
    "place": "Thurles",
    "state": "Munster",
    "state_code": "M",
    "province": "",
    "province_code": "",
    "community": "",
    "community_code": "",
    "latitude": "52.6819",
    "longitude": "-7.8022"
  },
  {
    "country_code": "IE",
    "zipcode": "E45",
    "place": "Nenagh",
    "state": "Munster",
    "state_code": "M",
    "province": "",
    "province_code": "",
    "community": "",
    "community_code": "",
    "latitude": "52.8619",
    "longitude": "-8.1967"
  },
  {
    "country_code": "IE",
    "zipcode": "E53",
    "place": "Roscrea",
    "state": "Munster",
    "state_code": "M",
    "province": "",
    "province_code": "",
    "community": "",
    "community_code": "",
    "latitude": "52.9511",
    "longitude": "-7.8017"
  },
  {
    "country_code": "IE",
    "zipcode": "E91",
    "place": "Clonmel",
    "state": "Munster",
    "state_code": "M",
    "province": "",
    "province_code": "",
    "community": "",
    "community_code": "",
    "latitude": "52.355",
    "longitude": "-7.7039"
  },
  {
    "country_code": "IE",
    "zipcode": "P12",
    "place": "Macroom",
    "state": "Munster",
    "state_code": "M",
    "province": "",
    "province_code": "",
    "community": "",
    "community_code": "",
    "latitude": "51.9",
    "longitude": "-8.95"
  },
  {
    "country_code": "IE",
    "zipcode": "P17",
    "place": "Kinsale",
    "state": "Munster",
    "state_code": "M",
    "province": "",
    "province_code": "",
    "community": "",
    "community_code": "",
    "latitude": "51.7075",
    "longitude": "-8.5306"
  },
  {
    "country_code": "IE",
    "zipcode": "P24",
    "place": "Cobh",
    "state": "Munster",
    "state_code": "M",
    "province": "",
    "province_code": "",
    "community": "",
    "community_code": "",
    "latitude": "51.8572",
    "longitude": "-8.2992"
  },
  {
    "country_code": "IE",
    "zipcode": "P25",
    "place": "Midleton",
    "state": "Munster",
    "state_code": "M",
    "province": "",
    "province_code": "",
    "community": "",
    "community_code": "",
    "latitude": "51.9153",
    "longitude": "-8.1805"
  },
  {
    "country_code": "IE",
    "zipcode": "P31",
    "place": "Ballincollig",
    "state": "Munster",
    "state_code": "M",
    "province": "",
    "province_code": "",
    "community": "",
    "community_code": "",
    "latitude": "51.8833",
    "longitude": "-8.5833"
  },
  {
    "country_code": "IE",
    "zipcode": "P32",
    "place": "Rylane",
    "state": "Munster",
    "state_code": "M",
    "province": "",
    "province_code": "",
    "community": "",
    "community_code": "",
    "latitude": "51.9833",
    "longitude": "-8.8333"
  },
  {
    "country_code": "IE",
    "zipcode": "P36",
    "place": "Youghal",
    "state": "Munster",
    "state_code": "M",
    "province": "",
    "province_code": "",
    "community": "",
    "community_code": "",
    "latitude": "51.95",
    "longitude": "-7.8506"
  },
  {
    "country_code": "IE",
    "zipcode": "P43",
    "place": "Carrigaline",
    "state": "Munster",
    "state_code": "M",
    "province": "",
    "province_code": "",
    "community": "",
    "community_code": "",
    "latitude": "51.8117",
    "longitude": "-8.3986"
  },
  {
    "country_code": "IE",
    "zipcode": "P47",
    "place": "Dunmanway",
    "state": "Munster",
    "state_code": "M",
    "province": "",
    "province_code": "",
    "community": "",
    "community_code": "",
    "latitude": "51.7167",
    "longitude": "-9.1167"
  },
  {
    "country_code": "IE",
    "zipcode": "P51",
    "place": "Mallow",
    "state": "Munster",
    "state_code": "M",
    "province": "",
    "province_code": "",
    "community": "",
    "community_code": "",
    "latitude": "52.1333",
    "longitude": "-8.6333"
  },
  {
    "country_code": "IE",
    "zipcode": "P56",
    "place": "Charleville",
    "state": "Munster",
    "state_code": "M",
    "province": "",
    "province_code": "",
    "community": "",
    "community_code": "",
    "latitude": "52.35",
    "longitude": "-8.6833"
  },
  {
    "country_code": "IE",
    "zipcode": "P61",
    "place": "Fermoy",
    "state": "Munster",
    "state_code": "M",
    "province": "",
    "province_code": "",
    "community": "",
    "community_code": "",
    "latitude": "52.1358",
    "longitude": "-8.2758"
  },
  {
    "country_code": "IE",
    "zipcode": "P67",
    "place": "Mitchelstown",
    "state": "Munster",
    "state_code": "M",
    "province": "",
    "province_code": "",
    "community": "",
    "community_code": "",
    "latitude": "52.2658",
    "longitude": "-8.2681"
  },
  {
    "country_code": "IE",
    "zipcode": "P72",
    "place": "Bandon",
    "state": "Munster",
    "state_code": "M",
    "province": "",
    "province_code": "",
    "community": "",
    "community_code": "",
    "latitude": "51.7469",
    "longitude": "-8.7425"
  },
  {
    "country_code": "IE",
    "zipcode": "P75",
    "place": "Bantry",
    "state": "Munster",
    "state_code": "M",
    "province": "",
    "province_code": "",
    "community": "",
    "community_code": "",
    "latitude": "51.6833",
    "longitude": "-9.45"
  },
  {
    "country_code": "IE",
    "zipcode": "P81",
    "place": "Skibbereen",
    "state": "Munster",
    "state_code": "M",
    "province": "",
    "province_code": "",
    "community": "",
    "community_code": "",
    "latitude": "51.55",
    "longitude": "-9.2667"
  },
  {
    "country_code": "IE",
    "zipcode": "P85",
    "place": "Clonakilty",
    "state": "Munster",
    "state_code": "M",
    "province": "",
    "province_code": "",
    "community": "",
    "community_code": "",
    "latitude": "51.6231",
    "longitude": "-8.8706"
  },
  {
    "country_code": "IE",
    "zipcode": "T12",
    "place": "Cork city southside",
    "state": "Munster",
    "state_code": "M",
    "province": "",
    "province_code": "",
    "community": "",
    "community_code": "",
    "latitude": "51.8728",
    "longitude": "-8.4902"
  },
  {
    "country_code": "IE",
    "zipcode": "T23",
    "place": "Cork city northside",
    "state": "Munster",
    "state_code": "M",
    "province": "",
    "province_code": "",
    "community": "",
    "community_code": "",
    "latitude": "51.8972",
    "longitude": "-8.4702"
  },
  {
    "country_code": "IE",
    "zipcode": "T34",
    "place": "Carrignavar",
    "state": "Munster",
    "state_code": "M",
    "province": "",
    "province_code": "",
    "community": "",
    "community_code": "",
    "latitude": "51.9886",
    "longitude": "-8.4797"
  },
  {
    "country_code": "IE",
    "zipcode": "T45",
    "place": "Glanmire",
    "state": "Munster",
    "state_code": "M",
    "province": "",
    "province_code": "",
    "community": "",
    "community_code": "",
    "latitude": "51.9158",
    "longitude": "-8.3997"
  },
  {
    "country_code": "IE",
    "zipcode": "T56",
    "place": "Watergrasshill",
    "state": "Munster",
    "state_code": "M",
    "province": "",
    "province_code": "",
    "community": "",
    "community_code": "",
    "latitude": "52.0114",
    "longitude": "-8.3442"
  },
  {
    "country_code": "IE",
    "zipcode": "V14",
    "place": "Shannon",
    "state": "Munster",
    "state_code": "M",
    "province": "",
    "province_code": "",
    "community": "",
    "community_code": "",
    "latitude": "52.7039",
    "longitude": "-8.8642"
  },
  {
    "country_code": "IE",
    "zipcode": "V15",
    "place": "Kilrush",
    "state": "Munster",
    "state_code": "M",
    "province": "",
    "province_code": "",
    "community": "",
    "community_code": "",
    "latitude": "52.6397",
    "longitude": "-9.4833"
  },
  {
    "country_code": "IE",
    "zipcode": "V23",
    "place": "Caherciveen",
    "state": "Munster",
    "state_code": "M",
    "province": "",
    "province_code": "",
    "community": "",
    "community_code": "",
    "latitude": "51.9486",
    "longitude": "-10.2222"
  },
  {
    "country_code": "IE",
    "zipcode": "V31",
    "place": "Listowel",
    "state": "Munster",
    "state_code": "M",
    "province": "",
    "province_code": "",
    "community": "",
    "community_code": "",
    "latitude": "52.4464",
    "longitude": "-9.485"
  },
  {
    "country_code": "IE",
    "zipcode": "V35",
    "place": "Kilmallock",
    "state": "Munster",
    "state_code": "M",
    "province": "",
    "province_code": "",
    "community": "",
    "community_code": "",
    "latitude": "52.4",
    "longitude": "-8.5772"
  },
  {
    "country_code": "IE",
    "zipcode": "V42",
    "place": "Newcastle West",
    "state": "Munster",
    "state_code": "M",
    "province": "",
    "province_code": "",
    "community": "",
    "community_code": "",
    "latitude": "52.4492",
    "longitude": "-9.0611"
  },
  {
    "country_code": "IE",
    "zipcode": "V92",
    "place": "Tralee",
    "state": "Munster",
    "state_code": "M",
    "province": "",
    "province_code": "",
    "community": "",
    "community_code": "",
    "latitude": "52.2704",
    "longitude": "-9.7026"
  },
  {
    "country_code": "IE",
    "zipcode": "V93",
    "place": "Kenmare",
    "state": "Munster",
    "state_code": "M",
    "province": "",
    "province_code": "",
    "community": "",
    "community_code": "",
    "latitude": "51.8833",
    "longitude": "-9.5833"
  },
  {
    "country_code": "IE",
    "zipcode": "V94",
    "place": "Limerick",
    "state": "Munster",
    "state_code": "M",
    "province": "",
    "province_code": "",
    "community": "",
    "community_code": "",
    "latitude": "52.6647",
    "longitude": "-8.6231"
  },
  {
    "country_code": "IE",
    "zipcode": "V95",
    "place": "Miltown Malbay",
    "state": "Munster",
    "state_code": "M",
    "province": "",
    "province_code": "",
    "community": "",
    "community_code": "",
    "latitude": "52.8553",
    "longitude": "-9.3983"
  },
  {
    "country_code": "IE",
    "zipcode": "X35",
    "place": "Dungarvan",
    "state": "Munster",
    "state_code": "M",
    "province": "",
    "province_code": "",
    "community": "",
    "community_code": "",
    "latitude": "52.0881",
    "longitude": "-7.6253"
  },
  {
    "country_code": "IE",
    "zipcode": "X42",
    "place": "Kilmacthomas",
    "state": "Munster",
    "state_code": "M",
    "province": "",
    "province_code": "",
    "community": "",
    "community_code": "",
    "latitude": "52.2097",
    "longitude": "-7.4258"
  },
  {
    "country_code": "IE",
    "zipcode": "X91",
    "place": "Waterford",
    "state": "Munster",
    "state_code": "M",
    "province": "",
    "province_code": "",
    "community": "",
    "community_code": "",
    "latitude": "52.2583",
    "longitude": "-7.1119"
  },
  {
    "country_code": "IE",
    "zipcode": "A75",
    "place": "Castleblayney",
    "state": "Ulster",
    "state_code": "U",
    "province": "",
    "province_code": "",
    "community": "",
    "community_code": "",
    "latitude": "54.1167",
    "longitude": "-6.7333"
  },
  {
    "country_code": "IE",
    "zipcode": "A81",
    "place": "Carrickmacross",
    "state": "Ulster",
    "state_code": "U",
    "province": "",
    "province_code": "",
    "community": "",
    "community_code": "",
    "latitude": "53.9728",
    "longitude": "-6.7189"
  },
  {
    "country_code": "IE",
    "zipcode": "F92",
    "place": "Letterkenny",
    "state": "Ulster",
    "state_code": "U",
    "province": "",
    "province_code": "",
    "community": "",
    "community_code": "",
    "latitude": "54.95",
    "longitude": "-7.7333"
  },
  {
    "country_code": "IE",
    "zipcode": "F93",
    "place": "Lifford",
    "state": "Ulster",
    "state_code": "U",
    "province": "",
    "province_code": "",
    "community": "",
    "community_code": "",
    "latitude": "54.8319",
    "longitude": "-7.4836"
  },
  {
    "country_code": "IE",
    "zipcode": "F94",
    "place": "Bundoran",
    "state": "Ulster",
    "state_code": "U",
    "province": "",
    "province_code": "",
    "community": "",
    "community_code": "",
    "latitude": "54.4778",
    "longitude": "-8.2809"
  },
  {
    "country_code": "IE",
    "zipcode": "H12",
    "place": "Cavan",
    "state": "Ulster",
    "state_code": "U",
    "province": "",
    "province_code": "",
    "community": "",
    "community_code": "",
    "latitude": "53.9908",
    "longitude": "-7.3606"
  },
  {
    "country_code": "IE",
    "zipcode": "H14",
    "place": "Belturbet",
    "state": "Ulster",
    "state_code": "U",
    "province": "",
    "province_code": "",
    "community": "",
    "community_code": "",
    "latitude": "54.1",
    "longitude": "-7.45"
  },
  {
    "country_code": "IE",
    "zipcode": "H16",
    "place": "Cootehill",
    "state": "Ulster",
    "state_code": "U",
    "province": "",
    "province_code": "",
    "community": "",
    "community_code": "",
    "latitude": "54.0725",
    "longitude": "-7.0819"
  },
  {
    "country_code": "IE",
    "zipcode": "H18",
    "place": "Monaghan",
    "state": "Ulster",
    "state_code": "U",
    "province": "",
    "province_code": "",
    "community": "",
    "community_code": "",
    "latitude": "54.25",
    "longitude": "-6.9667"
  },
  {
    "country_code": "IE",
    "zipcode": "H23",
    "place": "Clones",
    "state": "Ulster",
    "state_code": "U",
    "province": "",
    "province_code": "",
    "community": "",
    "community_code": "",
    "latitude": "54.1833",
    "longitude": "-7.2333"
  }
]