<zipcodes>
  <object>
    <country_code>MK</country_code>
    <zipcode>1000</zipcode>
    <place>Skopje</place>
    <state></state>
    <state_code></state_code>
    <province></province>
    <province_code></province_code>
    <community></community>
    <community_code></community_code>
    <latitude>42</latitude>
    <longitude>21.4333</longitude>
  </object>
  <object>
    <country_code>MK</country_code>
    <zipcode>1010</zipcode>
    <place>Skopje</place>
    <state></state>
    <state_code></state_code>
    <province></province>
    <province_code></province_code>
    <community></community>
    <community_code></community_code>
    <latitude>42</latitude>
    <longitude>21.4333</longitude>
  </object>
  <object>
    <country_code>MK</country_code>
    <zipcode>1011</zipcode>
    <place>Kuceviste</place>
    <state></state>
    <state_code></state_code>
    <province></province>
    <province_code></province_code>
    <community></community>
    <community_code></community_code>
    <latitude>42.1097</latitude>
    <longitude>21.4181</longitude>
  </object>
  <object>
    <country_code>MK</country_code>
    <zipcode>1020</zipcode>
    <place>Skopje-Karpos 3</place>
    <state></state>
    <state_code></state_code>
    <province></province>
    <province_code></province_code>
    <community></community>
    <community_code></community_code>
    <latitude>41.9367</latitude>
    <longitude>21.5217</longitude>
  </object>
  <object>
    <country_code>MK</country_code>
    <zipcode>1040</zipcode>
    <place>Skopje</place>
    <state></state>
    <state_code></state_code>
    <province></province>
    <province_code></province_code>
    <community></community>
    <community_code></community_code>
    <latitude>42</latitude>
    <longitude>21.4333</longitude>
  </object>
  <object>
    <country_code>MK</country_code>
    <zipcode>1041</zipcode>
    <place>Ilinden</place>
    <state></state>
    <state_code></state_code>
    <province></province>
    <province_code></province_code>
    <community></community>
    <community_code></community_code>
    <latitude>41.9961</latitude>
    <longitude>21.5822</longitude>
  </object>
  <object>
    <country_code>MK</country_code>
    <zipcode>1042</zipcode>
    <place>Miladinovci</place>
    <state></state>
    <state_code></state_code>
    <province></province>
    <province_code></province_code>
    <community></community>
    <community_code></community_code>
    <latitude>41.9781</latitude>
    <longitude>21.6494</longitude>
  </object>
  <object>
    <country_code>MK</country_code>
    <zipcode>1043</zipcode>
    <place>Petrovec</place>
    <state></state>
    <state_code></state_code>
    <province></province>
    <province_code></province_code>
    <community></community>
    <community_code></community_code>
    <latitude>41.9389</latitude>
    <longitude>21.615</longitude>
  </object>
  <object>
    <country_code>MK</country_code>
    <zipcode>1044</zipcode>
    <place>Katlanovo</place>
    <state></state>
    <state_code></state_code>
    <province></province>
    <province_code></province_code>
    <community></community>
    <community_code></community_code>
    <latitude>41.8944</latitude>
    <longitude>21.6831</longitude>
  </object>
  <object>
    <country_code>MK</country_code>
    <zipcode>1045</zipcode>
    <place>Aracinovo</place>
    <state></state>
    <state_code></state_code>
    <province></province>
    <province_code></province_code>
    <community></community>
    <community_code></community_code>
    <latitude>42.0264</latitude>
    <longitude>21.5619</longitude>
  </object>
  <object>
    <country_code>MK</country_code>
    <zipcode>1047</zipcode>
    <place>Jurumleri</place>
    <state></state>
    <state_code></state_code>
    <province></province>
    <province_code></province_code>
    <community></community>
    <community_code></community_code>
    <latitude>41.9672</latitude>
    <longitude>21.5569</longitude>
  </object>
  <object>
    <country_code>MK</country_code>
    <zipcode>1050</zipcode>
    <place>Skopje-Dracevo</place>
    <state></state>
    <state_code></state_code>
    <province></province>
    <province_code></province_code>
    <community></community>
    <community_code></community_code>
    <latitude>41.9367</latitude>
    <longitude>21.5217</longitude>
  </object>
  <object>
    <country_code>MK</country_code>
    <zipcode>1053</zipcode>
    <place>Zelenikovo</place>
    <state></state>
    <state_code></state_code>
    <province></province>
    <province_code></province_code>
    <community></community>
    <community_code></community_code>
    <latitude>41.8867</latitude>
    <longitude>21.5869</longitude>
  </object>
  <object>
    <country_code>MK</country_code>
    <zipcode>1054</zipcode>
    <place>Rakotnici</place>
    <state></state>
    <state_code></state_code>
    <province></province>
    <province_code></province_code>
    <community></community>
    <community_code></community_code>
    <latitude>41.3161</latitude>
    <longitude>21.1898</longitude>
  </object>
  <object>
    <country_code>MK</country_code>
    <zipcode>1060</zipcode>
    <place>Skopje-Gjorce Petrov</place>
    <state></state>
    <state_code></state_code>
    <province></province>
    <province_code></province_code>
    <community></community>
    <community_code></community_code>
    <latitude>42.0609</latitude>
    <longitude>21.3193</longitude>
  </object>
  <object>
    <country_code>MK</country_code>
    <zipcode>1062</zipcode>
    <place>Radusa</place>
    <state></state>
    <state_code></state_code>
    <province></province>
    <province_code></province_code>
    <community></community>
    <community_code></community_code>
    <latitude>42.085</latitude>
    <longitude>21.2106</longitude>
  </object>
  <object>
    <country_code>MK</country_code>
    <zipcode>1063</zipcode>
    <place>Bukovik</place>
    <state></state>
    <state_code></state_code>
    <province></province>
    <province_code></province_code>
    <community></community>
    <community_code></community_code>
    <latitude>41.9683</latitude>
    <longitude>21.2369</longitude>
  </object>
  <object>
    <country_code>MK</country_code>
    <zipcode>1200</zipcode>
    <place>Tetovo</place>
    <state></state>
    <state_code></state_code>
    <province></province>
    <province_code></province_code>
    <community></community>
    <community_code></community_code>
    <latitude>42.0106</latitude>
    <longitude>20.9714</longitude>
  </object>
  <object>
    <country_code>MK</country_code>
    <zipcode>1201</zipcode>
    <place>Mala Recica</place>
    <state></state>
    <state_code></state_code>
    <province></province>
    <province_code></province_code>
    <community></community>
    <community_code></community_code>
    <latitude>41.9925</latitude>
    <longitude>20.9578</longitude>
  </object>
  <object>
    <country_code>MK</country_code>
    <zipcode>1203</zipcode>
    <place>Nerashte</place>
    <state></state>
    <state_code></state_code>
    <province></province>
    <province_code></province_code>
    <community></community>
    <community_code></community_code>
    <latitude>42.1067</latitude>
    <longitude>21.1089</longitude>
  </object>
  <object>
    <country_code>MK</country_code>
    <zipcode>1206</zipcode>
    <place>Jazince</place>
    <state></state>
    <state_code></state_code>
    <province></province>
    <province_code></province_code>
    <community></community>
    <community_code></community_code>
    <latitude>42.1644</latitude>
    <longitude>21.1761</longitude>
  </object>
  <object>
    <country_code>MK</country_code>
    <zipcode>1211</zipcode>
    <place>Dobroste</place>
    <state></state>
    <state_code></state_code>
    <province></province>
    <province_code></province_code>
    <community></community>
    <community_code></community_code>
    <latitude>42.1033</latitude>
    <longitude>21.0778</longitude>
  </object>
  <object>
    <country_code>MK</country_code>
    <zipcode>1212</zipcode>
    <place>Dzepciste</place>
    <state></state>
    <state_code></state_code>
    <province></province>
    <province_code></province_code>
    <community></community>
    <community_code></community_code>
    <latitude>42.0328</latitude>
    <longitude>21</longitude>
  </object>
  <object>
    <country_code>MK</country_code>
    <zipcode>1213</zipcode>
    <place>Zerovjane</place>
    <state></state>
    <state_code></state_code>
    <province></province>
    <province_code></province_code>
    <community></community>
    <community_code></community_code>
    <latitude>41.9153</latitude>
    <longitude>20.9478</longitude>
  </object>
  <object>
    <country_code>MK</country_code>
    <zipcode>1214</zipcode>
    <place>Pirok</place>
    <state></state>
    <state_code></state_code>
    <province></province>
    <province_code></province_code>
    <community></community>
    <community_code></community_code>
    <latitude>41.9108</latitude>
    <longitude>20.9106</longitude>
  </object>
  <object>
    <country_code>MK</country_code>
    <zipcode>1215</zipcode>
    <place>Jegunovce</place>
    <state></state>
    <state_code></state_code>
    <province></province>
    <province_code></province_code>
    <community></community>
    <community_code></community_code>
    <latitude>42.0736</latitude>
    <longitude>21.1236</longitude>
  </object>
  <object>
    <country_code>MK</country_code>
    <zipcode>1216</zipcode>
    <place>Brvenica</place>
    <state></state>
    <state_code></state_code>
    <province></province>
    <province_code></province_code>
    <community></community>
    <community_code></community_code>
    <latitude>41.9672</latitude>
    <longitude>20.9808</longitude>
  </object>
  <object>
    <country_code>MK</country_code>
    <zipcode>1218</zipcode>
    <place>Grupcin</place>
    <state></state>
    <state_code></state_code>
    <province></province>
    <province_code></province_code>
    <community></community>
    <community_code></community_code>
    <latitude>41.9678</latitude>
    <longitude>21.1303</longitude>
  </object>
  <object>
    <country_code>MK</country_code>
    <zipcode>1219</zipcode>
    <place>Golema Recica</place>
    <state></state>
    <state_code></state_code>
    <province></province>
    <province_code></province_code>
    <community></community>
    <community_code></community_code>
    <latitude>41.9903</latitude>
    <longitude>20.9458</longitude>
  </object>
  <object>
    <country_code>MK</country_code>
    <zipcode>1220</zipcode>
    <place>Bogovinje</place>
    <state></state>
    <state_code></state_code>
    <province></province>
    <province_code></province_code>
    <community></community>
    <community_code></community_code>
    <latitude>41.9236</latitude>
    <longitude>20.9136</longitude>
  </object>
  <object>
    <country_code>MK</country_code>
    <zipcode>1221</zipcode>
    <place>Kamenjane</place>
    <state></state>
    <state_code></state_code>
    <province></province>
    <province_code></province_code>
    <community></community>
    <community_code></community_code>
    <latitude>41.9444</latitude>
    <longitude>20.9267</longitude>
  </object>
  <object>
    <country_code>MK</country_code>
    <zipcode>1224</zipcode>
    <place>Tearce</place>
    <state></state>
    <state_code></state_code>
    <province></province>
    <province_code></province_code>
    <community></community>
    <community_code></community_code>
    <latitude>42.0744</latitude>
    <longitude>21.0525</longitude>
  </object>
  <object>
    <country_code>MK</country_code>
    <zipcode>1225</zipcode>
    <place>Vratnica</place>
    <state></state>
    <state_code></state_code>
    <province></province>
    <province_code></province_code>
    <community></community>
    <community_code></community_code>
    <latitude>42.1433</latitude>
    <longitude>21.1169</longitude>
  </object>
  <object>
    <country_code>MK</country_code>
    <zipcode>1226</zipcode>
    <place>Zelino</place>
    <state></state>
    <state_code></state_code>
    <province></province>
    <province_code></province_code>
    <community></community>
    <community_code></community_code>
    <latitude>41.9803</latitude>
    <longitude>21.0642</longitude>
  </object>
  <object>
    <country_code>MK</country_code>
    <zipcode>1227</zipcode>
    <place>Celopek</place>
    <state></state>
    <state_code></state_code>
    <province></province>
    <province_code></province_code>
    <community></community>
    <community_code></community_code>
    <latitude>41.9317</latitude>
    <longitude>21.0133</longitude>
  </object>
  <object>
    <country_code>MK</country_code>
    <zipcode>1228</zipcode>
    <place>Shemshevo</place>
    <state></state>
    <state_code></state_code>
    <province></province>
    <province_code></province_code>
    <community></community>
    <community_code></community_code>
    <latitude>42.0247</latitude>
    <longitude>21.0797</longitude>
  </object>
  <object>
    <country_code>MK</country_code>
    <zipcode>1230</zipcode>
    <place>Gostivar</place>
    <state></state>
    <state_code></state_code>
    <province></province>
    <province_code></province_code>
    <community></community>
    <community_code></community_code>
    <latitude>41.7972</latitude>
    <longitude>20.9083</longitude>
  </object>
  <object>
    <country_code>MK</country_code>
    <zipcode>1231</zipcode>
    <place>Vrutok</place>
    <state></state>
    <state_code></state_code>
    <province></province>
    <province_code></province_code>
    <community></community>
    <community_code></community_code>
    <latitude>41.7686</latitude>
    <longitude>20.8392</longitude>
  </object>
  <object>
    <country_code>MK</country_code>
    <zipcode>1234</zipcode>
    <place>Debreshe</place>
    <state></state>
    <state_code></state_code>
    <province></province>
    <province_code></province_code>
    <community></community>
    <community_code></community_code>
    <latitude>41.8159</latitude>
    <longitude>20.8842</longitude>
  </object>
  <object>
    <country_code>MK</country_code>
    <zipcode>1235</zipcode>
    <place>Negotino-Gostivarsko</place>
    <state></state>
    <state_code></state_code>
    <province></province>
    <province_code></province_code>
    <community></community>
    <community_code></community_code>
    <latitude>41.4846</latitude>
    <longitude>22.0906</longitude>
  </object>
  <object>
    <country_code>MK</country_code>
    <zipcode>1236</zipcode>
    <place>Dobri Dol</place>
    <state></state>
    <state_code></state_code>
    <province></province>
    <province_code></province_code>
    <community></community>
    <community_code></community_code>
    <latitude>41.8658</latitude>
    <longitude>20.8875</longitude>
  </object>
  <object>
    <country_code>MK</country_code>
    <zipcode>1237</zipcode>
    <place>Cegrane</place>
    <state></state>
    <state_code></state_code>
    <province></province>
    <province_code></province_code>
    <community></community>
    <community_code></community_code>
    <latitude>41.8389</latitude>
    <longitude>20.9758</longitude>
  </object>
  <object>
    <country_code>MK</country_code>
    <zipcode>1238</zipcode>
    <place>Vrapciste</place>
    <state></state>
    <state_code></state_code>
    <province></province>
    <province_code></province_code>
    <community></community>
    <community_code></community_code>
    <latitude>41.8339</latitude>
    <longitude>20.8853</longitude>
  </object>
  <object>
    <country_code>MK</country_code>
    <zipcode>1239</zipcode>
    <place>Srbinovo</place>
    <state></state>
    <state_code></state_code>
    <province></province>
    <province_code></province_code>
    <community></community>
    <community_code></community_code>
    <latitude>41.7058</latitude>
    <longitude>20.9603</longitude>
  </object>
  <object>
    <country_code>MK</country_code>
    <zipcode>1250</zipcode>
    <place>Debar</place>
    <state></state>
    <state_code></state_code>
    <province></province>
    <province_code></province_code>
    <community></community>
    <community_code></community_code>
    <latitude>41.525</latitude>
    <longitude>20.5275</longitude>
  </object>
  <object>
    <country_code>MK</country_code>
    <zipcode>1254</zipcode>
    <place>Rostusa</place>
    <state></state>
    <state_code></state_code>
    <province></province>
    <province_code></province_code>
    <community></community>
    <community_code></community_code>
    <latitude>41.61</latitude>
    <longitude>20.6</longitude>
  </object>
  <object>
    <country_code>MK</country_code>
    <zipcode>1255</zipcode>
    <place>Zirovnica</place>
    <state></state>
    <state_code></state_code>
    <province></province>
    <province_code></province_code>
    <community></community>
    <community_code></community_code>
    <latitude>41.6744</latitude>
    <longitude>20.5858</longitude>
  </object>
  <object>
    <country_code>MK</country_code>
    <zipcode>1256</zipcode>
    <place>Mavrovi Anovi</place>
    <state></state>
    <state_code></state_code>
    <province></province>
    <province_code></province_code>
    <community></community>
    <community_code></community_code>
    <latitude>41.7006</latitude>
    <longitude>20.7556</longitude>
  </object>
  <object>
    <country_code>MK</country_code>
    <zipcode>1257</zipcode>
    <place>Skudrinje</place>
    <state></state>
    <state_code></state_code>
    <province></province>
    <province_code></province_code>
    <community></community>
    <community_code></community_code>
    <latitude>41.5656</latitude>
    <longitude>20.6094</longitude>
  </object>
  <object>
    <country_code>MK</country_code>
    <zipcode>1258</zipcode>
    <place>Golem Papradnik</place>
    <state></state>
    <state_code></state_code>
    <province></province>
    <province_code></province_code>
    <community></community>
    <community_code></community_code>
    <latitude>41.4767</latitude>
    <longitude>20.5444</longitude>
  </object>
  <object>
    <country_code>MK</country_code>
    <zipcode>1300</zipcode>
    <place>Kumanovo</place>
    <state></state>
    <state_code></state_code>
    <province></province>
    <province_code></province_code>
    <community></community>
    <community_code></community_code>
    <latitude>42.1322</latitude>
    <longitude>21.7144</longitude>
  </object>
  <object>
    <country_code>MK</country_code>
    <zipcode>1302</zipcode>
    <place>Zeglane</place>
    <state></state>
    <state_code></state_code>
    <province></province>
    <province_code></province_code>
    <community></community>
    <community_code></community_code>
    <latitude>42.2625</latitude>
    <longitude>21.9108</longitude>
  </object>
  <object>
    <country_code>MK</country_code>
    <zipcode>1303</zipcode>
    <place>Staro Negoricane</place>
    <state></state>
    <state_code></state_code>
    <province></province>
    <province_code></province_code>
    <community></community>
    <community_code></community_code>
    <latitude>42.1981</latitude>
    <longitude>21.8286</longitude>
  </object>
  <object>
    <country_code>MK</country_code>
    <zipcode>1304</zipcode>
    <place>Klecovce</place>
    <state></state>
    <state_code></state_code>
    <province></province>
    <province_code></province_code>
    <community></community>
    <community_code></community_code>
    <latitude>42.1161</latitude>
    <longitude>21.8572</longitude>
  </object>
  <object>
    <country_code>MK</country_code>
    <zipcode>1305</zipcode>
    <place>Orasec</place>
    <state></state>
    <state_code></state_code>
    <province></province>
    <province_code></province_code>
    <community></community>
    <community_code></community_code>
    <latitude>42.0625</latitude>
    <longitude>21.7997</longitude>
  </object>
  <object>
    <country_code>MK</country_code>
    <zipcode>1306</zipcode>
    <place>Matejce</place>
    <state></state>
    <state_code></state_code>
    <province></province>
    <province_code></province_code>
    <community></community>
    <community_code></community_code>
    <latitude>42.1256</latitude>
    <longitude>21.5978</longitude>
  </object>
  <object>
    <country_code>MK</country_code>
    <zipcode>1307</zipcode>
    <place>Lipkovo</place>
    <state></state>
    <state_code></state_code>
    <province></province>
    <province_code></province_code>
    <community></community>
    <community_code></community_code>
    <latitude>42.1564</latitude>
    <longitude>21.5853</longitude>
  </object>
  <object>
    <country_code>MK</country_code>
    <zipcode>1308</zipcode>
    <place>Tabanovce</place>
    <state></state>
    <state_code></state_code>
    <province></province>
    <province_code></province_code>
    <community></community>
    <community_code></community_code>
    <latitude>42.2147</latitude>
    <longitude>21.7083</longitude>
  </object>
  <object>
    <country_code>MK</country_code>
    <zipcode>1309</zipcode>
    <place>Gradiste</place>
    <state></state>
    <state_code></state_code>
    <province></province>
    <province_code></province_code>
    <community></community>
    <community_code></community_code>
    <latitude>42.0231</latitude>
    <longitude>21.8878</longitude>
  </object>
  <object>
    <country_code>MK</country_code>
    <zipcode>1312</zipcode>
    <place>Mlado Nagoricane</place>
    <state></state>
    <state_code></state_code>
    <province></province>
    <province_code></province_code>
    <community></community>
    <community_code></community_code>
    <latitude>42.1703</latitude>
    <longitude>21.8017</longitude>
  </object>
  <object>
    <country_code>MK</country_code>
    <zipcode>1314</zipcode>
    <place>Oblavce</place>
    <state></state>
    <state_code></state_code>
    <province></province>
    <province_code></province_code>
    <community></community>
    <community_code></community_code>
    <latitude>42.1572</latitude>
    <longitude>21.9067</longitude>
  </object>
  <object>
    <country_code>MK</country_code>
    <zipcode>1315</zipcode>
    <place>Otlja</place>
    <state></state>
    <state_code></state_code>
    <province></province>
    <province_code></province_code>
    <community></community>
    <community_code></community_code>
    <latitude>42.1439</latitude>
    <longitude>21.5878</longitude>
  </object>
  <object>
    <country_code>MK</country_code>
    <zipcode>1316</zipcode>
    <place>Rankovce</place>
    <state></state>
    <state_code></state_code>
    <province></province>
    <province_code></province_code>
    <community></community>
    <community_code></community_code>
    <latitude>42.1819</latitude>
    <longitude>22.1228</longitude>
  </object>
  <object>
    <country_code>MK</country_code>
    <zipcode>1322</zipcode>
    <place>Romanovce</place>
    <state></state>
    <state_code></state_code>
    <province></province>
    <province_code></province_code>
    <community></community>
    <community_code></community_code>
    <latitude>42.0947</latitude>
    <longitude>21.6931</longitude>
  </object>
  <object>
    <country_code>MK</country_code>
    <zipcode>1323</zipcode>
    <place>Pcinja</place>
    <state></state>
    <state_code></state_code>
    <province></province>
    <province_code></province_code>
    <community></community>
    <community_code></community_code>
    <latitude>42.0397</latitude>
    <longitude>21.7561</longitude>
  </object>
  <object>
    <country_code>MK</country_code>
    <zipcode>1324</zipcode>
    <place>Vaksince</place>
    <state></state>
    <state_code></state_code>
    <province></province>
    <province_code></province_code>
    <community></community>
    <community_code></community_code>
    <latitude>42.2061</latitude>
    <longitude>21.6631</longitude>
  </object>
  <object>
    <country_code>MK</country_code>
    <zipcode>1325</zipcode>
    <place>Slupcane</place>
    <state></state>
    <state_code></state_code>
    <province></province>
    <province_code></province_code>
    <community></community>
    <community_code></community_code>
    <latitude>42.1733</latitude>
    <longitude>21.6278</longitude>
  </object>
  <object>
    <country_code>MK</country_code>
    <zipcode>1330</zipcode>
    <place>Kriva Palanka</place>
    <state></state>
    <state_code></state_code>
    <province></province>
    <province_code></province_code>
    <community></community>
    <community_code></community_code>
    <latitude>42.2019</latitude>
    <longitude>22.3319</longitude>
  </object>
  <object>
    <country_code>MK</country_code>
    <zipcode>1332</zipcode>
    <place>Petralnica</place>
    <state></state>
    <state_code></state_code>
    <province></province>
    <province_code></province_code>
    <community></community>
    <community_code></community_code>
    <latitude>42.2083</latitude>
    <longitude>22.1872</longitude>
  </object>
  <object>
    <country_code>MK</country_code>
    <zipcode>1333</zipcode>
    <place>Mozdivnjak</place>
    <state></state>
    <state_code></state_code>
    <province></province>
    <province_code></province_code>
    <community></community>
    <community_code></community_code>
    <latitude>42.1578</latitude>
    <longitude>22.2539</longitude>
  </object>
  <object>
    <country_code>MK</country_code>
    <zipcode>1334</zipcode>
    <place>Dubrovnica</place>
    <state></state>
    <state_code></state_code>
    <province></province>
    <province_code></province_code>
    <community></community>
    <community_code></community_code>
    <latitude>42.2772</latitude>
    <longitude>22.3239</longitude>
  </object>
  <object>
    <country_code>MK</country_code>
    <zipcode>1335</zipcode>
    <place>Zidilovo</place>
    <state></state>
    <state_code></state_code>
    <province></province>
    <province_code></province_code>
    <community></community>
    <community_code></community_code>
    <latitude>42.225</latitude>
    <longitude>22.3958</longitude>
  </object>
  <object>
    <country_code>MK</country_code>
    <zipcode>1360</zipcode>
    <place>Kratovo</place>
    <state></state>
    <state_code></state_code>
    <province></province>
    <province_code></province_code>
    <community></community>
    <community_code></community_code>
    <latitude>42.0792</latitude>
    <longitude>22.1814</longitude>
  </object>
  <object>
    <country_code>MK</country_code>
    <zipcode>1361</zipcode>
    <place>Stracin</place>
    <state></state>
    <state_code></state_code>
    <province></province>
    <province_code></province_code>
    <community></community>
    <community_code></community_code>
    <latitude>42.1506</latitude>
    <longitude>22.0322</longitude>
  </object>
  <object>
    <country_code>MK</country_code>
    <zipcode>1400</zipcode>
    <place>Veles</place>
    <state></state>
    <state_code></state_code>
    <province></province>
    <province_code></province_code>
    <community></community>
    <community_code></community_code>
    <latitude>41.7156</latitude>
    <longitude>21.7756</longitude>
  </object>
  <object>
    <country_code>MK</country_code>
    <zipcode>1406</zipcode>
    <place>Basino Selo</place>
    <state></state>
    <state_code></state_code>
    <province></province>
    <province_code></province_code>
    <community></community>
    <community_code></community_code>
    <latitude>41.7483</latitude>
    <longitude>21.76</longitude>
  </object>
  <object>
    <country_code>MK</country_code>
    <zipcode>1407</zipcode>
    <place>Ivankovci</place>
    <state></state>
    <state_code></state_code>
    <province></province>
    <province_code></province_code>
    <community></community>
    <community_code></community_code>
    <latitude>41.8489</latitude>
    <longitude>21.8203</longitude>
  </object>
  <object>
    <country_code>MK</country_code>
    <zipcode>1408</zipcode>
    <place>Gorno Orizari</place>
    <state></state>
    <state_code></state_code>
    <province></province>
    <province_code></province_code>
    <community></community>
    <community_code></community_code>
    <latitude>41.6858</latitude>
    <longitude>21.7336</longitude>
  </object>
  <object>
    <country_code>MK</country_code>
    <zipcode>1413</zipcode>
    <place>Caska</place>
    <state></state>
    <state_code></state_code>
    <province></province>
    <province_code></province_code>
    <community></community>
    <community_code></community_code>
    <latitude>41.6506</latitude>
    <longitude>21.6622</longitude>
  </object>
  <object>
    <country_code>MK</country_code>
    <zipcode>1414</zipcode>
    <place>Izvor</place>
    <state></state>
    <state_code></state_code>
    <province></province>
    <province_code></province_code>
    <community></community>
    <community_code></community_code>
    <latitude>41.5547</latitude>
    <longitude>21.6972</longitude>
  </object>
  <object>
    <country_code>MK</country_code>
    <zipcode>1415</zipcode>
    <place>Bogomila</place>
    <state></state>
    <state_code></state_code>
    <province></province>
    <province_code></province_code>
    <community></community>
    <community_code></community_code>
    <latitude>41.5931</latitude>
    <longitude>21.4717</longitude>
  </object>
  <object>
    <country_code>MK</country_code>
    <zipcode>1420</zipcode>
    <place>Gradsko</place>
    <state></state>
    <state_code></state_code>
    <province></province>
    <province_code></province_code>
    <community></community>
    <community_code></community_code>
    <latitude>41.5775</latitude>
    <longitude>21.9428</longitude>
  </object>
  <object>
    <country_code>MK</country_code>
    <zipcode>1421</zipcode>
    <place>Sirkovo</place>
    <state></state>
    <state_code></state_code>
    <province></province>
    <province_code></province_code>
    <community></community>
    <community_code></community_code>
    <latitude>41.5064</latitude>
    <longitude>21.8886</longitude>
  </object>
  <object>
    <country_code>MK</country_code>
    <zipcode>1422</zipcode>
    <place>Rosoman</place>
    <state></state>
    <state_code></state_code>
    <province></province>
    <province_code></province_code>
    <community></community>
    <community_code></community_code>
    <latitude>41.5161</latitude>
    <longitude>21.9497</longitude>
  </object>
  <object>
    <country_code>MK</country_code>
    <zipcode>1423</zipcode>
    <place>Drenovo</place>
    <state></state>
    <state_code></state_code>
    <province></province>
    <province_code></province_code>
    <community></community>
    <community_code></community_code>
    <latitude>41.4194</latitude>
    <longitude>21.89</longitude>
  </object>
  <object>
    <country_code>MK</country_code>
    <zipcode>1424</zipcode>
    <place>Vozarci</place>
    <state></state>
    <state_code></state_code>
    <province></province>
    <province_code></province_code>
    <community></community>
    <community_code></community_code>
    <latitude>41.43</latitude>
    <longitude>21.9247</longitude>
  </object>
  <object>
    <country_code>MK</country_code>
    <zipcode>1426</zipcode>
    <place>Marena</place>
    <state></state>
    <state_code></state_code>
    <province></province>
    <province_code></province_code>
    <community></community>
    <community_code></community_code>
    <latitude>41.4664</latitude>
    <longitude>22.0278</longitude>
  </object>
  <object>
    <country_code>MK</country_code>
    <zipcode>1427</zipcode>
    <place>Sopot</place>
    <state></state>
    <state_code></state_code>
    <province></province>
    <province_code></province_code>
    <community></community>
    <community_code></community_code>
    <latitude>41.49</latitude>
    <longitude>22.0247</longitude>
  </object>
  <object>
    <country_code>MK</country_code>
    <zipcode>1430</zipcode>
    <place>Kavadarci</place>
    <state></state>
    <state_code></state_code>
    <province></province>
    <province_code></province_code>
    <community></community>
    <community_code></community_code>
    <latitude>41.4331</latitude>
    <longitude>22.0119</longitude>
  </object>
  <object>
    <country_code>MK</country_code>
    <zipcode>1434</zipcode>
    <place>Resava</place>
    <state></state>
    <state_code></state_code>
    <province></province>
    <province_code></province_code>
    <community></community>
    <community_code></community_code>
    <latitude>41.3881</latitude>
    <longitude>21.9781</longitude>
  </object>
  <object>
    <country_code>MK</country_code>
    <zipcode>1437</zipcode>
    <place>Konopiste</place>
    <state></state>
    <state_code></state_code>
    <province></province>
    <province_code></province_code>
    <community></community>
    <community_code></community_code>
    <latitude>41.2472</latitude>
    <longitude>22.0772</longitude>
  </object>
  <object>
    <country_code>MK</country_code>
    <zipcode>1440</zipcode>
    <place>Negotino</place>
    <state></state>
    <state_code></state_code>
    <province></province>
    <province_code></province_code>
    <community></community>
    <community_code></community_code>
    <latitude>41.4839</latitude>
    <longitude>22.0892</longitude>
  </object>
  <object>
    <country_code>MK</country_code>
    <zipcode>1441</zipcode>
    <place>Pepeliste</place>
    <state></state>
    <state_code></state_code>
    <province></province>
    <province_code></province_code>
    <community></community>
    <community_code></community_code>
    <latitude>41.5189</latitude>
    <longitude>22.1283</longitude>
  </object>
  <object>
    <country_code>MK</country_code>
    <zipcode>1442</zipcode>
    <place>Demir Kapija</place>
    <state></state>
    <state_code></state_code>
    <province></province>
    <province_code></province_code>
    <community></community>
    <community_code></community_code>
    <latitude>41.405</latitude>
    <longitude>22.2489</longitude>
  </object>
  <object>
    <country_code>MK</country_code>
    <zipcode>1443</zipcode>
    <place>Dolni Disan</place>
    <state></state>
    <state_code></state_code>
    <province></province>
    <province_code></province_code>
    <community></community>
    <community_code></community_code>
    <latitude>41.4283</latitude>
    <longitude>22.0956</longitude>
  </object>
  <object>
    <country_code>MK</country_code>
    <zipcode>1480</zipcode>
    <place>Gevgelija</place>
    <state></state>
    <state_code></state_code>
    <province></province>
    <province_code></province_code>
    <community></community>
    <community_code></community_code>
    <latitude>41.1392</latitude>
    <longitude>22.5025</longitude>
  </object>
  <object>
    <country_code>MK</country_code>
    <zipcode>1483</zipcode>
    <place>Negorci</place>
    <state></state>
    <state_code></state_code>
    <province></province>
    <province_code></province_code>
    <community></community>
    <community_code></community_code>
    <latitude>41.1836</latitude>
    <longitude>22.4847</longitude>
  </object>
  <object>
    <country_code>MK</country_code>
    <zipcode>1484</zipcode>
    <place>Bogdanci</place>
    <state></state>
    <state_code></state_code>
    <province></province>
    <province_code></province_code>
    <community></community>
    <community_code></community_code>
    <latitude>41.2031</latitude>
    <longitude>22.5756</longitude>
  </object>
  <object>
    <country_code>MK</country_code>
    <zipcode>1485</zipcode>
    <place>Nov Dojran</place>
    <state></state>
    <state_code></state_code>
    <province></province>
    <province_code></province_code>
    <community></community>
    <community_code></community_code>
    <latitude>41.2206</latitude>
    <longitude>22.7061</longitude>
  </object>
  <object>
    <country_code>MK</country_code>
    <zipcode>1487</zipcode>
    <place>Star Dojran</place>
    <state></state>
    <state_code></state_code>
    <province></province>
    <province_code></province_code>
    <community></community>
    <community_code></community_code>
    <latitude>41.1875</latitude>
    <longitude>22.7208</longitude>
  </object>
  <object>
    <country_code>MK</country_code>
    <zipcode>1488</zipcode>
    <place>Stojakovo</place>
    <state></state>
    <state_code></state_code>
    <province></province>
    <province_code></province_code>
    <community></community>
    <community_code></community_code>
    <latitude>41.1556</latitude>
    <longitude>22.5775</longitude>
  </object>
  <object>
    <country_code>MK</country_code>
    <zipcode>1489</zipcode>
    <place>Miravci</place>
    <state></state>
    <state_code></state_code>
    <province></province>
    <province_code></province_code>
    <community></community>
    <community_code></community_code>
    <latitude>41.3078</latitude>
    <longitude>22.435</longitude>
  </object>
  <object>
    <country_code>MK</country_code>
    <zipcode>2000</zipcode>
    <place>Stip</place>
    <state></state>
    <state_code></state_code>
    <province></province>
    <province_code></province_code>
    <community></community>
    <community_code></community_code>
    <latitude>41.7458</latitude>
    <longitude>22.1958</longitude>
  </object>
  <object>
    <country_code>MK</country_code>
    <zipcode>2207</zipcode>
    <place>Karbinci</place>
    <state></state>
    <state_code></state_code>
    <province></province>
    <province_code></province_code>
    <community></community>
    <community_code></community_code>
    <latitude>41.8167</latitude>
    <longitude>22.2375</longitude>
  </object>
  <object>
    <country_code>MK</country_code>
    <zipcode>2208</zipcode>
    <place>Lozovo</place>
    <state></state>
    <state_code></state_code>
    <province></province>
    <province_code></province_code>
    <community></community>
    <community_code></community_code>
    <latitude>41.7839</latitude>
    <longitude>21.9056</longitude>
  </object>
  <object>
    <country_code>MK</country_code>
    <zipcode>2210</zipcode>
    <place>Probishtip</place>
    <state></state>
    <state_code></state_code>
    <province></province>
    <province_code></province_code>
    <community></community>
    <community_code></community_code>
    <latitude>42.0031</latitude>
    <longitude>22.1786</longitude>
  </object>
  <object>
    <country_code>MK</country_code>
    <zipcode>2212</zipcode>
    <place>Zletovo</place>
    <state></state>
    <state_code></state_code>
    <province></province>
    <province_code></province_code>
    <community></community>
    <community_code></community_code>
    <latitude>41.9886</latitude>
    <longitude>22.2361</longitude>
  </object>
  <object>
    <country_code>MK</country_code>
    <zipcode>2220</zipcode>
    <place>Sveti Nikole</place>
    <state></state>
    <state_code></state_code>
    <province></province>
    <province_code></province_code>
    <community></community>
    <community_code></community_code>
    <latitude>41.865</latitude>
    <longitude>21.9428</longitude>
  </object>
  <object>
    <country_code>MK</country_code>
    <zipcode>2225</zipcode>
    <place>Erdzelija</place>
    <state></state>
    <state_code></state_code>
    <province></province>
    <province_code></province_code>
    <community></community>
    <community_code></community_code>
    <latitude>41.8353</latitude>
    <longitude>22.0356</longitude>
  </object>
  <object>
    <country_code>MK</country_code>
    <zipcode>2227</zipcode>
    <place>Amzabegovo</place>
    <state></state>
    <state_code></state_code>
    <province></province>
    <province_code></province_code>
    <community></community>
    <community_code></community_code>
    <latitude>41.8119</latitude>
    <longitude>21.9947</longitude>
  </object>
  <object>
    <country_code>MK</country_code>
    <zipcode>2300</zipcode>
    <place>Kocani</place>
    <state></state>
    <state_code></state_code>
    <province></province>
    <province_code></province_code>
    <community></community>
    <community_code></community_code>
    <latitude>41.9164</latitude>
    <longitude>22.4128</longitude>
  </object>
  <object>
    <country_code>MK</country_code>
    <zipcode>2301</zipcode>
    <place>Oblesevo</place>
    <state></state>
    <state_code></state_code>
    <province></province>
    <province_code></province_code>
    <community></community>
    <community_code></community_code>
    <latitude>41.8833</latitude>
    <longitude>22.3339</longitude>
  </object>
  <object>
    <country_code>MK</country_code>
    <zipcode>2302</zipcode>
    <place>Orizari</place>
    <state></state>
    <state_code></state_code>
    <province></province>
    <province_code></province_code>
    <community></community>
    <community_code></community_code>
    <latitude>41.9228</latitude>
    <longitude>22.4469</longitude>
  </object>
  <object>
    <country_code>MK</country_code>
    <zipcode>2304</zipcode>
    <place>Makedonska Kamenica</place>
    <state></state>
    <state_code></state_code>
    <province></province>
    <province_code></province_code>
    <community></community>
    <community_code></community_code>
    <latitude>42.02</latitude>
    <longitude>22.5919</longitude>
  </object>
  <object>
    <country_code>MK</country_code>
    <zipcode>2305</zipcode>
    <place>Zrnovci</place>
    <state></state>
    <state_code></state_code>
    <province></province>
    <province_code></province_code>
    <community></community>
    <community_code></community_code>
    <latitude>41.8542</latitude>
    <longitude>22.4444</longitude>
  </object>
  <object>
    <country_code>MK</country_code>
    <zipcode>2307</zipcode>
    <place>Gorni Podlog</place>
    <state></state>
    <state_code></state_code>
    <province></province>
    <province_code></province_code>
    <community></community>
    <community_code></community_code>
    <latitude>41.8881</latitude>
    <longitude>22.3814</longitude>
  </object>
  <object>
    <country_code>MK</country_code>
    <zipcode>2310</zipcode>
    <place>Vinica</place>
    <state></state>
    <state_code></state_code>
    <province></province>
    <province_code></province_code>
    <community></community>
    <community_code></community_code>
    <latitude>41.8828</latitude>
    <longitude>22.5092</longitude>
  </object>
  <object>
    <country_code>MK</country_code>
    <zipcode>2312</zipcode>
    <place>Istibanja</place>
    <state></state>
    <state_code></state_code>
    <province></province>
    <province_code></province_code>
    <community></community>
    <community_code></community_code>
    <latitude>41.9297</latitude>
    <longitude>22.5025</longitude>
  </object>
  <object>
    <country_code>MK</country_code>
    <zipcode>2314</zipcode>
    <place>Blatec</place>
    <state></state>
    <state_code></state_code>
    <province></province>
    <province_code></province_code>
    <community></community>
    <community_code></community_code>
    <latitude>41.8378</latitude>
    <longitude>22.5781</longitude>
  </object>
  <object>
    <country_code>MK</country_code>
    <zipcode>2315</zipcode>
    <place>Rusinovo</place>
    <state></state>
    <state_code></state_code>
    <province></province>
    <province_code></province_code>
    <community></community>
    <community_code></community_code>
    <latitude>41.6833</latitude>
    <longitude>22.8083</longitude>
  </object>
  <object>
    <country_code>MK</country_code>
    <zipcode>2316</zipcode>
    <place>Dragobraste</place>
    <state></state>
    <state_code></state_code>
    <province></province>
    <province_code></province_code>
    <community></community>
    <community_code></community_code>
    <latitude>41.8972</latitude>
    <longitude>22.5994</longitude>
  </object>
  <object>
    <country_code>MK</country_code>
    <zipcode>2320</zipcode>
    <place>Delcevo</place>
    <state></state>
    <state_code></state_code>
    <province></province>
    <province_code></province_code>
    <community></community>
    <community_code></community_code>
    <latitude>41.9672</latitude>
    <longitude>22.7694</longitude>
  </object>
  <object>
    <country_code>MK</country_code>
    <zipcode>2325</zipcode>
    <place>Trabotiviste</place>
    <state></state>
    <state_code></state_code>
    <province></province>
    <province_code></province_code>
    <community></community>
    <community_code></community_code>
    <latitude>41.8875</latitude>
    <longitude>22.8167</longitude>
  </object>
  <object>
    <country_code>MK</country_code>
    <zipcode>2326</zipcode>
    <place>Pehcevo</place>
    <state></state>
    <state_code></state_code>
    <province></province>
    <province_code></province_code>
    <community></community>
    <community_code></community_code>
    <latitude>41.7594</latitude>
    <longitude>22.8906</longitude>
  </object>
  <object>
    <country_code>MK</country_code>
    <zipcode>2330</zipcode>
    <place>Berovo</place>
    <state></state>
    <state_code></state_code>
    <province></province>
    <province_code></province_code>
    <community></community>
    <community_code></community_code>
    <latitude>41.7031</latitude>
    <longitude>22.8578</longitude>
  </object>
  <object>
    <country_code>MK</country_code>
    <zipcode>2331</zipcode>
    <place>Vladimirovo</place>
    <state></state>
    <state_code></state_code>
    <province></province>
    <province_code></province_code>
    <community></community>
    <community_code></community_code>
    <latitude>41.71</latitude>
    <longitude>22.7928</longitude>
  </object>
  <object>
    <country_code>MK</country_code>
    <zipcode>2332</zipcode>
    <place>Budinarci</place>
    <state></state>
    <state_code></state_code>
    <province></province>
    <province_code></province_code>
    <community></community>
    <community_code></community_code>
    <latitude>41.7642</latitude>
    <longitude>22.7756</longitude>
  </object>
  <object>
    <country_code>MK</country_code>
    <zipcode>2333</zipcode>
    <place>Cesinovo</place>
    <state></state>
    <state_code></state_code>
    <province></province>
    <province_code></province_code>
    <community></community>
    <community_code></community_code>
    <latitude>41.8714</latitude>
    <longitude>22.2892</longitude>
  </object>
  <object>
    <country_code>MK</country_code>
    <zipcode>2400</zipcode>
    <place>Strumica</place>
    <state></state>
    <state_code></state_code>
    <province></province>
    <province_code></province_code>
    <community></community>
    <community_code></community_code>
    <latitude>41.4375</latitude>
    <longitude>22.6433</longitude>
  </object>
  <object>
    <country_code>MK</country_code>
    <zipcode>2410</zipcode>
    <place>Kuklis</place>
    <state></state>
    <state_code></state_code>
    <province></province>
    <province_code></province_code>
    <community></community>
    <community_code></community_code>
    <latitude>41.4053</latitude>
    <longitude>22.6653</longitude>
  </object>
  <object>
    <country_code>MK</country_code>
    <zipcode>2411</zipcode>
    <place>Vasilevo</place>
    <state></state>
    <state_code></state_code>
    <province></province>
    <province_code></province_code>
    <community></community>
    <community_code></community_code>
    <latitude>41.4761</latitude>
    <longitude>22.6417</longitude>
  </object>
  <object>
    <country_code>MK</country_code>
    <zipcode>2412</zipcode>
    <place>Vladevci / Radicevo sobiraliste</place>
    <state></state>
    <state_code></state_code>
    <province></province>
    <province_code></province_code>
    <community></community>
    <community_code></community_code>
    <latitude>41.5208</latitude>
    <longitude>22.5914</longitude>
  </object>
  <object>
    <country_code>MK</country_code>
    <zipcode>2413</zipcode>
    <place>Kosturino</place>
    <state></state>
    <state_code></state_code>
    <province></province>
    <province_code></province_code>
    <community></community>
    <community_code></community_code>
    <latitude>41.3572</latitude>
    <longitude>22.6094</longitude>
  </object>
  <object>
    <country_code>MK</country_code>
    <zipcode>2414</zipcode>
    <place>Veljusa</place>
    <state></state>
    <state_code></state_code>
    <province></province>
    <province_code></province_code>
    <community></community>
    <community_code></community_code>
    <latitude>41.4761</latitude>
    <longitude>22.5675</longitude>
  </object>
  <object>
    <country_code>MK</country_code>
    <zipcode>2416</zipcode>
    <place>Dobrasinci</place>
    <state></state>
    <state_code></state_code>
    <province></province>
    <province_code></province_code>
    <community></community>
    <community_code></community_code>
    <latitude>41.5253</latitude>
    <longitude>22.6753</longitude>
  </object>
  <object>
    <country_code>MK</country_code>
    <zipcode>2420</zipcode>
    <place>Radovis</place>
    <state></state>
    <state_code></state_code>
    <province></province>
    <province_code></province_code>
    <community></community>
    <community_code></community_code>
    <latitude>41.6383</latitude>
    <longitude>22.4647</longitude>
  </object>
  <object>
    <country_code>MK</country_code>
    <zipcode>2423</zipcode>
    <place>Podares</place>
    <state></state>
    <state_code></state_code>
    <province></province>
    <province_code></province_code>
    <community></community>
    <community_code></community_code>
    <latitude>41.6139</latitude>
    <longitude>22.5422</longitude>
  </object>
  <object>
    <country_code>MK</country_code>
    <zipcode>2424</zipcode>
    <place>Konce</place>
    <state></state>
    <state_code></state_code>
    <province></province>
    <province_code></province_code>
    <community></community>
    <community_code></community_code>
    <latitude>41.4958</latitude>
    <longitude>22.385</longitude>
  </object>
  <object>
    <country_code>MK</country_code>
    <zipcode>2430</zipcode>
    <place>Petralinci</place>
    <state></state>
    <state_code></state_code>
    <province></province>
    <province_code></province_code>
    <community></community>
    <community_code></community_code>
    <latitude>41.4706</latitude>
    <longitude>22.7269</longitude>
  </object>
  <object>
    <country_code>MK</country_code>
    <zipcode>2431</zipcode>
    <place>Bosilovo</place>
    <state></state>
    <state_code></state_code>
    <province></province>
    <province_code></province_code>
    <community></community>
    <community_code></community_code>
    <latitude>41.4406</latitude>
    <longitude>22.7278</longitude>
  </object>
  <object>
    <country_code>MK</country_code>
    <zipcode>2432</zipcode>
    <place>Murtino</place>
    <state></state>
    <state_code></state_code>
    <province></province>
    <province_code></province_code>
    <community></community>
    <community_code></community_code>
    <latitude>41.4153</latitude>
    <longitude>22.7267</longitude>
  </object>
  <object>
    <country_code>MK</country_code>
    <zipcode>2433</zipcode>
    <place>Turnovo</place>
    <state></state>
    <state_code></state_code>
    <province></province>
    <province_code></province_code>
    <community></community>
    <community_code></community_code>
    <latitude>41.4383</latitude>
    <longitude>22.7736</longitude>
  </object>
  <object>
    <country_code>MK</country_code>
    <zipcode>2434</zipcode>
    <place>Novo Selo</place>
    <state></state>
    <state_code></state_code>
    <province></province>
    <province_code></province_code>
    <community></community>
    <community_code></community_code>
    <latitude>41.4858</latitude>
    <longitude>22.5092</longitude>
  </object>
  <object>
    <country_code>MK</country_code>
    <zipcode>2435</zipcode>
    <place>Mokrievo</place>
    <state></state>
    <state_code></state_code>
    <province></province>
    <province_code></province_code>
    <community></community>
    <community_code></community_code>
    <latitude>41.375</latitude>
    <longitude>22.8386</longitude>
  </object>
  <object>
    <country_code>MK</country_code>
    <zipcode>2436</zipcode>
    <place>Dracevo</place>
    <state></state>
    <state_code></state_code>
    <province></province>
    <province_code></province_code>
    <community></community>
    <community_code></community_code>
    <latitude>41.9367</latitude>
    <longitude>21.5217</longitude>
  </object>
  <object>
    <country_code>MK</country_code>
    <zipcode>2460</zipcode>
    <place>Valandovo</place>
    <state></state>
    <state_code></state_code>
    <province></province>
    <province_code></province_code>
    <community></community>
    <community_code></community_code>
    <latitude>41.3169</latitude>
    <longitude>22.5611</longitude>
  </object>
  <object>
    <country_code>MK</country_code>
    <zipcode>2461</zipcode>
    <place>Calakli</place>
    <state></state>
    <state_code></state_code>
    <province></province>
    <province_code></province_code>
    <community></community>
    <community_code></community_code>
    <latitude>41.3033</latitude>
    <longitude>22.64</longitude>
  </object>
  <object>
    <country_code>MK</country_code>
    <zipcode>2464</zipcode>
    <place>Udovo</place>
    <state></state>
    <state_code></state_code>
    <province></province>
    <province_code></province_code>
    <community></community>
    <community_code></community_code>
    <latitude>41.3431</latitude>
    <longitude>22.4428</longitude>
  </object>
  <object>
    <country_code>MK</country_code>
    <zipcode>6000</zipcode>
    <place>Ohrid</place>
    <state></state>
    <state_code></state_code>
    <province></province>
    <province_code></province_code>
    <community></community>
    <community_code></community_code>
    <latitude>41.1172</latitude>
    <longitude>20.8019</longitude>
  </object>
  <object>
    <country_code>MK</country_code>
    <zipcode>6245</zipcode>
    <place>Malo Crsko</place>
    <state></state>
    <state_code></state_code>
    <province></province>
    <province_code></province_code>
    <community></community>
    <community_code></community_code>
    <latitude>41.4028</latitude>
    <longitude>21.0017</longitude>
  </object>
  <object>
    <country_code>MK</country_code>
    <zipcode>6250</zipcode>
    <place>Kicevo</place>
    <state></state>
    <state_code></state_code>
    <province></province>
    <province_code></province_code>
    <community></community>
    <community_code></community_code>
    <latitude>41.5144</latitude>
    <longitude>20.9633</longitude>
  </object>
  <object>
    <country_code>MK</country_code>
    <zipcode>6253</zipcode>
    <place>Zajas</place>
    <state></state>
    <state_code></state_code>
    <province></province>
    <province_code></province_code>
    <community></community>
    <community_code></community_code>
    <latitude>41.6072</latitude>
    <longitude>20.9383</longitude>
  </object>
  <object>
    <country_code>MK</country_code>
    <zipcode>6254</zipcode>
    <place>Oslomej</place>
    <state></state>
    <state_code></state_code>
    <province></province>
    <province_code></province_code>
    <community></community>
    <community_code></community_code>
    <latitude>41.5772</latitude>
    <longitude>21</longitude>
  </object>
  <object>
    <country_code>MK</country_code>
    <zipcode>6255</zipcode>
    <place>Brzdani</place>
    <state></state>
    <state_code></state_code>
    <province></province>
    <province_code></province_code>
    <community></community>
    <community_code></community_code>
    <latitude>41.4467</latitude>
    <longitude>20.9069</longitude>
  </object>
  <object>
    <country_code>MK</country_code>
    <zipcode>6256</zipcode>
    <place>Izvor</place>
    <state></state>
    <state_code></state_code>
    <province></province>
    <province_code></province_code>
    <community></community>
    <community_code></community_code>
    <latitude>41.5547</latitude>
    <longitude>21.6972</longitude>
  </object>
  <object>
    <country_code>MK</country_code>
    <zipcode>6257</zipcode>
    <place>Dlapkin Dol</place>
    <state></state>
    <state_code></state_code>
    <province></province>
    <province_code></province_code>
    <community></community>
    <community_code></community_code>
    <latitude>41.5592</latitude>
    <longitude>20.9353</longitude>
  </object>
  <object>
    <country_code>MK</country_code>
    <zipcode>6258</zipcode>
    <place>Vranestica</place>
    <state></state>
    <state_code></state_code>
    <province></province>
    <province_code></province_code>
    <community></community>
    <community_code></community_code>
    <latitude>41.4453</latitude>
    <longitude>21.0267</longitude>
  </object>
  <object>
    <country_code>MK</country_code>
    <zipcode>6259</zipcode>
    <place>Celopeci</place>
    <state></state>
    <state_code></state_code>
    <province></province>
    <province_code></province_code>
    <community></community>
    <community_code></community_code>
    <latitude>41.4725</latitude>
    <longitude>21.0286</longitude>
  </object>
  <object>
    <country_code>MK</country_code>
    <zipcode>6260</zipcode>
    <place>Rastanski Pat</place>
    <state></state>
    <state_code></state_code>
    <province></province>
    <province_code></province_code>
    <community></community>
    <community_code></community_code>
    <latitude>41.716</latitude>
    <longitude>21.7641</longitude>
  </object>
  <object>
    <country_code>MK</country_code>
    <zipcode>6261</zipcode>
    <place>Drugovo</place>
    <state></state>
    <state_code></state_code>
    <province></province>
    <province_code></province_code>
    <community></community>
    <community_code></community_code>
    <latitude>41.4842</latitude>
    <longitude>20.9233</longitude>
  </object>
  <object>
    <country_code>MK</country_code>
    <zipcode>6262</zipcode>
    <place>Strelci</place>
    <state></state>
    <state_code></state_code>
    <province></province>
    <province_code></province_code>
    <community></community>
    <community_code></community_code>
    <latitude>41.5372</latitude>
    <longitude>21.0036</longitude>
  </object>
  <object>
    <country_code>MK</country_code>
    <zipcode>6306</zipcode>
    <place>Leskovec</place>
    <state></state>
    <state_code></state_code>
    <province></province>
    <province_code></province_code>
    <community></community>
    <community_code></community_code>
    <latitude>40.95</latitude>
    <longitude>20.8833</longitude>
  </object>
  <object>
    <country_code>MK</country_code>
    <zipcode>6322</zipcode>
    <place>Ohrid</place>
    <state></state>
    <state_code></state_code>
    <province></province>
    <province_code></province_code>
    <community></community>
    <community_code></community_code>
    <latitude>41.1172</latitude>
    <longitude>20.8019</longitude>
  </object>
  <object>
    <country_code>MK</country_code>
    <zipcode>6330</zipcode>
    <place>Struga</place>
    <state></state>
    <state_code></state_code>
    <province></province>
    <province_code></province_code>
    <community></community>
    <community_code></community_code>
    <latitude>41.1781</latitude>
    <longitude>20.6761</longitude>
  </object>
  <object>
    <country_code>MK</country_code>
    <zipcode>6333</zipcode>
    <place>Radolista</place>
    <state></state>
    <state_code></state_code>
    <province></province>
    <province_code></province_code>
    <community></community>
    <community_code></community_code>
    <latitude>41.1642</latitude>
    <longitude>20.6233</longitude>
  </object>
  <object>
    <country_code>MK</country_code>
    <zipcode>6334</zipcode>
    <place>Velesta</place>
    <state></state>
    <state_code></state_code>
    <province></province>
    <province_code></province_code>
    <community></community>
    <community_code></community_code>
    <latitude>41.2408</latitude>
    <longitude>20.6439</longitude>
  </object>
  <object>
    <country_code>MK</country_code>
    <zipcode>6335</zipcode>
    <place>Vevcani</place>
    <state></state>
    <state_code></state_code>
    <province></province>
    <province_code></province_code>
    <community></community>
    <community_code></community_code>
    <latitude>41.2406</latitude>
    <longitude>20.5933</longitude>
  </object>
  <object>
    <country_code>MK</country_code>
    <zipcode>6336</zipcode>
    <place>Labunista</place>
    <state></state>
    <state_code></state_code>
    <province></province>
    <province_code></province_code>
    <community></community>
    <community_code></community_code>
    <latitude>41.2686</latitude>
    <longitude>20.5961</longitude>
  </object>
  <object>
    <country_code>MK</country_code>
    <zipcode>6337</zipcode>
    <place>Lukovo</place>
    <state></state>
    <state_code></state_code>
    <province></province>
    <province_code></province_code>
    <community></community>
    <community_code></community_code>
    <latitude>41.3494</latitude>
    <longitude>20.6047</longitude>
  </object>
  <object>
    <country_code>MK</country_code>
    <zipcode>6338</zipcode>
    <place>Delgozda</place>
    <state></state>
    <state_code></state_code>
    <province></province>
    <province_code></province_code>
    <community></community>
    <community_code></community_code>
    <latitude>41.2573</latitude>
    <longitude>20.7218</longitude>
  </object>
  <object>
    <country_code>MK</country_code>
    <zipcode>6339</zipcode>
    <place>Oktisi</place>
    <state></state>
    <state_code></state_code>
    <province></province>
    <province_code></province_code>
    <community></community>
    <community_code></community_code>
    <latitude>41.2325</latitude>
    <longitude>20.6072</longitude>
  </object>
  <object>
    <country_code>MK</country_code>
    <zipcode>6341</zipcode>
    <place>Trebenista</place>
    <state></state>
    <state_code></state_code>
    <province></province>
    <province_code></province_code>
    <community></community>
    <community_code></community_code>
    <latitude>41.2064</latitude>
    <longitude>20.755</longitude>
  </object>
  <object>
    <country_code>MK</country_code>
    <zipcode>6342</zipcode>
    <place>Meseista</place>
    <state></state>
    <state_code></state_code>
    <province></province>
    <province_code></province_code>
    <community></community>
    <community_code></community_code>
    <latitude>41.2386</latitude>
    <longitude>20.7767</longitude>
  </object>
  <object>
    <country_code>MK</country_code>
    <zipcode>6344</zipcode>
    <place>Belcista</place>
    <state></state>
    <state_code></state_code>
    <province></province>
    <province_code></province_code>
    <community></community>
    <community_code></community_code>
    <latitude>41.3028</latitude>
    <longitude>20.8303</longitude>
  </object>
  <object>
    <country_code>MK</country_code>
    <zipcode>6346</zipcode>
    <place>Slivovo</place>
    <state></state>
    <state_code></state_code>
    <province></province>
    <province_code></province_code>
    <community></community>
    <community_code></community_code>
    <latitude>41.4056</latitude>
    <longitude>20.845</longitude>
  </object>
  <object>
    <country_code>MK</country_code>
    <zipcode>6530</zipcode>
    <place>Makedonski Brod</place>
    <state></state>
    <state_code></state_code>
    <province></province>
    <province_code></province_code>
    <community></community>
    <community_code></community_code>
    <latitude>41.5136</latitude>
    <longitude>21.2153</longitude>
  </object>
  <object>
    <country_code>MK</country_code>
    <zipcode>6533</zipcode>
    <place>Dolni Manastirec</place>
    <state></state>
    <state_code></state_code>
    <province></province>
    <province_code></province_code>
    <community></community>
    <community_code></community_code>
    <latitude>41.6269</latitude>
    <longitude>21.2106</longitude>
  </object>
  <object>
    <country_code>MK</country_code>
    <zipcode>6535</zipcode>
    <place>Samokov</place>
    <state></state>
    <state_code></state_code>
    <province></province>
    <province_code></province_code>
    <community></community>
    <community_code></community_code>
    <latitude>41.6836</latitude>
    <longitude>21.1442</longitude>
  </object>
  <object>
    <country_code>MK</country_code>
    <zipcode>6539</zipcode>
    <place>Dvorci</place>
    <state></state>
    <state_code></state_code>
    <province></province>
    <province_code></province_code>
    <community></community>
    <community_code></community_code>
    <latitude>41.4647</latitude>
    <longitude>21.0928</longitude>
  </object>
  <object>
    <country_code>MK</country_code>
    <zipcode>7000</zipcode>
    <place>Bitola</place>
    <state></state>
    <state_code></state_code>
    <province></province>
    <province_code></province_code>
    <community></community>
    <community_code></community_code>
    <latitude>41.0311</latitude>
    <longitude>21.3403</longitude>
  </object>
  <object>
    <country_code>MK</country_code>
    <zipcode>7202</zipcode>
    <place>Smilevo</place>
    <state></state>
    <state_code></state_code>
    <province></province>
    <province_code></province_code>
    <community></community>
    <community_code></community_code>
    <latitude>41.155</latitude>
    <longitude>21.1111</longitude>
  </object>
  <object>
    <country_code>MK</country_code>
    <zipcode>7204</zipcode>
    <place>Dolno Orizari</place>
    <state></state>
    <state_code></state_code>
    <province></province>
    <province_code></province_code>
    <community></community>
    <community_code></community_code>
    <latitude>41.0503</latitude>
    <longitude>21.3794</longitude>
  </object>
  <object>
    <country_code>MK</country_code>
    <zipcode>7205</zipcode>
    <place>Dihovo</place>
    <state></state>
    <state_code></state_code>
    <province></province>
    <province_code></province_code>
    <community></community>
    <community_code></community_code>
    <latitude>41.0303</latitude>
    <longitude>21.2639</longitude>
  </object>
  <object>
    <country_code>MK</country_code>
    <zipcode>7211</zipcode>
    <place>Novaci</place>
    <state></state>
    <state_code></state_code>
    <province></province>
    <province_code></province_code>
    <community></community>
    <community_code></community_code>
    <latitude>41.0419</latitude>
    <longitude>21.4561</longitude>
  </object>
  <object>
    <country_code>MK</country_code>
    <zipcode>7212</zipcode>
    <place>Dedebalci</place>
    <state></state>
    <state_code></state_code>
    <province></province>
    <province_code></province_code>
    <community></community>
    <community_code></community_code>
    <latitude>41.1164</latitude>
    <longitude>21.4842</longitude>
  </object>
  <object>
    <country_code>MK</country_code>
    <zipcode>7213</zipcode>
    <place>Makovo</place>
    <state></state>
    <state_code></state_code>
    <province></province>
    <province_code></province_code>
    <community></community>
    <community_code></community_code>
    <latitude>41.1186</latitude>
    <longitude>21.6094</longitude>
  </object>
  <object>
    <country_code>MK</country_code>
    <zipcode>7214</zipcode>
    <place>Staravina</place>
    <state></state>
    <state_code></state_code>
    <province></province>
    <province_code></province_code>
    <community></community>
    <community_code></community_code>
    <latitude>41.0897</latitude>
    <longitude>21.7339</longitude>
  </object>
  <object>
    <country_code>MK</country_code>
    <zipcode>7215</zipcode>
    <place>Dobrusevo</place>
    <state></state>
    <state_code></state_code>
    <province></province>
    <province_code></province_code>
    <community></community>
    <community_code></community_code>
    <latitude>41.1686</latitude>
    <longitude>21.4825</longitude>
  </object>
  <object>
    <country_code>MK</country_code>
    <zipcode>7216</zipcode>
    <place>Mogila</place>
    <state></state>
    <state_code></state_code>
    <province></province>
    <province_code></province_code>
    <community></community>
    <community_code></community_code>
    <latitude>41.1083</latitude>
    <longitude>21.3786</longitude>
  </object>
  <object>
    <country_code>MK</country_code>
    <zipcode>7221</zipcode>
    <place>Bistrica</place>
    <state></state>
    <state_code></state_code>
    <province></province>
    <province_code></province_code>
    <community></community>
    <community_code></community_code>
    <latitude>40.9833</latitude>
    <longitude>21.3667</longitude>
  </object>
  <object>
    <country_code>MK</country_code>
    <zipcode>7223</zipcode>
    <place>Porodin</place>
    <state></state>
    <state_code></state_code>
    <province></province>
    <province_code></province_code>
    <community></community>
    <community_code></community_code>
    <latitude>40.9333</latitude>
    <longitude>21.3667</longitude>
  </object>
  <object>
    <country_code>MK</country_code>
    <zipcode>7224</zipcode>
    <place>Keremenica</place>
    <state></state>
    <state_code></state_code>
    <province></province>
    <province_code></province_code>
    <community></community>
    <community_code></community_code>
    <latitude>40.9242</latitude>
    <longitude>21.4585</longitude>
  </object>
  <object>
    <country_code>MK</country_code>
    <zipcode>7225</zipcode>
    <place>Bac</place>
    <state></state>
    <state_code></state_code>
    <province></province>
    <province_code></province_code>
    <community></community>
    <community_code></community_code>
    <latitude>40.9333</latitude>
    <longitude>21.5667</longitude>
  </object>
  <object>
    <country_code>MK</country_code>
    <zipcode>7240</zipcode>
    <place>Demir Hisar</place>
    <state></state>
    <state_code></state_code>
    <province></province>
    <province_code></province_code>
    <community></community>
    <community_code></community_code>
    <latitude>41.2217</latitude>
    <longitude>21.2031</longitude>
  </object>
  <object>
    <country_code>MK</country_code>
    <zipcode>7241</zipcode>
    <place>Kukurecani</place>
    <state></state>
    <state_code></state_code>
    <province></province>
    <province_code></province_code>
    <community></community>
    <community_code></community_code>
    <latitude>41.0956</latitude>
    <longitude>21.3256</longitude>
  </object>
  <object>
    <country_code>MK</country_code>
    <zipcode>7242</zipcode>
    <place>Lopatica</place>
    <state></state>
    <state_code></state_code>
    <province></province>
    <province_code></province_code>
    <community></community>
    <community_code></community_code>
    <latitude>41.1594</latitude>
    <longitude>21.2539</longitude>
  </object>
  <object>
    <country_code>MK</country_code>
    <zipcode>7244</zipcode>
    <place>Zvan</place>
    <state></state>
    <state_code></state_code>
    <province></province>
    <province_code></province_code>
    <community></community>
    <community_code></community_code>
    <latitude>41.2878</latitude>
    <longitude>21.1208</longitude>
  </object>
  <object>
    <country_code>MK</country_code>
    <zipcode>7245</zipcode>
    <place>Ivanjevci</place>
    <state></state>
    <state_code></state_code>
    <province></province>
    <province_code></province_code>
    <community></community>
    <community_code></community_code>
    <latitude>41.2064</latitude>
    <longitude>21.3589</longitude>
  </object>
  <object>
    <country_code>MK</country_code>
    <zipcode>7310</zipcode>
    <place>Resen</place>
    <state></state>
    <state_code></state_code>
    <province></province>
    <province_code></province_code>
    <community></community>
    <community_code></community_code>
    <latitude>41.0889</latitude>
    <longitude>21.0122</longitude>
  </object>
  <object>
    <country_code>MK</country_code>
    <zipcode>7313</zipcode>
    <place>Capari</place>
    <state></state>
    <state_code></state_code>
    <province></province>
    <province_code></province_code>
    <community></community>
    <community_code></community_code>
    <latitude>41.0561</latitude>
    <longitude>21.1783</longitude>
  </object>
  <object>
    <country_code>MK</country_code>
    <zipcode>7314</zipcode>
    <place>Kazani</place>
    <state></state>
    <state_code></state_code>
    <province></province>
    <province_code></province_code>
    <community></community>
    <community_code></community_code>
    <latitude>41.0653</latitude>
    <longitude>21.1472</longitude>
  </object>
  <object>
    <country_code>MK</country_code>
    <zipcode>7315</zipcode>
    <place>Carev Dvor</place>
    <state></state>
    <state_code></state_code>
    <province></province>
    <province_code></province_code>
    <community></community>
    <community_code></community_code>
    <latitude>41.0431</latitude>
    <longitude>21.0072</longitude>
  </object>
  <object>
    <country_code>MK</country_code>
    <zipcode>7316</zipcode>
    <place>Asamati</place>
    <state></state>
    <state_code></state_code>
    <province></province>
    <province_code></province_code>
    <community></community>
    <community_code></community_code>
    <latitude>40.9864</latitude>
    <longitude>21.0511</longitude>
  </object>
  <object>
    <country_code>MK</country_code>
    <zipcode>7317</zipcode>
    <place>Krani</place>
    <state></state>
    <state_code></state_code>
    <province></province>
    <province_code></province_code>
    <community></community>
    <community_code></community_code>
    <latitude>40.9394</latitude>
    <longitude>21.1086</longitude>
  </object>
  <object>
    <country_code>MK</country_code>
    <zipcode>7318</zipcode>
    <place>Ljubojno</place>
    <state></state>
    <state_code></state_code>
    <province></province>
    <province_code></province_code>
    <community></community>
    <community_code></community_code>
    <latitude>40.8942</latitude>
    <longitude>21.1408</longitude>
  </object>
  <object>
    <country_code>MK</country_code>
    <zipcode>7319</zipcode>
    <place>Otesevo</place>
    <state></state>
    <state_code></state_code>
    <province></province>
    <province_code></province_code>
    <community></community>
    <community_code></community_code>
    <latitude>40.9833</latitude>
    <longitude>20.9167</longitude>
  </object>
  <object>
    <country_code>MK</country_code>
    <zipcode>7320</zipcode>
    <place>Jankovec</place>
    <state></state>
    <state_code></state_code>
    <province></province>
    <province_code></province_code>
    <community></community>
    <community_code></community_code>
    <latitude>41.1103</latitude>
    <longitude>21.0114</longitude>
  </object>
  <object>
    <country_code>MK</country_code>
    <zipcode>7500</zipcode>
    <place>Prilep</place>
    <state></state>
    <state_code></state_code>
    <province></province>
    <province_code></province_code>
    <community></community>
    <community_code></community_code>
    <latitude>41.3464</latitude>
    <longitude>21.5544</longitude>
  </object>
  <object>
    <country_code>MK</country_code>
    <zipcode>7504</zipcode>
    <place>Dolneni</place>
    <state></state>
    <state_code></state_code>
    <province></province>
    <province_code></province_code>
    <community></community>
    <community_code></community_code>
    <latitude>41.4253</latitude>
    <longitude>21.4547</longitude>
  </object>
  <object>
    <country_code>MK</country_code>
    <zipcode>7505</zipcode>
    <place>Kostinci</place>
    <state></state>
    <state_code></state_code>
    <province></province>
    <province_code></province_code>
    <community></community>
    <community_code></community_code>
    <latitude>41.5017</latitude>
    <longitude>21.4069</longitude>
  </object>
  <object>
    <country_code>MK</country_code>
    <zipcode>7506</zipcode>
    <place>Dunje</place>
    <state></state>
    <state_code></state_code>
    <province></province>
    <province_code></province_code>
    <community></community>
    <community_code></community_code>
    <latitude>41.2575</latitude>
    <longitude>21.6922</longitude>
  </object>
  <object>
    <country_code>MK</country_code>
    <zipcode>7507</zipcode>
    <place>Lazani</place>
    <state></state>
    <state_code></state_code>
    <province></province>
    <province_code></province_code>
    <community></community>
    <community_code></community_code>
    <latitude>41.4422</latitude>
    <longitude>21.3158</longitude>
  </object>
  <object>
    <country_code>MK</country_code>
    <zipcode>7508</zipcode>
    <place>Vitoliste</place>
    <state></state>
    <state_code></state_code>
    <province></province>
    <province_code></province_code>
    <community></community>
    <community_code></community_code>
    <latitude>41.1808</latitude>
    <longitude>21.8267</longitude>
  </object>
  <object>
    <country_code>MK</country_code>
    <zipcode>7509</zipcode>
    <place>Golemo Konjari</place>
    <state></state>
    <state_code></state_code>
    <province></province>
    <province_code></province_code>
    <community></community>
    <community_code></community_code>
    <latitude>41.3431</latitude>
    <longitude>21.4403</longitude>
  </object>
  <object>
    <country_code>MK</country_code>
    <zipcode>7512</zipcode>
    <place>Topolcani</place>
    <state></state>
    <state_code></state_code>
    <province></province>
    <province_code></province_code>
    <community></community>
    <community_code></community_code>
    <latitude>41.2286</latitude>
    <longitude>21.4314</longitude>
  </object>
  <object>
    <country_code>MK</country_code>
    <zipcode>7514</zipcode>
    <place>Kanatlarci</place>
    <state></state>
    <state_code></state_code>
    <province></province>
    <province_code></province_code>
    <community></community>
    <community_code></community_code>
    <latitude>41.2103</latitude>
    <longitude>21.5033</longitude>
  </object>
  <object>
    <country_code>MK</country_code>
    <zipcode>7524</zipcode>
    <place>Krivogastani</place>
    <state></state>
    <state_code></state_code>
    <province></province>
    <province_code></province_code>
    <community></community>
    <community_code></community_code>
    <latitude>41.3361</latitude>
    <longitude>21.3331</longitude>
  </object>
  <object>
    <country_code>MK</country_code>
    <zipcode>7525</zipcode>
    <place>Vodani</place>
    <state></state>
    <state_code></state_code>
    <province></province>
    <province_code></province_code>
    <community></community>
    <community_code></community_code>
    <latitude>41.2836</latitude>
    <longitude>21.3394</longitude>
  </object>
  <object>
    <country_code>MK</country_code>
    <zipcode>7537</zipcode>
    <place>Debreste</place>
    <state></state>
    <state_code></state_code>
    <province></province>
    <province_code></province_code>
    <community></community>
    <community_code></community_code>
    <latitude>41.4797</latitude>
    <longitude>21.3153</longitude>
  </object>
  <object>
    <country_code>MK</country_code>
    <zipcode>7550</zipcode>
    <place>Krusevo</place>
    <state></state>
    <state_code></state_code>
    <province></province>
    <province_code></province_code>
    <community></community>
    <community_code></community_code>
    <latitude>41.3689</latitude>
    <longitude>21.2489</longitude>
  </object>
</zipcodes>