[
  {
    "country_code": "NC",
    "zipcode": "98811",
    "place": "B\u00E9lep",
    "state": "Province Nord",
    "state_code": "01",
    "province": "B\u00E9lep",
    "province_code": "98801",
    "community": "",
    "community_code": "",
    "latitude": "-19.7333",
    "longitude": "163.6667"
  },
  {
    "country_code": "NC",
    "zipcode": "98813",
    "place": "Canala",
    "state": "Province Nord",
    "state_code": "01",
    "province": "Canala",
    "province_code": "98804",
    "community": "",
    "community_code": "",
    "latitude": "-21.517",
    "longitude": "165.9629"
  },
  {
    "country_code": "NC",
    "zipcode": "98815",
    "place": "Hiengh\u00E9ne",
    "state": "Province Nord",
    "state_code": "01",
    "province": "Hiengh\u00E9ne",
    "province_code": "98807",
    "community": "",
    "community_code": "",
    "latitude": "-20.6874",
    "longitude": "164.9377"
  },
  {
    "country_code": "NC",
    "zipcode": "98816",
    "place": "Houa\u00EFlou",
    "state": "Province Nord",
    "state_code": "01",
    "province": "Houa\u00EFlou",
    "province_code": "98808",
    "community": "",
    "community_code": "",
    "latitude": "-21.2865",
    "longitude": "165.6343"
  },
  {
    "country_code": "NC",
    "zipcode": "98838",
    "place": "Poro",
    "state": "Province Nord",
    "state_code": "01",
    "province": "Houa\u00EFlou",
    "province_code": "98808",
    "community": "",
    "community_code": "",
    "latitude": "-21.3167",
    "longitude": "165.6333"
  },
  {
    "country_code": "NC",
    "zipcode": "98817",
    "place": "Kaala-Gom\u00E9n",
    "state": "Province Nord",
    "state_code": "01",
    "province": "Kaala-Gom\u00E9n",
    "province_code": "98810",
    "community": "",
    "community_code": "",
    "latitude": "-20.6694",
    "longitude": "164.3977"
  },
  {
    "country_code": "NC",
    "zipcode": "98859",
    "place": "Kon\u00E9",
    "state": "Province Nord",
    "state_code": "01",
    "province": "Kon\u00E9",
    "province_code": "98811",
    "community": "",
    "community_code": "",
    "latitude": "-21.0595",
    "longitude": "164.8658"
  },
  {
    "country_code": "NC",
    "zipcode": "98860",
    "place": "Kon\u00E9",
    "state": "Province Nord",
    "state_code": "01",
    "province": "Kon\u00E9",
    "province_code": "98811",
    "community": "",
    "community_code": "",
    "latitude": "-21.0569",
    "longitude": "164.8663"
  },
  {
    "country_code": "NC",
    "zipcode": "98850",
    "place": "Koumac",
    "state": "Province Nord",
    "state_code": "01",
    "province": "Koumac",
    "province_code": "98812",
    "community": "",
    "community_code": "",
    "latitude": "-20.555",
    "longitude": "164.2717"
  },
  {
    "country_code": "NC",
    "zipcode": "98821",
    "place": "Ou\u00E9goa",
    "state": "Province Nord",
    "state_code": "01",
    "province": "Ou\u00E9goa",
    "province_code": "98819",
    "community": "",
    "community_code": "",
    "latitude": "-20.3485",
    "longitude": "164.4262"
  },
  {
    "country_code": "NC",
    "zipcode": "98822",
    "place": "Poindimi\u00E9",
    "state": "Province Nord",
    "state_code": "01",
    "province": "Poindimi\u00E9",
    "province_code": "98822",
    "community": "",
    "community_code": "",
    "latitude": "-20.9505",
    "longitude": "165.3415"
  },
  {
    "country_code": "NC",
    "zipcode": "98823",
    "place": "Pon\u00E9rihouen",
    "state": "Province Nord",
    "state_code": "01",
    "province": "Pon\u00E9rihouen",
    "province_code": "98823",
    "community": "",
    "community_code": "",
    "latitude": "-21.0765",
    "longitude": "165.4005"
  },
  {
    "country_code": "NC",
    "zipcode": "98824",
    "place": "Pou\u00E9bo",
    "state": "Province Nord",
    "state_code": "01",
    "province": "Pou\u00E9bo",
    "province_code": "98824",
    "community": "",
    "community_code": "",
    "latitude": "-20.3929",
    "longitude": "164.5827"
  },
  {
    "country_code": "NC",
    "zipcode": "98825",
    "place": "Pouembout",
    "state": "Province Nord",
    "state_code": "01",
    "province": "Pouembout",
    "province_code": "98825",
    "community": "",
    "community_code": "",
    "latitude": "-21.1076",
    "longitude": "164.9834"
  },
  {
    "country_code": "NC",
    "zipcode": "98826",
    "place": "Poum",
    "state": "Province Nord",
    "state_code": "01",
    "province": "Poum",
    "province_code": "98826",
    "community": "",
    "community_code": "",
    "latitude": "-20.2368",
    "longitude": "164.0292"
  },
  {
    "country_code": "NC",
    "zipcode": "98827",
    "place": "Poya",
    "state": "Province Nord",
    "state_code": "01",
    "province": "Poya",
    "province_code": "98827",
    "community": "",
    "community_code": "",
    "latitude": "-21.3449",
    "longitude": "165.164"
  },
  {
    "country_code": "NC",
    "zipcode": "98877",
    "place": "N\u00E9poui",
    "state": "Province Nord",
    "state_code": "01",
    "province": "Poya",
    "province_code": "98827",
    "community": "",
    "community_code": "",
    "latitude": "-21.3283",
    "longitude": "164.9985"
  },
  {
    "country_code": "NC",
    "zipcode": "98831",
    "place": "Touho",
    "state": "Province Nord",
    "state_code": "01",
    "province": "Touho",
    "province_code": "98830",
    "community": "",
    "community_code": "",
    "latitude": "-20.786",
    "longitude": "165.2423"
  },
  {
    "country_code": "NC",
    "zipcode": "98833",
    "place": "Voh",
    "state": "Province Nord",
    "state_code": "01",
    "province": "Voh",
    "province_code": "98831",
    "community": "",
    "community_code": "",
    "latitude": "-20.9467",
    "longitude": "164.6854"
  },
  {
    "country_code": "NC",
    "zipcode": "98883",
    "place": "Ou\u00E5co",
    "state": "Province Nord",
    "state_code": "01",
    "province": "Voh",
    "province_code": "98831",
    "community": "",
    "community_code": "",
    "latitude": "-20.8353",
    "longitude": "164.4694"
  },
  {
    "country_code": "NC",
    "zipcode": "98818",
    "place": "Kouaoua",
    "state": "Province Nord",
    "state_code": "01",
    "province": "Kouaoua",
    "province_code": "98833",
    "community": "",
    "community_code": "",
    "latitude": "-21.3957",
    "longitude": "165.8283"
  },
  {
    "country_code": "NC",
    "zipcode": "98812",
    "place": "Bouloupari",
    "state": "Province Sud",
    "state_code": "02",
    "province": "Bouloupari",
    "province_code": "98802",
    "community": "",
    "community_code": "",
    "latitude": "-21.8607",
    "longitude": "166.0513"
  },
  {
    "country_code": "NC",
    "zipcode": "98870",
    "place": "Bourail",
    "state": "Province Sud",
    "state_code": "02",
    "province": "Bourail",
    "province_code": "98803",
    "community": "",
    "community_code": "",
    "latitude": "-21.5667",
    "longitude": "165.4667"
  },
  {
    "country_code": "NC",
    "zipcode": "98830",
    "place": "Dumb\u00E9a",
    "state": "Province Sud",
    "state_code": "02",
    "province": "Dumb\u00E9a",
    "province_code": "98805",
    "community": "",
    "community_code": "",
    "latitude": "-22.1496",
    "longitude": "166.4473"
  },
  {
    "country_code": "NC",
    "zipcode": "98835",
    "place": "Dumb\u00E9a",
    "state": "Province Sud",
    "state_code": "02",
    "province": "Dumb\u00E9a",
    "province_code": "98805",
    "community": "",
    "community_code": "",
    "latitude": "-22.1496",
    "longitude": "166.4473"
  },
  {
    "country_code": "NC",
    "zipcode": "98836",
    "place": "Dumb\u00E9a",
    "state": "Province Sud",
    "state_code": "02",
    "province": "Dumb\u00E9a",
    "province_code": "98805",
    "community": "",
    "community_code": "",
    "latitude": "-22.1496",
    "longitude": "166.4473"
  },
  {
    "country_code": "NC",
    "zipcode": "98837",
    "place": "Dumb\u00E9a",
    "state": "Province Sud",
    "state_code": "02",
    "province": "Dumb\u00E9a",
    "province_code": "98805",
    "community": "",
    "community_code": "",
    "latitude": "-22.1496",
    "longitude": "166.4473"
  },
  {
    "country_code": "NC",
    "zipcode": "98839",
    "place": "Dumb\u00E9a",
    "state": "Province Sud",
    "state_code": "02",
    "province": "Dumb\u00E9a",
    "province_code": "98805",
    "community": "",
    "community_code": "",
    "latitude": "-22.1496",
    "longitude": "166.4473"
  },
  {
    "country_code": "NC",
    "zipcode": "98880",
    "place": "Farino",
    "state": "Province Sud",
    "state_code": "02",
    "province": "Farino",
    "province_code": "98806",
    "community": "",
    "community_code": "",
    "latitude": "-21.6651",
    "longitude": "165.776"
  },
  {
    "country_code": "NC",
    "zipcode": "98881",
    "place": "Farino",
    "state": "Province Sud",
    "state_code": "02",
    "province": "Farino",
    "province_code": "98806",
    "community": "",
    "community_code": "",
    "latitude": "-21.6667",
    "longitude": "165.7667"
  },
  {
    "country_code": "NC",
    "zipcode": "98832",
    "place": "L\u2019\u00CEle des Pins",
    "state": "Province Sud",
    "state_code": "02",
    "province": "L\u2019\u00CEle des Pins",
    "province_code": "98809",
    "community": "",
    "community_code": "",
    "latitude": "-22.6167",
    "longitude": "167.4833"
  },
  {
    "country_code": "NC",
    "zipcode": "98880",
    "place": "La Foa",
    "state": "Province Sud",
    "state_code": "02",
    "province": "La Foa",
    "province_code": "98813",
    "community": "",
    "community_code": "",
    "latitude": "-21.7079",
    "longitude": "165.8252"
  },
  {
    "country_code": "NC",
    "zipcode": "98819",
    "place": "Moindou",
    "state": "Province Sud",
    "state_code": "02",
    "province": "Moindou",
    "province_code": "98816",
    "community": "",
    "community_code": "",
    "latitude": "-21.6986",
    "longitude": "165.6804"
  },
  {
    "country_code": "NC",
    "zipcode": "98809",
    "place": "Le Mont-Dore",
    "state": "Province Sud",
    "state_code": "02",
    "province": "Le Mont-Dore",
    "province_code": "98817",
    "community": "",
    "community_code": "",
    "latitude": "-22.2799",
    "longitude": "166.5805"
  },
  {
    "country_code": "NC",
    "zipcode": "98810",
    "place": "Mont-Dore",
    "state": "Province Sud",
    "state_code": "02",
    "province": "Le Mont-Dore",
    "province_code": "98817",
    "community": "",
    "community_code": "",
    "latitude": "-22.2626",
    "longitude": "166.5662"
  },
  {
    "country_code": "NC",
    "zipcode": "98874",
    "place": "Pont des Fran\u00E7ais",
    "state": "Province Sud",
    "state_code": "02",
    "province": "Le Mont-Dore",
    "province_code": "98817",
    "community": "",
    "community_code": "",
    "latitude": "-22.2167",
    "longitude": "166.4833"
  },
  {
    "country_code": "NC",
    "zipcode": "98875",
    "place": "Plum",
    "state": "Province Sud",
    "state_code": "02",
    "province": "Le Mont-Dore",
    "province_code": "98817",
    "community": "",
    "community_code": "",
    "latitude": "-22.2723",
    "longitude": "166.6144"
  },
  {
    "country_code": "NC",
    "zipcode": "98876",
    "place": "La Coul\u00E9e",
    "state": "Province Sud",
    "state_code": "02",
    "province": "Le Mont-Dore",
    "province_code": "98817",
    "community": "",
    "community_code": "",
    "latitude": "-22.2313",
    "longitude": "166.5758"
  },
  {
    "country_code": "NC",
    "zipcode": "98800",
    "place": "Noum\u00E9a",
    "state": "Province Sud",
    "state_code": "02",
    "province": "Noum\u00E9a",
    "province_code": "98818",
    "community": "",
    "community_code": "",
    "latitude": "-22.2667",
    "longitude": "166.4667"
  },
  {
    "country_code": "NC",
    "zipcode": "98840",
    "place": "La Tontouta",
    "state": "Province Sud",
    "state_code": "02",
    "province": "Pa\u00EFta",
    "province_code": "98821",
    "community": "",
    "community_code": "",
    "latitude": "-22.0128",
    "longitude": "166.2237"
  },
  {
    "country_code": "NC",
    "zipcode": "98889",
    "place": "Pa\u00EFta",
    "state": "Province Sud",
    "state_code": "02",
    "province": "Pa\u00EFta",
    "province_code": "98821",
    "community": "",
    "community_code": "",
    "latitude": "-22.131",
    "longitude": "166.3572"
  },
  {
    "country_code": "NC",
    "zipcode": "98890",
    "place": "Pa\u00EFta",
    "state": "Province Sud",
    "state_code": "02",
    "province": "Pa\u00EFta",
    "province_code": "98821",
    "community": "",
    "community_code": "",
    "latitude": "-22.1299",
    "longitude": "166.3639"
  },
  {
    "country_code": "NC",
    "zipcode": "98880",
    "place": "Sarram\u00E9a",
    "state": "Province Sud",
    "state_code": "02",
    "province": "Sarram\u00E9a",
    "province_code": "98828",
    "community": "",
    "community_code": "",
    "latitude": "-21.6421",
    "longitude": "165.8451"
  },
  {
    "country_code": "NC",
    "zipcode": "98882",
    "place": "Sarram\u00E9a",
    "state": "Province Sud",
    "state_code": "02",
    "province": "Sarram\u00E9a",
    "province_code": "98828",
    "community": "",
    "community_code": "",
    "latitude": "-21.65",
    "longitude": "165.85"
  },
  {
    "country_code": "NC",
    "zipcode": "98829",
    "place": "Thio",
    "state": "Province Sud",
    "state_code": "02",
    "province": "Thio",
    "province_code": "98829",
    "community": "",
    "community_code": "",
    "latitude": "-21.6057",
    "longitude": "166.2146"
  },
  {
    "country_code": "NC",
    "zipcode": "98834",
    "place": "Yat\u00E9",
    "state": "Province Sud",
    "state_code": "02",
    "province": "Yat\u00E9",
    "province_code": "98832",
    "community": "",
    "community_code": "",
    "latitude": "-22.0833",
    "longitude": "166.75"
  },
  {
    "country_code": "NC",
    "zipcode": "98820",
    "place": "W\u00E9",
    "state": "\u00CEles Loyaut\u00E9",
    "state_code": "03",
    "province": "Lifou",
    "province_code": "98814",
    "community": "",
    "community_code": "",
    "latitude": "-20.9169",
    "longitude": "167.2646"
  },
  {
    "country_code": "NC",
    "zipcode": "98884",
    "place": "Ch\u00E9p\u00E9n\u00E9h\u00E9",
    "state": "\u00CEles Loyaut\u00E9",
    "state_code": "03",
    "province": "Lifou",
    "province_code": "98814",
    "community": "",
    "community_code": "",
    "latitude": "-20.7833",
    "longitude": "167.15"
  },
  {
    "country_code": "NC",
    "zipcode": "98885",
    "place": "Mou",
    "state": "\u00CEles Loyaut\u00E9",
    "state_code": "03",
    "province": "Lifou",
    "province_code": "98814",
    "community": "",
    "community_code": "",
    "latitude": "-21.0936",
    "longitude": "167.399"
  },
  {
    "country_code": "NC",
    "zipcode": "98828",
    "place": "Tadine",
    "state": "\u00CEles Loyaut\u00E9",
    "state_code": "03",
    "province": "Mar\u00E9",
    "province_code": "98815",
    "community": "",
    "community_code": "",
    "latitude": "-21.55",
    "longitude": "167.8833"
  },
  {
    "country_code": "NC",
    "zipcode": "98878",
    "place": "La Roche",
    "state": "\u00CEles Loyaut\u00E9",
    "state_code": "03",
    "province": "Mar\u00E9",
    "province_code": "98815",
    "community": "",
    "community_code": "",
    "latitude": "-21.478",
    "longitude": "168.0259"
  },
  {
    "country_code": "NC",
    "zipcode": "98814",
    "place": "Fayaou\u00E9",
    "state": "\u00CEles Loyaut\u00E9",
    "state_code": "03",
    "province": "Ouv\u00E9a",
    "province_code": "98820",
    "community": "",
    "community_code": "",
    "latitude": "-20.6528",
    "longitude": "166.5364"
  }
]