<zipcodes>
  <object>
    <country_code>YT</country_code>
    <zipcode>97605</zipcode>
    <place>Passamainty</place>
    <state>Mayotte (general)</state>
    <state_code>00</state_code>
    <province></province>
    <province_code></province_code>
    <community></community>
    <community_code></community_code>
    <latitude>-12.802</latitude>
    <longitude>45.2082</longitude>
  </object>
  <object>
    <country_code>YT</country_code>
    <zipcode>97630</zipcode>
    <place>Acoua</place>
    <state>Acoua</state>
    <state_code>97601</state_code>
    <province></province>
    <province_code></province_code>
    <community></community>
    <community_code></community_code>
    <latitude>-12.7239</latitude>
    <longitude>45.0582</longitude>
  </object>
  <object>
    <country_code>YT</country_code>
    <zipcode>97650</zipcode>
    <place>Bandraboua</place>
    <state>Bandraboua</state>
    <state_code>97602</state_code>
    <province></province>
    <province_code></province_code>
    <community></community>
    <community_code></community_code>
    <latitude>-12.7044</latitude>
    <longitude>45.1223</longitude>
  </object>
  <object>
    <country_code>YT</country_code>
    <zipcode>97660</zipcode>
    <place>Bandrélé</place>
    <state>Bandrele</state>
    <state_code>97603</state_code>
    <province></province>
    <province_code></province_code>
    <community></community>
    <community_code></community_code>
    <latitude>-12.9128</latitude>
    <longitude>45.1926</longitude>
  </object>
  <object>
    <country_code>YT</country_code>
    <zipcode>97620</zipcode>
    <place>Bouéni</place>
    <state>Bouéni</state>
    <state_code>97604</state_code>
    <province></province>
    <province_code></province_code>
    <community></community>
    <community_code></community_code>
    <latitude>-12.9025</latitude>
    <longitude>45.0761</longitude>
  </object>
  <object>
    <country_code>YT</country_code>
    <zipcode>97670</zipcode>
    <place>Chiconi</place>
    <state>Chiconi</state>
    <state_code>97605</state_code>
    <province></province>
    <province_code></province_code>
    <community></community>
    <community_code></community_code>
    <latitude>-12.8333</latitude>
    <longitude>45.1106</longitude>
  </object>
  <object>
    <country_code>YT</country_code>
    <zipcode>97620</zipcode>
    <place>Chirongui</place>
    <state>Chirongui</state>
    <state_code>97606</state_code>
    <province></province>
    <province_code></province_code>
    <community></community>
    <community_code></community_code>
    <latitude>-12.9319</latitude>
    <longitude>45.1483</longitude>
  </object>
  <object>
    <country_code>YT</country_code>
    <zipcode>97660</zipcode>
    <place>Dembeni</place>
    <state>Dembeni</state>
    <state_code>97607</state_code>
    <province></province>
    <province_code></province_code>
    <community></community>
    <community_code></community_code>
    <latitude>-12.8436</latitude>
    <longitude>45.1844</longitude>
  </object>
  <object>
    <country_code>YT</country_code>
    <zipcode>97615</zipcode>
    <place>Dzaoudzi</place>
    <state>Dzaoudzi</state>
    <state_code>97608</state_code>
    <province></province>
    <province_code></province_code>
    <community></community>
    <community_code></community_code>
    <latitude>-12.7783</latitude>
    <longitude>45.2837</longitude>
  </object>
  <object>
    <country_code>YT</country_code>
    <zipcode>97625</zipcode>
    <place>Kani Kéli</place>
    <state>Kani-Kéli</state>
    <state_code>97609</state_code>
    <province></province>
    <province_code></province_code>
    <community></community>
    <community_code></community_code>
    <latitude>-12.9536</latitude>
    <longitude>45.1033</longitude>
  </object>
  <object>
    <country_code>YT</country_code>
    <zipcode>97600</zipcode>
    <place>Koungou</place>
    <state>Koungou</state>
    <state_code>97610</state_code>
    <province></province>
    <province_code></province_code>
    <community></community>
    <community_code></community_code>
    <latitude>-12.7336</latitude>
    <longitude>45.2042</longitude>
  </object>
  <object>
    <country_code>YT</country_code>
    <zipcode>97600</zipcode>
    <place>Mamoudzou</place>
    <state>Mamoudzou</state>
    <state_code>97611</state_code>
    <province></province>
    <province_code></province_code>
    <community></community>
    <community_code></community_code>
    <latitude>-12.7823</latitude>
    <longitude>45.2288</longitude>
  </object>
  <object>
    <country_code>YT</country_code>
    <zipcode>97605</zipcode>
    <place>Mamoudzou</place>
    <state>Mamoudzou</state>
    <state_code>97611</state_code>
    <province></province>
    <province_code></province_code>
    <community></community>
    <community_code></community_code>
    <latitude>-12.7823</latitude>
    <longitude>45.2288</longitude>
  </object>
  <object>
    <country_code>YT</country_code>
    <zipcode>97650</zipcode>
    <place>Mamoudzou</place>
    <state>Mamoudzou</state>
    <state_code>97611</state_code>
    <province></province>
    <province_code></province_code>
    <community></community>
    <community_code></community_code>
    <latitude>-12.7823</latitude>
    <longitude>45.2288</longitude>
  </object>
  <object>
    <country_code>YT</country_code>
    <zipcode>97680</zipcode>
    <place>Mamoudzou</place>
    <state>Mamoudzou</state>
    <state_code>97611</state_code>
    <province></province>
    <province_code></province_code>
    <community></community>
    <community_code></community_code>
    <latitude>-12.7823</latitude>
    <longitude>45.2288</longitude>
  </object>
  <object>
    <country_code>YT</country_code>
    <zipcode>97630</zipcode>
    <place>Mtsamboro</place>
    <state>Mtsamboro</state>
    <state_code>97612</state_code>
    <province></province>
    <province_code></province_code>
    <community></community>
    <community_code></community_code>
    <latitude>-12.6998</latitude>
    <longitude>45.0689</longitude>
  </object>
  <object>
    <country_code>YT</country_code>
    <zipcode>97650</zipcode>
    <place>M'Tsangamouji</place>
    <state>M'Tsangamouji</state>
    <state_code>97613</state_code>
    <province></province>
    <province_code></province_code>
    <community></community>
    <community_code></community_code>
    <latitude>-12.7594</latitude>
    <longitude>45.0836</longitude>
  </object>
  <object>
    <country_code>YT</country_code>
    <zipcode>97670</zipcode>
    <place>Ouangani</place>
    <state>Ouangani</state>
    <state_code>97614</state_code>
    <province></province>
    <province_code></province_code>
    <community></community>
    <community_code></community_code>
    <latitude>-12.8464</latitude>
    <longitude>45.1361</longitude>
  </object>
  <object>
    <country_code>YT</country_code>
    <zipcode>97615</zipcode>
    <place>Pamandzi</place>
    <state>Pamandzi</state>
    <state_code>97615</state_code>
    <province></province>
    <province_code></province_code>
    <community></community>
    <community_code></community_code>
    <latitude>-12.7949</latitude>
    <longitude>45.282</longitude>
  </object>
  <object>
    <country_code>YT</country_code>
    <zipcode>97640</zipcode>
    <place>Sada</place>
    <state>Sada</state>
    <state_code>97616</state_code>
    <province></province>
    <province_code></province_code>
    <community></community>
    <community_code></community_code>
    <latitude>-12.8505</latitude>
    <longitude>45.1021</longitude>
  </object>
  <object>
    <country_code>YT</country_code>
    <zipcode>97680</zipcode>
    <place>Tsingoni</place>
    <state>Tsingoni</state>
    <state_code>97617</state_code>
    <province></province>
    <province_code></province_code>
    <community></community>
    <community_code></community_code>
    <latitude>-12.7872</latitude>
    <longitude>45.1028</longitude>
  </object>
</zipcodes>