[
  {
    "country_code": "RE",
    "zipcode": "97491 CEDEX",
    "place": "Sainte-Clotilde",
    "state": "Reunion (general)",
    "state_code": "00",
    "province": "",
    "province_code": "",
    "community": "",
    "community_code": "",
    "latitude": "-20.8916",
    "longitude": "55.4787"
  },
  {
    "country_code": "RE",
    "zipcode": "97492 CEDEX",
    "place": "Sainte-Clotilde",
    "state": "Reunion (general)",
    "state_code": "00",
    "province": "",
    "province_code": "",
    "community": "",
    "community_code": "",
    "latitude": "-20.8916",
    "longitude": "55.4787"
  },
  {
    "country_code": "RE",
    "zipcode": "97493 CEDEX",
    "place": "Sainte-Clotilde",
    "state": "Reunion (general)",
    "state_code": "00",
    "province": "",
    "province_code": "",
    "community": "",
    "community_code": "",
    "latitude": "-20.8916",
    "longitude": "55.4787"
  },
  {
    "country_code": "RE",
    "zipcode": "97494 CEDEX",
    "place": "Sainte-Clotilde",
    "state": "Reunion (general)",
    "state_code": "00",
    "province": "",
    "province_code": "",
    "community": "",
    "community_code": "",
    "latitude": "-20.8916",
    "longitude": "55.4787"
  },
  {
    "country_code": "RE",
    "zipcode": "97495 CEDEX",
    "place": "Sainte-Clotilde",
    "state": "Reunion (general)",
    "state_code": "00",
    "province": "",
    "province_code": "",
    "community": "",
    "community_code": "",
    "latitude": "-20.8916",
    "longitude": "55.4787"
  },
  {
    "country_code": "RE",
    "zipcode": "97496 CEDEX",
    "place": "Sainte-Clotilde",
    "state": "Reunion (general)",
    "state_code": "00",
    "province": "",
    "province_code": "",
    "community": "",
    "community_code": "",
    "latitude": "-20.8916",
    "longitude": "55.4787"
  },
  {
    "country_code": "RE",
    "zipcode": "97497 CEDEX",
    "place": "Sainte-Clotilde",
    "state": "Reunion (general)",
    "state_code": "00",
    "province": "",
    "province_code": "",
    "community": "",
    "community_code": "",
    "latitude": "-20.8916",
    "longitude": "55.4787"
  },
  {
    "country_code": "RE",
    "zipcode": "97400",
    "place": "Saint-Denis",
    "state": "R\u00E9union",
    "state_code": "RE",
    "province": "R\u00E9union",
    "province_code": "974",
    "community": "Arrondissement de Saint-Denis",
    "community_code": "9741",
    "latitude": "-20.8823",
    "longitude": "55.4504"
  },
  {
    "country_code": "RE",
    "zipcode": "97401 CEDEX",
    "place": "Saint-Denis",
    "state": "R\u00E9union",
    "state_code": "RE",
    "province": "R\u00E9union",
    "province_code": "974",
    "community": "Arrondissement de Saint-Denis",
    "community_code": "9741",
    "latitude": "-20.8823",
    "longitude": "55.4504"
  },
  {
    "country_code": "RE",
    "zipcode": "97402 CEDEX",
    "place": "Saint-Denis",
    "state": "R\u00E9union",
    "state_code": "RE",
    "province": "R\u00E9union",
    "province_code": "974",
    "community": "Arrondissement de Saint-Denis",
    "community_code": "9741",
    "latitude": "-20.8823",
    "longitude": "55.4504"
  },
  {
    "country_code": "RE",
    "zipcode": "97403 CEDEX",
    "place": "Saint-Denis",
    "state": "R\u00E9union",
    "state_code": "RE",
    "province": "R\u00E9union",
    "province_code": "974",
    "community": "Arrondissement de Saint-Denis",
    "community_code": "9741",
    "latitude": "-20.8823",
    "longitude": "55.4504"
  },
  {
    "country_code": "RE",
    "zipcode": "97404 CEDEX",
    "place": "Saint-Denis",
    "state": "R\u00E9union",
    "state_code": "RE",
    "province": "R\u00E9union",
    "province_code": "974",
    "community": "Arrondissement de Saint-Denis",
    "community_code": "9741",
    "latitude": "-20.8823",
    "longitude": "55.4504"
  },
  {
    "country_code": "RE",
    "zipcode": "97405 CEDEX",
    "place": "Saint-Denis",
    "state": "R\u00E9union",
    "state_code": "RE",
    "province": "R\u00E9union",
    "province_code": "974",
    "community": "Arrondissement de Saint-Denis",
    "community_code": "9741",
    "latitude": "-20.8823",
    "longitude": "55.4504"
  },
  {
    "country_code": "RE",
    "zipcode": "97406 CEDEX 9",
    "place": "Saint-Denis",
    "state": "R\u00E9union",
    "state_code": "RE",
    "province": "R\u00E9union",
    "province_code": "974",
    "community": "Arrondissement de Saint-Denis",
    "community_code": "9741",
    "latitude": "-20.8823",
    "longitude": "55.4504"
  },
  {
    "country_code": "RE",
    "zipcode": "97408 CEDEX 9",
    "place": "Saint-Denis",
    "state": "R\u00E9union",
    "state_code": "RE",
    "province": "R\u00E9union",
    "province_code": "974",
    "community": "Arrondissement de Saint-Denis",
    "community_code": "9741",
    "latitude": "-20.8823",
    "longitude": "55.4504"
  },
  {
    "country_code": "RE",
    "zipcode": "97409 CEDEX 9",
    "place": "Saint-Denis",
    "state": "R\u00E9union",
    "state_code": "RE",
    "province": "R\u00E9union",
    "province_code": "974",
    "community": "Arrondissement de Saint-Denis",
    "community_code": "9741",
    "latitude": "-20.8823",
    "longitude": "55.4504"
  },
  {
    "country_code": "RE",
    "zipcode": "97410",
    "place": "Saint-Pierre",
    "state": "R\u00E9union",
    "state_code": "RE",
    "province": "R\u00E9union",
    "province_code": "974",
    "community": "Arrondissement de Saint-Pierre",
    "community_code": "9742",
    "latitude": "-21.3393",
    "longitude": "55.4781"
  },
  {
    "country_code": "RE",
    "zipcode": "97411",
    "place": "Saint-Paul",
    "state": "R\u00E9union",
    "state_code": "RE",
    "province": "R\u00E9union",
    "province_code": "974",
    "community": "Arrondissement de Saint-Paul",
    "community_code": "9744",
    "latitude": "-21.0096",
    "longitude": "55.2707"
  },
  {
    "country_code": "RE",
    "zipcode": "97412",
    "place": "Bras-Panon",
    "state": "R\u00E9union",
    "state_code": "RE",
    "province": "R\u00E9union",
    "province_code": "974",
    "community": "Arrondissement de Saint-Beno\u00EEt",
    "community_code": "9743",
    "latitude": "-20.9967",
    "longitude": "55.6782"
  },
  {
    "country_code": "RE",
    "zipcode": "97413",
    "place": "Cilaos",
    "state": "R\u00E9union",
    "state_code": "RE",
    "province": "R\u00E9union",
    "province_code": "974",
    "community": "Arrondissement de Saint-Pierre",
    "community_code": "9742",
    "latitude": "-21.1336",
    "longitude": "55.4719"
  },
  {
    "country_code": "RE",
    "zipcode": "97414",
    "place": "L\u0027Entre-Deux",
    "state": "R\u00E9union",
    "state_code": "RE",
    "province": "R\u00E9union",
    "province_code": "974",
    "community": "Arrondissement de Saint-Pierre",
    "community_code": "9742",
    "latitude": "-21.2333",
    "longitude": "55.4667"
  },
  {
    "country_code": "RE",
    "zipcode": "97416",
    "place": "Saint-Leu",
    "state": "R\u00E9union",
    "state_code": "RE",
    "province": "R\u00E9union",
    "province_code": "974",
    "community": "Arrondissement de Saint-Paul",
    "community_code": "9744",
    "latitude": "-21.1706",
    "longitude": "55.2882"
  },
  {
    "country_code": "RE",
    "zipcode": "97417",
    "place": "Saint-Denis",
    "state": "R\u00E9union",
    "state_code": "RE",
    "province": "R\u00E9union",
    "province_code": "974",
    "community": "Arrondissement de Saint-Denis",
    "community_code": "9741",
    "latitude": "-20.8823",
    "longitude": "55.4504"
  },
  {
    "country_code": "RE",
    "zipcode": "97418",
    "place": "Le Tampon",
    "state": "R\u00E9union",
    "state_code": "RE",
    "province": "R\u00E9union",
    "province_code": "974",
    "community": "Arrondissement de Saint-Pierre",
    "community_code": "9742",
    "latitude": "-21.2831",
    "longitude": "55.518"
  },
  {
    "country_code": "RE",
    "zipcode": "97419",
    "place": "La Possession",
    "state": "R\u00E9union",
    "state_code": "RE",
    "province": "R\u00E9union",
    "province_code": "974",
    "community": "Arrondissement de Saint-Paul",
    "community_code": "9744",
    "latitude": "-20.9289",
    "longitude": "55.3351"
  },
  {
    "country_code": "RE",
    "zipcode": "97420",
    "place": "Le Port",
    "state": "R\u00E9union",
    "state_code": "RE",
    "province": "R\u00E9union",
    "province_code": "974",
    "community": "Arrondissement de Saint-Paul",
    "community_code": "9744",
    "latitude": "-20.9373",
    "longitude": "55.2919"
  },
  {
    "country_code": "RE",
    "zipcode": "97421",
    "place": "La Rivi\u00E8re",
    "state": "R\u00E9union",
    "state_code": "RE",
    "province": "R\u00E9union",
    "province_code": "974",
    "community": "Arrondissement de Saint-Pierre",
    "community_code": "9742",
    "latitude": "-21.2595",
    "longitude": "55.4405"
  },
  {
    "country_code": "RE",
    "zipcode": "97421",
    "place": "Saint-Louis",
    "state": "R\u00E9union",
    "state_code": "RE",
    "province": "R\u00E9union",
    "province_code": "974",
    "community": "Arrondissement de Saint-Pierre",
    "community_code": "9742",
    "latitude": "-21.2858",
    "longitude": "55.4112"
  },
  {
    "country_code": "RE",
    "zipcode": "97422",
    "place": "Saint-Paul",
    "state": "R\u00E9union",
    "state_code": "RE",
    "province": "R\u00E9union",
    "province_code": "974",
    "community": "Arrondissement de Saint-Paul",
    "community_code": "9744",
    "latitude": "-21.0096",
    "longitude": "55.2707"
  },
  {
    "country_code": "RE",
    "zipcode": "97423",
    "place": "Saint-Paul",
    "state": "R\u00E9union",
    "state_code": "RE",
    "province": "R\u00E9union",
    "province_code": "974",
    "community": "Arrondissement de Saint-Paul",
    "community_code": "9744",
    "latitude": "-21.0096",
    "longitude": "55.2707"
  },
  {
    "country_code": "RE",
    "zipcode": "97424",
    "place": "Saint-Leu",
    "state": "R\u00E9union",
    "state_code": "RE",
    "province": "R\u00E9union",
    "province_code": "974",
    "community": "Arrondissement de Saint-Paul",
    "community_code": "9744",
    "latitude": "-21.1706",
    "longitude": "55.2882"
  },
  {
    "country_code": "RE",
    "zipcode": "97425",
    "place": "Les Avirons",
    "state": "R\u00E9union",
    "state_code": "RE",
    "province": "R\u00E9union",
    "province_code": "974",
    "community": "Arrondissement de Saint-Pierre",
    "community_code": "9742",
    "latitude": "-21.2418",
    "longitude": "55.3394"
  },
  {
    "country_code": "RE",
    "zipcode": "97426",
    "place": "Trois-Bassins",
    "state": "R\u00E9union",
    "state_code": "RE",
    "province": "R\u00E9union",
    "province_code": "974",
    "community": "Arrondissement de Saint-Paul",
    "community_code": "9744",
    "latitude": "-21.1",
    "longitude": "55.3"
  },
  {
    "country_code": "RE",
    "zipcode": "97427",
    "place": "L\u0027\u00C9tang-Sal\u00E9",
    "state": "R\u00E9union",
    "state_code": "RE",
    "province": "R\u00E9union",
    "province_code": "974",
    "community": "Arrondissement de Saint-Pierre",
    "community_code": "9742",
    "latitude": "-21.25",
    "longitude": "55.3833"
  },
  {
    "country_code": "RE",
    "zipcode": "97429",
    "place": "Petite-\u00CEle",
    "state": "R\u00E9union",
    "state_code": "RE",
    "province": "R\u00E9union",
    "province_code": "974",
    "community": "Arrondissement de Saint-Pierre",
    "community_code": "9742",
    "latitude": "-21.35",
    "longitude": "55.5667"
  },
  {
    "country_code": "RE",
    "zipcode": "97430",
    "place": "Le Tampon",
    "state": "R\u00E9union",
    "state_code": "RE",
    "province": "R\u00E9union",
    "province_code": "974",
    "community": "Arrondissement de Saint-Pierre",
    "community_code": "9742",
    "latitude": "-21.2831",
    "longitude": "55.518"
  },
  {
    "country_code": "RE",
    "zipcode": "97431",
    "place": "La Plaine-des-Palmistes",
    "state": "R\u00E9union",
    "state_code": "RE",
    "province": "R\u00E9union",
    "province_code": "974",
    "community": "Arrondissement de Saint-Beno\u00EEt",
    "community_code": "9743",
    "latitude": "-21.1167",
    "longitude": "55.6333"
  },
  {
    "country_code": "RE",
    "zipcode": "97432",
    "place": "Saint-Pierre",
    "state": "R\u00E9union",
    "state_code": "RE",
    "province": "R\u00E9union",
    "province_code": "974",
    "community": "Arrondissement de Saint-Pierre",
    "community_code": "9742",
    "latitude": "-21.3393",
    "longitude": "55.4781"
  },
  {
    "country_code": "RE",
    "zipcode": "97433",
    "place": "Salazie",
    "state": "R\u00E9union",
    "state_code": "RE",
    "province": "R\u00E9union",
    "province_code": "974",
    "community": "Arrondissement de Saint-Beno\u00EEt",
    "community_code": "9743",
    "latitude": "-21.0273",
    "longitude": "55.539"
  },
  {
    "country_code": "RE",
    "zipcode": "97434",
    "place": "Saint-Paul",
    "state": "R\u00E9union",
    "state_code": "RE",
    "province": "R\u00E9union",
    "province_code": "974",
    "community": "Arrondissement de Saint-Paul",
    "community_code": "9744",
    "latitude": "-21.0096",
    "longitude": "55.2707"
  },
  {
    "country_code": "RE",
    "zipcode": "97435",
    "place": "Saint-Paul",
    "state": "R\u00E9union",
    "state_code": "RE",
    "province": "R\u00E9union",
    "province_code": "974",
    "community": "Arrondissement de Saint-Paul",
    "community_code": "9744",
    "latitude": "-21.0096",
    "longitude": "55.2707"
  },
  {
    "country_code": "RE",
    "zipcode": "97436",
    "place": "Saint-Leu",
    "state": "R\u00E9union",
    "state_code": "RE",
    "province": "R\u00E9union",
    "province_code": "974",
    "community": "Arrondissement de Saint-Paul",
    "community_code": "9744",
    "latitude": "-21.1706",
    "longitude": "55.2882"
  },
  {
    "country_code": "RE",
    "zipcode": "97437",
    "place": "Saint-Beno\u00EEt",
    "state": "R\u00E9union",
    "state_code": "RE",
    "province": "R\u00E9union",
    "province_code": "974",
    "community": "Arrondissement de Saint-Beno\u00EEt",
    "community_code": "9743",
    "latitude": "-21.038",
    "longitude": "55.7194"
  },
  {
    "country_code": "RE",
    "zipcode": "97438",
    "place": "Sainte-Marie",
    "state": "R\u00E9union",
    "state_code": "RE",
    "province": "R\u00E9union",
    "province_code": "974",
    "community": "Arrondissement de Saint-Denis",
    "community_code": "9741",
    "latitude": "-20.8968",
    "longitude": "55.5496"
  },
  {
    "country_code": "RE",
    "zipcode": "97439",
    "place": "Sainte-Rose",
    "state": "R\u00E9union",
    "state_code": "RE",
    "province": "R\u00E9union",
    "province_code": "974",
    "community": "Arrondissement de Saint-Beno\u00EEt",
    "community_code": "9743",
    "latitude": "-21.1298",
    "longitude": "55.7963"
  },
  {
    "country_code": "RE",
    "zipcode": "97440",
    "place": "Saint-Andr\u00E9",
    "state": "R\u00E9union",
    "state_code": "RE",
    "province": "R\u00E9union",
    "province_code": "974",
    "community": "Arrondissement de Saint-Beno\u00EEt",
    "community_code": "9743",
    "latitude": "-20.9633",
    "longitude": "55.6503"
  },
  {
    "country_code": "RE",
    "zipcode": "97441",
    "place": "Sainte-Suzanne",
    "state": "R\u00E9union",
    "state_code": "RE",
    "province": "R\u00E9union",
    "province_code": "974",
    "community": "Arrondissement de Saint-Denis",
    "community_code": "9741",
    "latitude": "-20.9061",
    "longitude": "55.6089"
  },
  {
    "country_code": "RE",
    "zipcode": "97442",
    "place": "Saint-Philippe",
    "state": "R\u00E9union",
    "state_code": "RE",
    "province": "R\u00E9union",
    "province_code": "974",
    "community": "Arrondissement de Saint-Pierre",
    "community_code": "9742",
    "latitude": "-21.3585",
    "longitude": "55.768"
  },
  {
    "country_code": "RE",
    "zipcode": "97445 CEDEX",
    "place": "Saint-Pierre",
    "state": "R\u00E9union",
    "state_code": "RE",
    "province": "R\u00E9union",
    "province_code": "974",
    "community": "Arrondissement de Saint-Pierre",
    "community_code": "9742",
    "latitude": "-21.3393",
    "longitude": "55.4781"
  },
  {
    "country_code": "RE",
    "zipcode": "97446 CEDEX",
    "place": "Saint-Pierre",
    "state": "R\u00E9union",
    "state_code": "RE",
    "province": "R\u00E9union",
    "province_code": "974",
    "community": "Arrondissement de Saint-Pierre",
    "community_code": "9742",
    "latitude": "-21.3393",
    "longitude": "55.4781"
  },
  {
    "country_code": "RE",
    "zipcode": "97447 CEDEX",
    "place": "Saint-Pierre",
    "state": "R\u00E9union",
    "state_code": "RE",
    "province": "R\u00E9union",
    "province_code": "974",
    "community": "Arrondissement de Saint-Pierre",
    "community_code": "9742",
    "latitude": "-21.3393",
    "longitude": "55.4781"
  },
  {
    "country_code": "RE",
    "zipcode": "97448 CEDEX",
    "place": "Saint-Pierre",
    "state": "R\u00E9union",
    "state_code": "RE",
    "province": "R\u00E9union",
    "province_code": "974",
    "community": "Arrondissement de Saint-Pierre",
    "community_code": "9742",
    "latitude": "-21.3393",
    "longitude": "55.4781"
  },
  {
    "country_code": "RE",
    "zipcode": "97449 CEDEX",
    "place": "Saint-Pierre",
    "state": "R\u00E9union",
    "state_code": "RE",
    "province": "R\u00E9union",
    "province_code": "974",
    "community": "Arrondissement de Saint-Pierre",
    "community_code": "9742",
    "latitude": "-21.3393",
    "longitude": "55.4781"
  },
  {
    "country_code": "RE",
    "zipcode": "97450",
    "place": "Saint-Louis",
    "state": "R\u00E9union",
    "state_code": "RE",
    "province": "R\u00E9union",
    "province_code": "974",
    "community": "Arrondissement de Saint-Pierre",
    "community_code": "9742",
    "latitude": "-21.2858",
    "longitude": "55.4112"
  },
  {
    "country_code": "RE",
    "zipcode": "97451 CEDEX",
    "place": "Saint-Pierre",
    "state": "R\u00E9union",
    "state_code": "RE",
    "province": "R\u00E9union",
    "province_code": "974",
    "community": "Arrondissement de Saint-Pierre",
    "community_code": "9742",
    "latitude": "-21.3393",
    "longitude": "55.4781"
  },
  {
    "country_code": "RE",
    "zipcode": "97452 CEDEX",
    "place": "Saint-Pierre",
    "state": "R\u00E9union",
    "state_code": "RE",
    "province": "R\u00E9union",
    "province_code": "974",
    "community": "Arrondissement de Saint-Pierre",
    "community_code": "9742",
    "latitude": "-21.3393",
    "longitude": "55.4781"
  },
  {
    "country_code": "RE",
    "zipcode": "97453 CEDEX",
    "place": "Saint-Pierre",
    "state": "R\u00E9union",
    "state_code": "RE",
    "province": "R\u00E9union",
    "province_code": "974",
    "community": "Arrondissement de Saint-Pierre",
    "community_code": "9742",
    "latitude": "-21.3393",
    "longitude": "55.4781"
  },
  {
    "country_code": "RE",
    "zipcode": "97454 CEDEX",
    "place": "Saint-Pierre",
    "state": "R\u00E9union",
    "state_code": "RE",
    "province": "R\u00E9union",
    "province_code": "974",
    "community": "Arrondissement de Saint-Pierre",
    "community_code": "9742",
    "latitude": "-21.3393",
    "longitude": "55.4781"
  },
  {
    "country_code": "RE",
    "zipcode": "97455 CEDEX",
    "place": "Saint-Pierre",
    "state": "R\u00E9union",
    "state_code": "RE",
    "province": "R\u00E9union",
    "province_code": "974",
    "community": "Arrondissement de Saint-Pierre",
    "community_code": "9742",
    "latitude": "-21.3393",
    "longitude": "55.4781"
  },
  {
    "country_code": "RE",
    "zipcode": "97456 CEDEX",
    "place": "Saint-Pierre",
    "state": "R\u00E9union",
    "state_code": "RE",
    "province": "R\u00E9union",
    "province_code": "974",
    "community": "Arrondissement de Saint-Pierre",
    "community_code": "9742",
    "latitude": "-21.3393",
    "longitude": "55.4781"
  },
  {
    "country_code": "RE",
    "zipcode": "97457 CEDEX",
    "place": "Saint-Pierre",
    "state": "R\u00E9union",
    "state_code": "RE",
    "province": "R\u00E9union",
    "province_code": "974",
    "community": "Arrondissement de Saint-Pierre",
    "community_code": "9742",
    "latitude": "-21.3393",
    "longitude": "55.4781"
  },
  {
    "country_code": "RE",
    "zipcode": "97458 CEDEX",
    "place": "Saint-Pierre",
    "state": "R\u00E9union",
    "state_code": "RE",
    "province": "R\u00E9union",
    "province_code": "974",
    "community": "Arrondissement de Saint-Pierre",
    "community_code": "9742",
    "latitude": "-21.3393",
    "longitude": "55.4781"
  },
  {
    "country_code": "RE",
    "zipcode": "97459 CEDEX",
    "place": "Saint-Pierre",
    "state": "R\u00E9union",
    "state_code": "RE",
    "province": "R\u00E9union",
    "province_code": "974",
    "community": "Arrondissement de Saint-Pierre",
    "community_code": "9742",
    "latitude": "-21.3393",
    "longitude": "55.4781"
  },
  {
    "country_code": "RE",
    "zipcode": "97460",
    "place": "Saint-Paul",
    "state": "R\u00E9union",
    "state_code": "RE",
    "province": "R\u00E9union",
    "province_code": "974",
    "community": "Arrondissement de Saint-Paul",
    "community_code": "9744",
    "latitude": "-21.0096",
    "longitude": "55.2707"
  },
  {
    "country_code": "RE",
    "zipcode": "97461 CEDEX",
    "place": "Saint-Denis",
    "state": "R\u00E9union",
    "state_code": "RE",
    "province": "R\u00E9union",
    "province_code": "974",
    "community": "Arrondissement de Saint-Denis",
    "community_code": "9741",
    "latitude": "-20.8823",
    "longitude": "55.4504"
  },
  {
    "country_code": "RE",
    "zipcode": "97462 CEDEX",
    "place": "Saint-Denis",
    "state": "R\u00E9union",
    "state_code": "RE",
    "province": "R\u00E9union",
    "province_code": "974",
    "community": "Arrondissement de Saint-Denis",
    "community_code": "9741",
    "latitude": "-20.8823",
    "longitude": "55.4504"
  },
  {
    "country_code": "RE",
    "zipcode": "97463 CEDEX",
    "place": "Saint-Denis",
    "state": "R\u00E9union",
    "state_code": "RE",
    "province": "R\u00E9union",
    "province_code": "974",
    "community": "Arrondissement de Saint-Denis",
    "community_code": "9741",
    "latitude": "-20.8823",
    "longitude": "55.4504"
  },
  {
    "country_code": "RE",
    "zipcode": "97464 CEDEX",
    "place": "Saint-Denis",
    "state": "R\u00E9union",
    "state_code": "RE",
    "province": "R\u00E9union",
    "province_code": "974",
    "community": "Arrondissement de Saint-Denis",
    "community_code": "9741",
    "latitude": "-20.8823",
    "longitude": "55.4504"
  },
  {
    "country_code": "RE",
    "zipcode": "97465 CEDEX",
    "place": "Saint-Denis",
    "state": "R\u00E9union",
    "state_code": "RE",
    "province": "R\u00E9union",
    "province_code": "974",
    "community": "Arrondissement de Saint-Denis",
    "community_code": "9741",
    "latitude": "-20.8823",
    "longitude": "55.4504"
  },
  {
    "country_code": "RE",
    "zipcode": "97466 CEDEX",
    "place": "Saint-Denis",
    "state": "R\u00E9union",
    "state_code": "RE",
    "province": "R\u00E9union",
    "province_code": "974",
    "community": "Arrondissement de Saint-Denis",
    "community_code": "9741",
    "latitude": "-20.8823",
    "longitude": "55.4504"
  },
  {
    "country_code": "RE",
    "zipcode": "97467 CEDEX",
    "place": "Saint-Denis",
    "state": "R\u00E9union",
    "state_code": "RE",
    "province": "R\u00E9union",
    "province_code": "974",
    "community": "Arrondissement de Saint-Denis",
    "community_code": "9741",
    "latitude": "-20.8823",
    "longitude": "55.4504"
  },
  {
    "country_code": "RE",
    "zipcode": "97468 CEDEX",
    "place": "Saint-Denis",
    "state": "R\u00E9union",
    "state_code": "RE",
    "province": "R\u00E9union",
    "province_code": "974",
    "community": "Arrondissement de Saint-Denis",
    "community_code": "9741",
    "latitude": "-20.8823",
    "longitude": "55.4504"
  },
  {
    "country_code": "RE",
    "zipcode": "97469 CEDEX",
    "place": "Saint-Denis",
    "state": "R\u00E9union",
    "state_code": "RE",
    "province": "R\u00E9union",
    "province_code": "974",
    "community": "Arrondissement de Saint-Denis",
    "community_code": "9741",
    "latitude": "-20.8823",
    "longitude": "55.4504"
  },
  {
    "country_code": "RE",
    "zipcode": "97470",
    "place": "Saint-Beno\u00EEt",
    "state": "R\u00E9union",
    "state_code": "RE",
    "province": "R\u00E9union",
    "province_code": "974",
    "community": "Arrondissement de Saint-Beno\u00EEt",
    "community_code": "9743",
    "latitude": "-21.038",
    "longitude": "55.7194"
  },
  {
    "country_code": "RE",
    "zipcode": "97471 CEDEX",
    "place": "Saint-Denis",
    "state": "R\u00E9union",
    "state_code": "RE",
    "province": "R\u00E9union",
    "province_code": "974",
    "community": "Arrondissement de Saint-Denis",
    "community_code": "9741",
    "latitude": "-20.8823",
    "longitude": "55.4504"
  },
  {
    "country_code": "RE",
    "zipcode": "97472 CEDEX",
    "place": "Saint-Denis",
    "state": "R\u00E9union",
    "state_code": "RE",
    "province": "R\u00E9union",
    "province_code": "974",
    "community": "Arrondissement de Saint-Denis",
    "community_code": "9741",
    "latitude": "-20.8823",
    "longitude": "55.4504"
  },
  {
    "country_code": "RE",
    "zipcode": "97473 CEDEX",
    "place": "Saint-Denis",
    "state": "R\u00E9union",
    "state_code": "RE",
    "province": "R\u00E9union",
    "province_code": "974",
    "community": "Arrondissement de Saint-Denis",
    "community_code": "9741",
    "latitude": "-20.8823",
    "longitude": "55.4504"
  },
  {
    "country_code": "RE",
    "zipcode": "97474 CEDEX",
    "place": "Saint-Denis",
    "state": "R\u00E9union",
    "state_code": "RE",
    "province": "R\u00E9union",
    "province_code": "974",
    "community": "Arrondissement de Saint-Denis",
    "community_code": "9741",
    "latitude": "-20.8823",
    "longitude": "55.4504"
  },
  {
    "country_code": "RE",
    "zipcode": "97475 CEDEX",
    "place": "Saint-Denis",
    "state": "R\u00E9union",
    "state_code": "RE",
    "province": "R\u00E9union",
    "province_code": "974",
    "community": "Arrondissement de Saint-Denis",
    "community_code": "9741",
    "latitude": "-20.8823",
    "longitude": "55.4504"
  },
  {
    "country_code": "RE",
    "zipcode": "97476 CEDEX",
    "place": "Saint-Denis",
    "state": "R\u00E9union",
    "state_code": "RE",
    "province": "R\u00E9union",
    "province_code": "974",
    "community": "Arrondissement de Saint-Denis",
    "community_code": "9741",
    "latitude": "-20.8823",
    "longitude": "55.4504"
  },
  {
    "country_code": "RE",
    "zipcode": "97477 CEDEX",
    "place": "Saint-Denis",
    "state": "R\u00E9union",
    "state_code": "RE",
    "province": "R\u00E9union",
    "province_code": "974",
    "community": "Arrondissement de Saint-Denis",
    "community_code": "9741",
    "latitude": "-20.8823",
    "longitude": "55.4504"
  },
  {
    "country_code": "RE",
    "zipcode": "97478 CEDEX",
    "place": "Saint-Denis",
    "state": "R\u00E9union",
    "state_code": "RE",
    "province": "R\u00E9union",
    "province_code": "974",
    "community": "Arrondissement de Saint-Denis",
    "community_code": "9741",
    "latitude": "-20.8823",
    "longitude": "55.4504"
  },
  {
    "country_code": "RE",
    "zipcode": "97479 CEDEX",
    "place": "Saint-Denis",
    "state": "R\u00E9union",
    "state_code": "RE",
    "province": "R\u00E9union",
    "province_code": "974",
    "community": "Arrondissement de Saint-Denis",
    "community_code": "9741",
    "latitude": "-20.8823",
    "longitude": "55.4504"
  },
  {
    "country_code": "RE",
    "zipcode": "97480",
    "place": "Saint-Joseph",
    "state": "R\u00E9union",
    "state_code": "RE",
    "province": "R\u00E9union",
    "province_code": "974",
    "community": "Arrondissement de Saint-Pierre",
    "community_code": "9742",
    "latitude": "-21.3784",
    "longitude": "55.6192"
  },
  {
    "country_code": "RE",
    "zipcode": "97481 CEDEX",
    "place": "Saint-Denis",
    "state": "R\u00E9union",
    "state_code": "RE",
    "province": "R\u00E9union",
    "province_code": "974",
    "community": "Arrondissement de Saint-Denis",
    "community_code": "9741",
    "latitude": "-20.8823",
    "longitude": "55.4504"
  },
  {
    "country_code": "RE",
    "zipcode": "97482 CEDEX",
    "place": "Saint-Denis",
    "state": "R\u00E9union",
    "state_code": "RE",
    "province": "R\u00E9union",
    "province_code": "974",
    "community": "Arrondissement de Saint-Denis",
    "community_code": "9741",
    "latitude": "-20.8823",
    "longitude": "55.4504"
  },
  {
    "country_code": "RE",
    "zipcode": "97483 CEDEX",
    "place": "Saint-Denis",
    "state": "R\u00E9union",
    "state_code": "RE",
    "province": "R\u00E9union",
    "province_code": "974",
    "community": "Arrondissement de Saint-Denis",
    "community_code": "9741",
    "latitude": "-20.8823",
    "longitude": "55.4504"
  },
  {
    "country_code": "RE",
    "zipcode": "97484 CEDEX",
    "place": "Saint-Denis",
    "state": "R\u00E9union",
    "state_code": "RE",
    "province": "R\u00E9union",
    "province_code": "974",
    "community": "Arrondissement de Saint-Denis",
    "community_code": "9741",
    "latitude": "-20.8823",
    "longitude": "55.4504"
  },
  {
    "country_code": "RE",
    "zipcode": "97485 CEDEX",
    "place": "Saint-Denis",
    "state": "R\u00E9union",
    "state_code": "RE",
    "province": "R\u00E9union",
    "province_code": "974",
    "community": "Arrondissement de Saint-Denis",
    "community_code": "9741",
    "latitude": "-20.8823",
    "longitude": "55.4504"
  },
  {
    "country_code": "RE",
    "zipcode": "97486 CEDEX",
    "place": "Saint-Denis",
    "state": "R\u00E9union",
    "state_code": "RE",
    "province": "R\u00E9union",
    "province_code": "974",
    "community": "Arrondissement de Saint-Denis",
    "community_code": "9741",
    "latitude": "-20.8823",
    "longitude": "55.4504"
  },
  {
    "country_code": "RE",
    "zipcode": "97487 CEDEX",
    "place": "Saint-Denis",
    "state": "R\u00E9union",
    "state_code": "RE",
    "province": "R\u00E9union",
    "province_code": "974",
    "community": "Arrondissement de Saint-Denis",
    "community_code": "9741",
    "latitude": "-20.8823",
    "longitude": "55.4504"
  },
  {
    "country_code": "RE",
    "zipcode": "97488 CEDEX",
    "place": "Saint-Denis",
    "state": "R\u00E9union",
    "state_code": "RE",
    "province": "R\u00E9union",
    "province_code": "974",
    "community": "Arrondissement de Saint-Denis",
    "community_code": "9741",
    "latitude": "-20.8823",
    "longitude": "55.4504"
  },
  {
    "country_code": "RE",
    "zipcode": "97489 CEDEX",
    "place": "Saint-Denis",
    "state": "R\u00E9union",
    "state_code": "RE",
    "province": "R\u00E9union",
    "province_code": "974",
    "community": "Arrondissement de Saint-Denis",
    "community_code": "9741",
    "latitude": "-20.8823",
    "longitude": "55.4504"
  },
  {
    "country_code": "RE",
    "zipcode": "97490",
    "place": "Saint-Denis",
    "state": "R\u00E9union",
    "state_code": "RE",
    "province": "R\u00E9union",
    "province_code": "974",
    "community": "Arrondissement de Saint-Denis",
    "community_code": "9741",
    "latitude": "-20.8823",
    "longitude": "55.4504"
  },
  {
    "country_code": "RE",
    "zipcode": "97499 CEDEX 9",
    "place": "Saint-Denis",
    "state": "R\u00E9union",
    "state_code": "RE",
    "province": "R\u00E9union",
    "province_code": "974",
    "community": "Arrondissement de Saint-Denis",
    "community_code": "9741",
    "latitude": "-20.8823",
    "longitude": "55.4504"
  },
  {
    "country_code": "RE",
    "zipcode": "97701 CEDEX 9",
    "place": "Saint-Denis",
    "state": "R\u00E9union",
    "state_code": "RE",
    "province": "R\u00E9union",
    "province_code": "974",
    "community": "Arrondissement de Saint-Denis",
    "community_code": "9741",
    "latitude": "-20.8823",
    "longitude": "55.4504"
  },
  {
    "country_code": "RE",
    "zipcode": "97702 CEDEX 9",
    "place": "Saint-Denis",
    "state": "R\u00E9union",
    "state_code": "RE",
    "province": "R\u00E9union",
    "province_code": "974",
    "community": "Arrondissement de Saint-Denis",
    "community_code": "9741",
    "latitude": "-20.8823",
    "longitude": "55.4504"
  },
  {
    "country_code": "RE",
    "zipcode": "97703 CEDEX 9",
    "place": "Saint-Denis",
    "state": "R\u00E9union",
    "state_code": "RE",
    "province": "R\u00E9union",
    "province_code": "974",
    "community": "Arrondissement de Saint-Denis",
    "community_code": "9741",
    "latitude": "-20.8823",
    "longitude": "55.4504"
  },
  {
    "country_code": "RE",
    "zipcode": "97704 CEDEX 9",
    "place": "Saint-Denis",
    "state": "R\u00E9union",
    "state_code": "RE",
    "province": "R\u00E9union",
    "province_code": "974",
    "community": "Arrondissement de Saint-Denis",
    "community_code": "9741",
    "latitude": "-20.8823",
    "longitude": "55.4504"
  },
  {
    "country_code": "RE",
    "zipcode": "97705 CEDEX 9",
    "place": "Saint-Denis",
    "state": "R\u00E9union",
    "state_code": "RE",
    "province": "R\u00E9union",
    "province_code": "974",
    "community": "Arrondissement de Saint-Denis",
    "community_code": "9741",
    "latitude": "-20.8823",
    "longitude": "55.4504"
  },
  {
    "country_code": "RE",
    "zipcode": "97706 CEDEX 9",
    "place": "Saint-Denis",
    "state": "R\u00E9union",
    "state_code": "RE",
    "province": "R\u00E9union",
    "province_code": "974",
    "community": "Arrondissement de Saint-Denis",
    "community_code": "9741",
    "latitude": "-20.8823",
    "longitude": "55.4504"
  },
  {
    "country_code": "RE",
    "zipcode": "97707 CEDEX 9",
    "place": "Saint-Denis",
    "state": "R\u00E9union",
    "state_code": "RE",
    "province": "R\u00E9union",
    "province_code": "974",
    "community": "Arrondissement de Saint-Denis",
    "community_code": "9741",
    "latitude": "-20.8823",
    "longitude": "55.4504"
  },
  {
    "country_code": "RE",
    "zipcode": "97708 CEDEX 9",
    "place": "Saint-Denis",
    "state": "R\u00E9union",
    "state_code": "RE",
    "province": "R\u00E9union",
    "province_code": "974",
    "community": "Arrondissement de Saint-Denis",
    "community_code": "9741",
    "latitude": "-20.8823",
    "longitude": "55.4504"
  },
  {
    "country_code": "RE",
    "zipcode": "97709 CEDEX 9",
    "place": "Saint-Denis",
    "state": "R\u00E9union",
    "state_code": "RE",
    "province": "R\u00E9union",
    "province_code": "974",
    "community": "Arrondissement de Saint-Denis",
    "community_code": "9741",
    "latitude": "-20.8823",
    "longitude": "55.4504"
  },
  {
    "country_code": "RE",
    "zipcode": "97711 CEDEX 9",
    "place": "Saint-Denis",
    "state": "R\u00E9union",
    "state_code": "RE",
    "province": "R\u00E9union",
    "province_code": "974",
    "community": "Arrondissement de Saint-Denis",
    "community_code": "9741",
    "latitude": "-20.8823",
    "longitude": "55.4504"
  },
  {
    "country_code": "RE",
    "zipcode": "97712 CEDEX 9",
    "place": "Saint-Denis",
    "state": "R\u00E9union",
    "state_code": "RE",
    "province": "R\u00E9union",
    "province_code": "974",
    "community": "Arrondissement de Saint-Denis",
    "community_code": "9741",
    "latitude": "-20.8823",
    "longitude": "55.4504"
  },
  {
    "country_code": "RE",
    "zipcode": "97713 CEDEX 9",
    "place": "Saint-Denis",
    "state": "R\u00E9union",
    "state_code": "RE",
    "province": "R\u00E9union",
    "province_code": "974",
    "community": "Arrondissement de Saint-Denis",
    "community_code": "9741",
    "latitude": "-20.8823",
    "longitude": "55.4504"
  },
  {
    "country_code": "RE",
    "zipcode": "97714 CEDEX 9",
    "place": "Saint-Denis",
    "state": "R\u00E9union",
    "state_code": "RE",
    "province": "R\u00E9union",
    "province_code": "974",
    "community": "Arrondissement de Saint-Denis",
    "community_code": "9741",
    "latitude": "-20.8823",
    "longitude": "55.4504"
  },
  {
    "country_code": "RE",
    "zipcode": "97715 CEDEX 9",
    "place": "Saint-Denis",
    "state": "R\u00E9union",
    "state_code": "RE",
    "province": "R\u00E9union",
    "province_code": "974",
    "community": "Arrondissement de Saint-Denis",
    "community_code": "9741",
    "latitude": "-20.8823",
    "longitude": "55.4504"
  },
  {
    "country_code": "RE",
    "zipcode": "97716 CEDEX 9",
    "place": "Saint-Denis",
    "state": "R\u00E9union",
    "state_code": "RE",
    "province": "R\u00E9union",
    "province_code": "974",
    "community": "Arrondissement de Saint-Denis",
    "community_code": "9741",
    "latitude": "-20.8823",
    "longitude": "55.4504"
  },
  {
    "country_code": "RE",
    "zipcode": "97717 CEDEX 9",
    "place": "Saint-Denis",
    "state": "R\u00E9union",
    "state_code": "RE",
    "province": "R\u00E9union",
    "province_code": "974",
    "community": "Arrondissement de Saint-Denis",
    "community_code": "9741",
    "latitude": "-20.8823",
    "longitude": "55.4504"
  },
  {
    "country_code": "RE",
    "zipcode": "97718 CEDEX 9",
    "place": "Saint-Denis",
    "state": "R\u00E9union",
    "state_code": "RE",
    "province": "R\u00E9union",
    "province_code": "974",
    "community": "Arrondissement de Saint-Denis",
    "community_code": "9741",
    "latitude": "-20.8823",
    "longitude": "55.4504"
  },
  {
    "country_code": "RE",
    "zipcode": "97719 CEDEX 9",
    "place": "Saint-Denis",
    "state": "R\u00E9union",
    "state_code": "RE",
    "province": "R\u00E9union",
    "province_code": "974",
    "community": "Arrondissement de Saint-Denis",
    "community_code": "9741",
    "latitude": "-20.8823",
    "longitude": "55.4504"
  },
  {
    "country_code": "RE",
    "zipcode": "97743 CEDEX 9",
    "place": "Saint-Denis",
    "state": "R\u00E9union",
    "state_code": "RE",
    "province": "R\u00E9union",
    "province_code": "974",
    "community": "Arrondissement de Saint-Denis",
    "community_code": "9741",
    "latitude": "-20.8823",
    "longitude": "55.4504"
  },
  {
    "country_code": "RE",
    "zipcode": "97751 CEDEX",
    "place": "Saint-Pierre",
    "state": "R\u00E9union",
    "state_code": "RE",
    "province": "R\u00E9union",
    "province_code": "974",
    "community": "Arrondissement de Saint-Pierre",
    "community_code": "9742",
    "latitude": "-21.3393",
    "longitude": "55.4781"
  },
  {
    "country_code": "RE",
    "zipcode": "97801 CEDEX 9",
    "place": "Saint-Denis",
    "state": "R\u00E9union",
    "state_code": "RE",
    "province": "R\u00E9union",
    "province_code": "974",
    "community": "Arrondissement de Saint-Denis",
    "community_code": "9741",
    "latitude": "-20.8823",
    "longitude": "55.4504"
  },
  {
    "country_code": "RE",
    "zipcode": "97802 CEDEX 9",
    "place": "Saint-Denis",
    "state": "R\u00E9union",
    "state_code": "RE",
    "province": "R\u00E9union",
    "province_code": "974",
    "community": "Arrondissement de Saint-Denis",
    "community_code": "9741",
    "latitude": "-20.8823",
    "longitude": "55.4504"
  },
  {
    "country_code": "RE",
    "zipcode": "97803 CEDEX 9",
    "place": "Saint-Denis",
    "state": "R\u00E9union",
    "state_code": "RE",
    "province": "R\u00E9union",
    "province_code": "974",
    "community": "Arrondissement de Saint-Denis",
    "community_code": "9741",
    "latitude": "-20.8823",
    "longitude": "55.4504"
  },
  {
    "country_code": "RE",
    "zipcode": "97804 CEDEX 9",
    "place": "Saint-Denis",
    "state": "R\u00E9union",
    "state_code": "RE",
    "province": "R\u00E9union",
    "province_code": "974",
    "community": "Arrondissement de Saint-Denis",
    "community_code": "9741",
    "latitude": "-20.8823",
    "longitude": "55.4504"
  },
  {
    "country_code": "RE",
    "zipcode": "97805 CEDEX 9",
    "place": "Saint-Denis",
    "state": "R\u00E9union",
    "state_code": "RE",
    "province": "R\u00E9union",
    "province_code": "974",
    "community": "Arrondissement de Saint-Denis",
    "community_code": "9741",
    "latitude": "-20.8823",
    "longitude": "55.4504"
  },
  {
    "country_code": "RE",
    "zipcode": "97806 CEDEX 9",
    "place": "Saint-Denis",
    "state": "R\u00E9union",
    "state_code": "RE",
    "province": "R\u00E9union",
    "province_code": "974",
    "community": "Arrondissement de Saint-Denis",
    "community_code": "9741",
    "latitude": "-20.8823",
    "longitude": "55.4504"
  },
  {
    "country_code": "RE",
    "zipcode": "97821 CEDEX",
    "place": "Le Port",
    "state": "R\u00E9union",
    "state_code": "RE",
    "province": "R\u00E9union",
    "province_code": "974",
    "community": "Arrondissement de Saint-Paul",
    "community_code": "9744",
    "latitude": "-20.9373",
    "longitude": "55.2919"
  },
  {
    "country_code": "RE",
    "zipcode": "97822 CEDEX",
    "place": "Le Port",
    "state": "R\u00E9union",
    "state_code": "RE",
    "province": "R\u00E9union",
    "province_code": "974",
    "community": "Arrondissement de Saint-Paul",
    "community_code": "9744",
    "latitude": "-20.9373",
    "longitude": "55.2919"
  },
  {
    "country_code": "RE",
    "zipcode": "97823 CEDEX",
    "place": "Le Port",
    "state": "R\u00E9union",
    "state_code": "RE",
    "province": "R\u00E9union",
    "province_code": "974",
    "community": "Arrondissement de Saint-Paul",
    "community_code": "9744",
    "latitude": "-20.9373",
    "longitude": "55.2919"
  },
  {
    "country_code": "RE",
    "zipcode": "97824 CEDEX",
    "place": "Le Port",
    "state": "R\u00E9union",
    "state_code": "RE",
    "province": "R\u00E9union",
    "province_code": "974",
    "community": "Arrondissement de Saint-Paul",
    "community_code": "9744",
    "latitude": "-20.9373",
    "longitude": "55.2919"
  },
  {
    "country_code": "RE",
    "zipcode": "97825 CEDEX",
    "place": "Le Port",
    "state": "R\u00E9union",
    "state_code": "RE",
    "province": "R\u00E9union",
    "province_code": "974",
    "community": "Arrondissement de Saint-Paul",
    "community_code": "9744",
    "latitude": "-20.9373",
    "longitude": "55.2919"
  },
  {
    "country_code": "RE",
    "zipcode": "97826 CEDEX",
    "place": "Le Port",
    "state": "R\u00E9union",
    "state_code": "RE",
    "province": "R\u00E9union",
    "province_code": "974",
    "community": "Arrondissement de Saint-Paul",
    "community_code": "9744",
    "latitude": "-20.9373",
    "longitude": "55.2919"
  },
  {
    "country_code": "RE",
    "zipcode": "97827 CEDEX",
    "place": "Le Port",
    "state": "R\u00E9union",
    "state_code": "RE",
    "province": "R\u00E9union",
    "province_code": "974",
    "community": "Arrondissement de Saint-Paul",
    "community_code": "9744",
    "latitude": "-20.9373",
    "longitude": "55.2919"
  },
  {
    "country_code": "RE",
    "zipcode": "97828 CEDEX",
    "place": "Le Port",
    "state": "R\u00E9union",
    "state_code": "RE",
    "province": "R\u00E9union",
    "province_code": "974",
    "community": "Arrondissement de Saint-Paul",
    "community_code": "9744",
    "latitude": "-20.9373",
    "longitude": "55.2919"
  },
  {
    "country_code": "RE",
    "zipcode": "97829 CEDEX",
    "place": "Le Port",
    "state": "R\u00E9union",
    "state_code": "RE",
    "province": "R\u00E9union",
    "province_code": "974",
    "community": "Arrondissement de Saint-Paul",
    "community_code": "9744",
    "latitude": "-20.9373",
    "longitude": "55.2919"
  },
  {
    "country_code": "RE",
    "zipcode": "97831 CEDEX",
    "place": "Le Tampon",
    "state": "R\u00E9union",
    "state_code": "RE",
    "province": "R\u00E9union",
    "province_code": "974",
    "community": "Arrondissement de Saint-Pierre",
    "community_code": "9742",
    "latitude": "-21.2831",
    "longitude": "55.518"
  },
  {
    "country_code": "RE",
    "zipcode": "97832 CEDEX",
    "place": "Le Tampon",
    "state": "R\u00E9union",
    "state_code": "RE",
    "province": "R\u00E9union",
    "province_code": "974",
    "community": "Arrondissement de Saint-Pierre",
    "community_code": "9742",
    "latitude": "-21.2831",
    "longitude": "55.518"
  },
  {
    "country_code": "RE",
    "zipcode": "97833 CEDEX",
    "place": "Le Tampon",
    "state": "R\u00E9union",
    "state_code": "RE",
    "province": "R\u00E9union",
    "province_code": "974",
    "community": "Arrondissement de Saint-Pierre",
    "community_code": "9742",
    "latitude": "-21.2831",
    "longitude": "55.518"
  },
  {
    "country_code": "RE",
    "zipcode": "97834 CEDEX",
    "place": "Le Tampon",
    "state": "R\u00E9union",
    "state_code": "RE",
    "province": "R\u00E9union",
    "province_code": "974",
    "community": "Arrondissement de Saint-Pierre",
    "community_code": "9742",
    "latitude": "-21.2831",
    "longitude": "55.518"
  },
  {
    "country_code": "RE",
    "zipcode": "97835 CEDEX",
    "place": "Le Tampon",
    "state": "R\u00E9union",
    "state_code": "RE",
    "province": "R\u00E9union",
    "province_code": "974",
    "community": "Arrondissement de Saint-Pierre",
    "community_code": "9742",
    "latitude": "-21.2831",
    "longitude": "55.518"
  },
  {
    "country_code": "RE",
    "zipcode": "97836 CEDEX",
    "place": "Le Tampon",
    "state": "R\u00E9union",
    "state_code": "RE",
    "province": "R\u00E9union",
    "province_code": "974",
    "community": "Arrondissement de Saint-Pierre",
    "community_code": "9742",
    "latitude": "-21.2831",
    "longitude": "55.518"
  },
  {
    "country_code": "RE",
    "zipcode": "97837 CEDEX",
    "place": "Le Tampon",
    "state": "R\u00E9union",
    "state_code": "RE",
    "province": "R\u00E9union",
    "province_code": "974",
    "community": "Arrondissement de Saint-Pierre",
    "community_code": "9742",
    "latitude": "-21.2831",
    "longitude": "55.518"
  },
  {
    "country_code": "RE",
    "zipcode": "97838 CEDEX",
    "place": "Le Tampon",
    "state": "R\u00E9union",
    "state_code": "RE",
    "province": "R\u00E9union",
    "province_code": "974",
    "community": "Arrondissement de Saint-Pierre",
    "community_code": "9742",
    "latitude": "-21.2831",
    "longitude": "55.518"
  },
  {
    "country_code": "RE",
    "zipcode": "97839 CEDEX",
    "place": "Le Tampon",
    "state": "R\u00E9union",
    "state_code": "RE",
    "province": "R\u00E9union",
    "province_code": "974",
    "community": "Arrondissement de Saint-Pierre",
    "community_code": "9742",
    "latitude": "-21.2831",
    "longitude": "55.518"
  },
  {
    "country_code": "RE",
    "zipcode": "97851 CEDEX",
    "place": "Saint-Pierre",
    "state": "R\u00E9union",
    "state_code": "RE",
    "province": "R\u00E9union",
    "province_code": "974",
    "community": "Arrondissement de Saint-Pierre",
    "community_code": "9742",
    "latitude": "-21.3393",
    "longitude": "55.4781"
  },
  {
    "country_code": "RE",
    "zipcode": "97852 CEDEX",
    "place": "Saint-Pierre",
    "state": "R\u00E9union",
    "state_code": "RE",
    "province": "R\u00E9union",
    "province_code": "974",
    "community": "Arrondissement de Saint-Pierre",
    "community_code": "9742",
    "latitude": "-21.3393",
    "longitude": "55.4781"
  },
  {
    "country_code": "RE",
    "zipcode": "97853 CEDEX",
    "place": "Saint-Pierre",
    "state": "R\u00E9union",
    "state_code": "RE",
    "province": "R\u00E9union",
    "province_code": "974",
    "community": "Arrondissement de Saint-Pierre",
    "community_code": "9742",
    "latitude": "-21.3393",
    "longitude": "55.4781"
  },
  {
    "country_code": "RE",
    "zipcode": "97861 CEDEX",
    "place": "Saint-Paul",
    "state": "R\u00E9union",
    "state_code": "RE",
    "province": "R\u00E9union",
    "province_code": "974",
    "community": "Arrondissement de Saint-Paul",
    "community_code": "9744",
    "latitude": "-21.0096",
    "longitude": "55.2707"
  },
  {
    "country_code": "RE",
    "zipcode": "97862 CEDEX",
    "place": "Saint-Paul",
    "state": "R\u00E9union",
    "state_code": "RE",
    "province": "R\u00E9union",
    "province_code": "974",
    "community": "Arrondissement de Saint-Paul",
    "community_code": "9744",
    "latitude": "-21.0096",
    "longitude": "55.2707"
  },
  {
    "country_code": "RE",
    "zipcode": "97863 CEDEX",
    "place": "Saint-Paul",
    "state": "R\u00E9union",
    "state_code": "RE",
    "province": "R\u00E9union",
    "province_code": "974",
    "community": "Arrondissement de Saint-Paul",
    "community_code": "9744",
    "latitude": "-21.0096",
    "longitude": "55.2707"
  },
  {
    "country_code": "RE",
    "zipcode": "97864 CEDEX",
    "place": "Saint-Paul",
    "state": "R\u00E9union",
    "state_code": "RE",
    "province": "R\u00E9union",
    "province_code": "974",
    "community": "Arrondissement de Saint-Paul",
    "community_code": "9744",
    "latitude": "-21.0096",
    "longitude": "55.2707"
  },
  {
    "country_code": "RE",
    "zipcode": "97865 CEDEX",
    "place": "Saint-Paul",
    "state": "R\u00E9union",
    "state_code": "RE",
    "province": "R\u00E9union",
    "province_code": "974",
    "community": "Arrondissement de Saint-Paul",
    "community_code": "9744",
    "latitude": "-21.0096",
    "longitude": "55.2707"
  },
  {
    "country_code": "RE",
    "zipcode": "97866 CEDEX",
    "place": "Saint-Paul",
    "state": "R\u00E9union",
    "state_code": "RE",
    "province": "R\u00E9union",
    "province_code": "974",
    "community": "Arrondissement de Saint-Paul",
    "community_code": "9744",
    "latitude": "-21.0096",
    "longitude": "55.2707"
  },
  {
    "country_code": "RE",
    "zipcode": "97867 CEDEX",
    "place": "Saint-Paul",
    "state": "R\u00E9union",
    "state_code": "RE",
    "province": "R\u00E9union",
    "province_code": "974",
    "community": "Arrondissement de Saint-Paul",
    "community_code": "9744",
    "latitude": "-21.0096",
    "longitude": "55.2707"
  },
  {
    "country_code": "RE",
    "zipcode": "97868 CEDEX",
    "place": "Saint-Paul",
    "state": "R\u00E9union",
    "state_code": "RE",
    "province": "R\u00E9union",
    "province_code": "974",
    "community": "Arrondissement de Saint-Paul",
    "community_code": "9744",
    "latitude": "-21.0096",
    "longitude": "55.2707"
  },
  {
    "country_code": "RE",
    "zipcode": "97872 CEDEX",
    "place": "Saint-Louis",
    "state": "R\u00E9union",
    "state_code": "RE",
    "province": "R\u00E9union",
    "province_code": "974",
    "community": "Arrondissement de Saint-Pierre",
    "community_code": "9742",
    "latitude": "-21.2858",
    "longitude": "55.4112"
  },
  {
    "country_code": "RE",
    "zipcode": "97899 CEDEX",
    "place": "Saint-Louis",
    "state": "R\u00E9union",
    "state_code": "RE",
    "province": "R\u00E9union",
    "province_code": "974",
    "community": "Arrondissement de Saint-Pierre",
    "community_code": "9742",
    "latitude": "-21.2858",
    "longitude": "55.4112"
  }
]