[
  {
    "country_code": "MP",
    "zipcode": "96951",
    "place": "Rota",
    "state": "Rota",
    "state_code": "100",
    "province": "",
    "province_code": "",
    "community": "",
    "community_code": "",
    "latitude": "14.154",
    "longitude": "145.201"
  },
  {
    "country_code": "MP",
    "zipcode": "96950",
    "place": "Saipan",
    "state": "Saipan",
    "state_code": "110",
    "province": "",
    "province_code": "",
    "community": "",
    "community_code": "",
    "latitude": "15.1685",
    "longitude": "145.7408"
  },
  {
    "country_code": "MP",
    "zipcode": "96952",
    "place": "Tinian",
    "state": "Tinian",
    "state_code": "120",
    "province": "",
    "province_code": "",
    "community": "",
    "community_code": "",
    "latitude": "15.029",
    "longitude": "145.616"
  }
]