<zipcodes>
  <object>
    <country_code>IS</country_code>
    <zipcode>101</zipcode>
    <place>Reykjavík - 1</place>
    <state></state>
    <state_code></state_code>
    <province></province>
    <province_code></province_code>
    <community></community>
    <community_code></community_code>
    <latitude>64.1432</latitude>
    <longitude>-21.9466</longitude>
  </object>
  <object>
    <country_code>IS</country_code>
    <zipcode>103</zipcode>
    <place>Reykjavík - 3</place>
    <state></state>
    <state_code></state_code>
    <province></province>
    <province_code></province_code>
    <community></community>
    <community_code></community_code>
    <latitude>64.1303</latitude>
    <longitude>-21.8961</longitude>
  </object>
  <object>
    <country_code>IS</country_code>
    <zipcode>104</zipcode>
    <place>Reykjavík - 4</place>
    <state></state>
    <state_code></state_code>
    <province></province>
    <province_code></province_code>
    <community></community>
    <community_code></community_code>
    <latitude>64.1421</latitude>
    <longitude>-21.8528</longitude>
  </object>
  <object>
    <country_code>IS</country_code>
    <zipcode>105</zipcode>
    <place>Reykjavík - 5</place>
    <state></state>
    <state_code></state_code>
    <province></province>
    <province_code></province_code>
    <community></community>
    <community_code></community_code>
    <latitude>64.1383</latitude>
    <longitude>-21.8959</longitude>
  </object>
  <object>
    <country_code>IS</country_code>
    <zipcode>107</zipcode>
    <place>Reykjavík - 7</place>
    <state></state>
    <state_code></state_code>
    <province></province>
    <province_code></province_code>
    <community></community>
    <community_code></community_code>
    <latitude>64.1472</latitude>
    <longitude>-21.9748</longitude>
  </object>
  <object>
    <country_code>IS</country_code>
    <zipcode>108</zipcode>
    <place>Reykjavík - 8</place>
    <state></state>
    <state_code></state_code>
    <province></province>
    <province_code></province_code>
    <community></community>
    <community_code></community_code>
    <latitude>64.1225</latitude>
    <longitude>-21.8711</longitude>
  </object>
  <object>
    <country_code>IS</country_code>
    <zipcode>109</zipcode>
    <place>Reykjavík - 9</place>
    <state></state>
    <state_code></state_code>
    <province></province>
    <province_code></province_code>
    <community></community>
    <community_code></community_code>
    <latitude>64.1098</latitude>
    <longitude>-21.8358</longitude>
  </object>
  <object>
    <country_code>IS</country_code>
    <zipcode>110</zipcode>
    <place>Reykjavík - 10</place>
    <state></state>
    <state_code></state_code>
    <province></province>
    <province_code></province_code>
    <community></community>
    <community_code></community_code>
    <latitude>64.1251</latitude>
    <longitude>-21.8197</longitude>
  </object>
  <object>
    <country_code>IS</country_code>
    <zipcode>111</zipcode>
    <place>Reykjavík - 11</place>
    <state></state>
    <state_code></state_code>
    <province></province>
    <province_code></province_code>
    <community></community>
    <community_code></community_code>
    <latitude>64.1054</latitude>
    <longitude>-21.8166</longitude>
  </object>
  <object>
    <country_code>IS</country_code>
    <zipcode>112</zipcode>
    <place>Reykjavík - 12</place>
    <state></state>
    <state_code></state_code>
    <province></province>
    <province_code></province_code>
    <community></community>
    <community_code></community_code>
    <latitude>64.1445</latitude>
    <longitude>-21.7964</longitude>
  </object>
  <object>
    <country_code>IS</country_code>
    <zipcode>113</zipcode>
    <place>Reykjavík - 13</place>
    <state></state>
    <state_code></state_code>
    <province></province>
    <province_code></province_code>
    <community></community>
    <community_code></community_code>
    <latitude>64.1286</latitude>
    <longitude>-21.7572</longitude>
  </object>
  <object>
    <country_code>IS</country_code>
    <zipcode>116</zipcode>
    <place>Kjalarnesi</place>
    <state></state>
    <state_code></state_code>
    <province></province>
    <province_code></province_code>
    <community></community>
    <community_code></community_code>
    <latitude>64.2406</latitude>
    <longitude>-21.8367</longitude>
  </object>
  <object>
    <country_code>IS</country_code>
    <zipcode>121</zipcode>
    <place>Reykjavík - 1</place>
    <state></state>
    <state_code></state_code>
    <province></province>
    <province_code></province_code>
    <community></community>
    <community_code></community_code>
    <latitude>64.1476</latitude>
    <longitude>-21.9383</longitude>
  </object>
  <object>
    <country_code>IS</country_code>
    <zipcode>123</zipcode>
    <place>Reykjavík - 3</place>
    <state></state>
    <state_code></state_code>
    <province></province>
    <province_code></province_code>
    <community></community>
    <community_code></community_code>
    <latitude>64.1366</latitude>
    <longitude>-21.8807</longitude>
  </object>
  <object>
    <country_code>IS</country_code>
    <zipcode>124</zipcode>
    <place>Reykjavík - 4</place>
    <state></state>
    <state_code></state_code>
    <province></province>
    <province_code></province_code>
    <community></community>
    <community_code></community_code>
    <latitude>64.1366</latitude>
    <longitude>-21.8807</longitude>
  </object>
  <object>
    <country_code>IS</country_code>
    <zipcode>125</zipcode>
    <place>Reykjavík - 5</place>
    <state></state>
    <state_code></state_code>
    <province></province>
    <province_code></province_code>
    <community></community>
    <community_code></community_code>
    <latitude>64.1366</latitude>
    <longitude>-21.8807</longitude>
  </object>
  <object>
    <country_code>IS</country_code>
    <zipcode>127</zipcode>
    <place>Reykjavík - 7</place>
    <state></state>
    <state_code></state_code>
    <province></province>
    <province_code></province_code>
    <community></community>
    <community_code></community_code>
    <latitude>64.1504</latitude>
    <longitude>-21.9851</longitude>
  </object>
  <object>
    <country_code>IS</country_code>
    <zipcode>128</zipcode>
    <place>Reykjavík - 8</place>
    <state></state>
    <state_code></state_code>
    <province></province>
    <province_code></province_code>
    <community></community>
    <community_code></community_code>
    <latitude>64.1366</latitude>
    <longitude>-21.8807</longitude>
  </object>
  <object>
    <country_code>IS</country_code>
    <zipcode>129</zipcode>
    <place>Reykjavík - 9</place>
    <state></state>
    <state_code></state_code>
    <province></province>
    <province_code></province_code>
    <community></community>
    <community_code></community_code>
    <latitude>64.1095</latitude>
    <longitude>-21.8428</longitude>
  </object>
  <object>
    <country_code>IS</country_code>
    <zipcode>130</zipcode>
    <place>Reykjavík - 10</place>
    <state></state>
    <state_code></state_code>
    <province></province>
    <province_code></province_code>
    <community></community>
    <community_code></community_code>
    <latitude>64.1182</latitude>
    <longitude>-21.7967</longitude>
  </object>
  <object>
    <country_code>IS</country_code>
    <zipcode>132</zipcode>
    <place>Reykjavík - 12</place>
    <state></state>
    <state_code></state_code>
    <province></province>
    <province_code></province_code>
    <community></community>
    <community_code></community_code>
    <latitude>64.1345</latitude>
    <longitude>-21.7986</longitude>
  </object>
  <object>
    <country_code>IS</country_code>
    <zipcode>150</zipcode>
    <place>Reykjavík</place>
    <state></state>
    <state_code></state_code>
    <province></province>
    <province_code></province_code>
    <community></community>
    <community_code></community_code>
    <latitude>64.1256</latitude>
    <longitude>-21.8061</longitude>
  </object>
  <object>
    <country_code>IS</country_code>
    <zipcode>155</zipcode>
    <place>Reykjavík</place>
    <state></state>
    <state_code></state_code>
    <province></province>
    <province_code></province_code>
    <community></community>
    <community_code></community_code>
    <latitude>64.1256</latitude>
    <longitude>-21.8061</longitude>
  </object>
  <object>
    <country_code>IS</country_code>
    <zipcode>170</zipcode>
    <place>Seltjarnarnesi</place>
    <state></state>
    <state_code></state_code>
    <province></province>
    <province_code></province_code>
    <community></community>
    <community_code></community_code>
    <latitude>64.1531</latitude>
    <longitude>-21.995</longitude>
  </object>
  <object>
    <country_code>IS</country_code>
    <zipcode>172</zipcode>
    <place>Seltjarnarnesi</place>
    <state></state>
    <state_code></state_code>
    <province></province>
    <province_code></province_code>
    <community></community>
    <community_code></community_code>
    <latitude>64.1504</latitude>
    <longitude>-21.985</longitude>
  </object>
  <object>
    <country_code>IS</country_code>
    <zipcode>190</zipcode>
    <place>Vogum</place>
    <state></state>
    <state_code></state_code>
    <province></province>
    <province_code></province_code>
    <community></community>
    <community_code></community_code>
    <latitude>63.9816</latitude>
    <longitude>-22.3847</longitude>
  </object>
  <object>
    <country_code>IS</country_code>
    <zipcode>200</zipcode>
    <place>Kópavogi</place>
    <state></state>
    <state_code></state_code>
    <province></province>
    <province_code></province_code>
    <community></community>
    <community_code></community_code>
    <latitude>64.1114</latitude>
    <longitude>-21.8973</longitude>
  </object>
  <object>
    <country_code>IS</country_code>
    <zipcode>201</zipcode>
    <place>Kópavogi</place>
    <state></state>
    <state_code></state_code>
    <province></province>
    <province_code></province_code>
    <community></community>
    <community_code></community_code>
    <latitude>64.099</latitude>
    <longitude>-21.8749</longitude>
  </object>
  <object>
    <country_code>IS</country_code>
    <zipcode>202</zipcode>
    <place>Kópavogi</place>
    <state></state>
    <state_code></state_code>
    <province></province>
    <province_code></province_code>
    <community></community>
    <community_code></community_code>
    <latitude>64.1057</latitude>
    <longitude>-21.8702</longitude>
  </object>
  <object>
    <country_code>IS</country_code>
    <zipcode>203</zipcode>
    <place>Kópavogi</place>
    <state></state>
    <state_code></state_code>
    <province></province>
    <province_code></province_code>
    <community></community>
    <community_code></community_code>
    <latitude>64.0885</latitude>
    <longitude>-21.8312</longitude>
  </object>
  <object>
    <country_code>IS</country_code>
    <zipcode>210</zipcode>
    <place>Garðabæ</place>
    <state></state>
    <state_code></state_code>
    <province></province>
    <province_code></province_code>
    <community></community>
    <community_code></community_code>
    <latitude>64.0891</latitude>
    <longitude>-21.9163</longitude>
  </object>
  <object>
    <country_code>IS</country_code>
    <zipcode>212</zipcode>
    <place>Garðabæ</place>
    <state></state>
    <state_code></state_code>
    <province></province>
    <province_code></province_code>
    <community></community>
    <community_code></community_code>
    <latitude>64.091</latitude>
    <longitude>-21.9255</longitude>
  </object>
  <object>
    <country_code>IS</country_code>
    <zipcode>220</zipcode>
    <place>Hafnarfirði</place>
    <state></state>
    <state_code></state_code>
    <province></province>
    <province_code></province_code>
    <community></community>
    <community_code></community_code>
    <latitude>64.0669</latitude>
    <longitude>-21.9529</longitude>
  </object>
  <object>
    <country_code>IS</country_code>
    <zipcode>221</zipcode>
    <place>Hafnarfirði</place>
    <state></state>
    <state_code></state_code>
    <province></province>
    <province_code></province_code>
    <community></community>
    <community_code></community_code>
    <latitude>64.0573</latitude>
    <longitude>-21.9474</longitude>
  </object>
  <object>
    <country_code>IS</country_code>
    <zipcode>222</zipcode>
    <place>Hafnarfirði</place>
    <state></state>
    <state_code></state_code>
    <province></province>
    <province_code></province_code>
    <community></community>
    <community_code></community_code>
    <latitude>64.068</latitude>
    <longitude>-21.9566</longitude>
  </object>
  <object>
    <country_code>IS</country_code>
    <zipcode>225</zipcode>
    <place>Álftanesi</place>
    <state></state>
    <state_code></state_code>
    <province></province>
    <province_code></province_code>
    <community></community>
    <community_code></community_code>
    <latitude>64.1</latitude>
    <longitude>-22.0167</longitude>
  </object>
  <object>
    <country_code>IS</country_code>
    <zipcode>230</zipcode>
    <place>Reykjanesbæ</place>
    <state></state>
    <state_code></state_code>
    <province></province>
    <province_code></province_code>
    <community></community>
    <community_code></community_code>
    <latitude>64.0026</latitude>
    <longitude>-22.5632</longitude>
  </object>
  <object>
    <country_code>IS</country_code>
    <zipcode>232</zipcode>
    <place>Reykjanesbæ</place>
    <state></state>
    <state_code></state_code>
    <province></province>
    <province_code></province_code>
    <community></community>
    <community_code></community_code>
    <latitude>63.9961</latitude>
    <longitude>-22.548</longitude>
  </object>
  <object>
    <country_code>IS</country_code>
    <zipcode>233</zipcode>
    <place>Reykjanesbæ</place>
    <state></state>
    <state_code></state_code>
    <province></province>
    <province_code></province_code>
    <community></community>
    <community_code></community_code>
    <latitude>63.9796</latitude>
    <longitude>-22.5438</longitude>
  </object>
  <object>
    <country_code>IS</country_code>
    <zipcode>235</zipcode>
    <place>Keflavíkurflugvelli</place>
    <state></state>
    <state_code></state_code>
    <province></province>
    <province_code></province_code>
    <community></community>
    <community_code></community_code>
    <latitude>63.9742</latitude>
    <longitude>-22.577</longitude>
  </object>
  <object>
    <country_code>IS</country_code>
    <zipcode>240</zipcode>
    <place>Grindavík</place>
    <state></state>
    <state_code></state_code>
    <province></province>
    <province_code></province_code>
    <community></community>
    <community_code></community_code>
    <latitude>63.8394</latitude>
    <longitude>-22.4383</longitude>
  </object>
  <object>
    <country_code>IS</country_code>
    <zipcode>245</zipcode>
    <place>Sandgerði</place>
    <state></state>
    <state_code></state_code>
    <province></province>
    <province_code></province_code>
    <community></community>
    <community_code></community_code>
    <latitude>64.0381</latitude>
    <longitude>-22.7031</longitude>
  </object>
  <object>
    <country_code>IS</country_code>
    <zipcode>250</zipcode>
    <place>Garði</place>
    <state></state>
    <state_code></state_code>
    <province></province>
    <province_code></province_code>
    <community></community>
    <community_code></community_code>
    <latitude>64.0699</latitude>
    <longitude>-22.6511</longitude>
  </object>
  <object>
    <country_code>IS</country_code>
    <zipcode>260</zipcode>
    <place>Reykjanesbæ</place>
    <state></state>
    <state_code></state_code>
    <province></province>
    <province_code></province_code>
    <community></community>
    <community_code></community_code>
    <latitude>63.9739</latitude>
    <longitude>-22.5208</longitude>
  </object>
  <object>
    <country_code>IS</country_code>
    <zipcode>270</zipcode>
    <place>Mosfellsbæ</place>
    <state></state>
    <state_code></state_code>
    <province></province>
    <province_code></province_code>
    <community></community>
    <community_code></community_code>
    <latitude>64.1667</latitude>
    <longitude>-21.6977</longitude>
  </object>
  <object>
    <country_code>IS</country_code>
    <zipcode>271</zipcode>
    <place>Mosfellsbæ</place>
    <state></state>
    <state_code></state_code>
    <province></province>
    <province_code></province_code>
    <community></community>
    <community_code></community_code>
    <latitude>64.1667</latitude>
    <longitude>-21.6977</longitude>
  </object>
  <object>
    <country_code>IS</country_code>
    <zipcode>276</zipcode>
    <place>Mosfellsbæ</place>
    <state></state>
    <state_code></state_code>
    <province></province>
    <province_code></province_code>
    <community></community>
    <community_code></community_code>
    <latitude>64.3015</latitude>
    <longitude>-21.7845</longitude>
  </object>
  <object>
    <country_code>IS</country_code>
    <zipcode>300</zipcode>
    <place>Akranesi</place>
    <state></state>
    <state_code></state_code>
    <province></province>
    <province_code></province_code>
    <community></community>
    <community_code></community_code>
    <latitude>64.3218</latitude>
    <longitude>-22.075</longitude>
  </object>
  <object>
    <country_code>IS</country_code>
    <zipcode>301</zipcode>
    <place>Akranesi</place>
    <state></state>
    <state_code></state_code>
    <province></province>
    <province_code></province_code>
    <community></community>
    <community_code></community_code>
    <latitude>64.3218</latitude>
    <longitude>-22.075</longitude>
  </object>
  <object>
    <country_code>IS</country_code>
    <zipcode>302</zipcode>
    <place>Akranesi</place>
    <state></state>
    <state_code></state_code>
    <province></province>
    <province_code></province_code>
    <community></community>
    <community_code></community_code>
    <latitude>64.3263</latitude>
    <longitude>-22.0563</longitude>
  </object>
  <object>
    <country_code>IS</country_code>
    <zipcode>310</zipcode>
    <place>Borgarnesi</place>
    <state></state>
    <state_code></state_code>
    <province></province>
    <province_code></province_code>
    <community></community>
    <community_code></community_code>
    <latitude>64.5383</latitude>
    <longitude>-21.9206</longitude>
  </object>
  <object>
    <country_code>IS</country_code>
    <zipcode>311</zipcode>
    <place>Borgarnesi</place>
    <state></state>
    <state_code></state_code>
    <province></province>
    <province_code></province_code>
    <community></community>
    <community_code></community_code>
    <latitude>64.5383</latitude>
    <longitude>-21.9206</longitude>
  </object>
  <object>
    <country_code>IS</country_code>
    <zipcode>320</zipcode>
    <place>Reykholt í Borgarfirði</place>
    <state></state>
    <state_code></state_code>
    <province></province>
    <province_code></province_code>
    <community></community>
    <community_code></community_code>
    <latitude>64.6644</latitude>
    <longitude>-21.2915</longitude>
  </object>
  <object>
    <country_code>IS</country_code>
    <zipcode>340</zipcode>
    <place>Stykkishólmi</place>
    <state></state>
    <state_code></state_code>
    <province></province>
    <province_code></province_code>
    <community></community>
    <community_code></community_code>
    <latitude>65.0754</latitude>
    <longitude>-22.7298</longitude>
  </object>
  <object>
    <country_code>IS</country_code>
    <zipcode>345</zipcode>
    <place>Flatey á Breiðafirði</place>
    <state></state>
    <state_code></state_code>
    <province></province>
    <province_code></province_code>
    <community></community>
    <community_code></community_code>
    <latitude>65.3759</latitude>
    <longitude>-22.9179</longitude>
  </object>
  <object>
    <country_code>IS</country_code>
    <zipcode>350</zipcode>
    <place>Grundarfirði</place>
    <state></state>
    <state_code></state_code>
    <province></province>
    <province_code></province_code>
    <community></community>
    <community_code></community_code>
    <latitude>64.9243</latitude>
    <longitude>-23.2631</longitude>
  </object>
  <object>
    <country_code>IS</country_code>
    <zipcode>355</zipcode>
    <place>Ólafsvík</place>
    <state></state>
    <state_code></state_code>
    <province></province>
    <province_code></province_code>
    <community></community>
    <community_code></community_code>
    <latitude>64.8943</latitude>
    <longitude>-23.7092</longitude>
  </object>
  <object>
    <country_code>IS</country_code>
    <zipcode>356</zipcode>
    <place>Snæfellsbæ</place>
    <state></state>
    <state_code></state_code>
    <province></province>
    <province_code></province_code>
    <community></community>
    <community_code></community_code>
    <latitude>64.8943</latitude>
    <longitude>-23.7092</longitude>
  </object>
  <object>
    <country_code>IS</country_code>
    <zipcode>360</zipcode>
    <place>Hellissandi</place>
    <state></state>
    <state_code></state_code>
    <province></province>
    <province_code></province_code>
    <community></community>
    <community_code></community_code>
    <latitude>64.9176</latitude>
    <longitude>-23.8856</longitude>
  </object>
  <object>
    <country_code>IS</country_code>
    <zipcode>370</zipcode>
    <place>Búðardal</place>
    <state></state>
    <state_code></state_code>
    <province></province>
    <province_code></province_code>
    <community></community>
    <community_code></community_code>
    <latitude>65.1094</latitude>
    <longitude>-21.7639</longitude>
  </object>
  <object>
    <country_code>IS</country_code>
    <zipcode>371</zipcode>
    <place>Búðardal</place>
    <state></state>
    <state_code></state_code>
    <province></province>
    <province_code></province_code>
    <community></community>
    <community_code></community_code>
    <latitude>65.1094</latitude>
    <longitude>-21.7639</longitude>
  </object>
  <object>
    <country_code>IS</country_code>
    <zipcode>380</zipcode>
    <place>Reykhólahreppi</place>
    <state></state>
    <state_code></state_code>
    <province></province>
    <province_code></province_code>
    <community></community>
    <community_code></community_code>
    <latitude>65.4461</latitude>
    <longitude>-22.1899</longitude>
  </object>
  <object>
    <country_code>IS</country_code>
    <zipcode>400</zipcode>
    <place>Ísafirði</place>
    <state></state>
    <state_code></state_code>
    <province></province>
    <province_code></province_code>
    <community></community>
    <community_code></community_code>
    <latitude>66.0747</latitude>
    <longitude>-23.135</longitude>
  </object>
  <object>
    <country_code>IS</country_code>
    <zipcode>401</zipcode>
    <place>Ísafirði</place>
    <state></state>
    <state_code></state_code>
    <province></province>
    <province_code></province_code>
    <community></community>
    <community_code></community_code>
    <latitude>66.0747</latitude>
    <longitude>-23.135</longitude>
  </object>
  <object>
    <country_code>IS</country_code>
    <zipcode>410</zipcode>
    <place>Hnífsdal</place>
    <state></state>
    <state_code></state_code>
    <province></province>
    <province_code></province_code>
    <community></community>
    <community_code></community_code>
    <latitude>66.1113</latitude>
    <longitude>-23.1204</longitude>
  </object>
  <object>
    <country_code>IS</country_code>
    <zipcode>415</zipcode>
    <place>Bolungarvík</place>
    <state></state>
    <state_code></state_code>
    <province></province>
    <province_code></province_code>
    <community></community>
    <community_code></community_code>
    <latitude>66.1592</latitude>
    <longitude>-23.2494</longitude>
  </object>
  <object>
    <country_code>IS</country_code>
    <zipcode>420</zipcode>
    <place>Súðavík</place>
    <state></state>
    <state_code></state_code>
    <province></province>
    <province_code></province_code>
    <community></community>
    <community_code></community_code>
    <latitude>66.0383</latitude>
    <longitude>-22.9859</longitude>
  </object>
  <object>
    <country_code>IS</country_code>
    <zipcode>425</zipcode>
    <place>Flateyri</place>
    <state></state>
    <state_code></state_code>
    <province></province>
    <province_code></province_code>
    <community></community>
    <community_code></community_code>
    <latitude>66.0512</latitude>
    <longitude>-23.5155</longitude>
  </object>
  <object>
    <country_code>IS</country_code>
    <zipcode>430</zipcode>
    <place>Suðureyri</place>
    <state></state>
    <state_code></state_code>
    <province></province>
    <province_code></province_code>
    <community></community>
    <community_code></community_code>
    <latitude>66.1304</latitude>
    <longitude>-23.528</longitude>
  </object>
  <object>
    <country_code>IS</country_code>
    <zipcode>450</zipcode>
    <place>Patreksfirði</place>
    <state></state>
    <state_code></state_code>
    <province></province>
    <province_code></province_code>
    <community></community>
    <community_code></community_code>
    <latitude>65.5978</latitude>
    <longitude>-23.996</longitude>
  </object>
  <object>
    <country_code>IS</country_code>
    <zipcode>451</zipcode>
    <place>Patreksfirði</place>
    <state></state>
    <state_code></state_code>
    <province></province>
    <province_code></province_code>
    <community></community>
    <community_code></community_code>
    <latitude>65.5978</latitude>
    <longitude>-23.996</longitude>
  </object>
  <object>
    <country_code>IS</country_code>
    <zipcode>460</zipcode>
    <place>Tálknafirði</place>
    <state></state>
    <state_code></state_code>
    <province></province>
    <province_code></province_code>
    <community></community>
    <community_code></community_code>
    <latitude>65.6265</latitude>
    <longitude>-23.8246</longitude>
  </object>
  <object>
    <country_code>IS</country_code>
    <zipcode>465</zipcode>
    <place>Bíldudal</place>
    <state></state>
    <state_code></state_code>
    <province></province>
    <province_code></province_code>
    <community></community>
    <community_code></community_code>
    <latitude>65.6853</latitude>
    <longitude>-23.5999</longitude>
  </object>
  <object>
    <country_code>IS</country_code>
    <zipcode>470</zipcode>
    <place>Þingeyri</place>
    <state></state>
    <state_code></state_code>
    <province></province>
    <province_code></province_code>
    <community></community>
    <community_code></community_code>
    <latitude>65.879</latitude>
    <longitude>-23.4929</longitude>
  </object>
  <object>
    <country_code>IS</country_code>
    <zipcode>471</zipcode>
    <place>Þingeyri</place>
    <state></state>
    <state_code></state_code>
    <province></province>
    <province_code></province_code>
    <community></community>
    <community_code></community_code>
    <latitude>65.879</latitude>
    <longitude>-23.4929</longitude>
  </object>
  <object>
    <country_code>IS</country_code>
    <zipcode>500</zipcode>
    <place>Stað</place>
    <state></state>
    <state_code></state_code>
    <province></province>
    <province_code></province_code>
    <community></community>
    <community_code></community_code>
    <latitude>65.7681</latitude>
    <longitude>-21.864</longitude>
  </object>
  <object>
    <country_code>IS</country_code>
    <zipcode>510</zipcode>
    <place>Hólmavík</place>
    <state></state>
    <state_code></state_code>
    <province></province>
    <province_code></province_code>
    <community></community>
    <community_code></community_code>
    <latitude>65.7077</latitude>
    <longitude>-21.6706</longitude>
  </object>
  <object>
    <country_code>IS</country_code>
    <zipcode>512</zipcode>
    <place>Hólmavík</place>
    <state></state>
    <state_code></state_code>
    <province></province>
    <province_code></province_code>
    <community></community>
    <community_code></community_code>
    <latitude>65.7077</latitude>
    <longitude>-21.6706</longitude>
  </object>
  <object>
    <country_code>IS</country_code>
    <zipcode>520</zipcode>
    <place>Drangsnesi</place>
    <state></state>
    <state_code></state_code>
    <province></province>
    <province_code></province_code>
    <community></community>
    <community_code></community_code>
    <latitude>65.6892</latitude>
    <longitude>-21.4435</longitude>
  </object>
  <object>
    <country_code>IS</country_code>
    <zipcode>524</zipcode>
    <place>Norðurfirði</place>
    <state></state>
    <state_code></state_code>
    <province></province>
    <province_code></province_code>
    <community></community>
    <community_code></community_code>
    <latitude>66.0079</latitude>
    <longitude>-21.5346</longitude>
  </object>
  <object>
    <country_code>IS</country_code>
    <zipcode>530</zipcode>
    <place>Hvammstanga</place>
    <state></state>
    <state_code></state_code>
    <province></province>
    <province_code></province_code>
    <community></community>
    <community_code></community_code>
    <latitude>65.3971</latitude>
    <longitude>-20.9435</longitude>
  </object>
  <object>
    <country_code>IS</country_code>
    <zipcode>531</zipcode>
    <place>Hvammstanga</place>
    <state></state>
    <state_code></state_code>
    <province></province>
    <province_code></province_code>
    <community></community>
    <community_code></community_code>
    <latitude>65.3971</latitude>
    <longitude>-20.9435</longitude>
  </object>
  <object>
    <country_code>IS</country_code>
    <zipcode>540</zipcode>
    <place>Blönduósi</place>
    <state></state>
    <state_code></state_code>
    <province></province>
    <province_code></province_code>
    <community></community>
    <community_code></community_code>
    <latitude>65.6593</latitude>
    <longitude>-20.2808</longitude>
  </object>
  <object>
    <country_code>IS</country_code>
    <zipcode>541</zipcode>
    <place>Blönduósi</place>
    <state></state>
    <state_code></state_code>
    <province></province>
    <province_code></province_code>
    <community></community>
    <community_code></community_code>
    <latitude>65.6593</latitude>
    <longitude>-20.2808</longitude>
  </object>
  <object>
    <country_code>IS</country_code>
    <zipcode>545</zipcode>
    <place>Skagaströnd</place>
    <state></state>
    <state_code></state_code>
    <province></province>
    <province_code></province_code>
    <community></community>
    <community_code></community_code>
    <latitude>65.8232</latitude>
    <longitude>-20.3025</longitude>
  </object>
  <object>
    <country_code>IS</country_code>
    <zipcode>550</zipcode>
    <place>Sauðárkróki</place>
    <state></state>
    <state_code></state_code>
    <province></province>
    <province_code></province_code>
    <community></community>
    <community_code></community_code>
    <latitude>65.7461</latitude>
    <longitude>-19.6394</longitude>
  </object>
  <object>
    <country_code>IS</country_code>
    <zipcode>551</zipcode>
    <place>Sauðárkróki</place>
    <state></state>
    <state_code></state_code>
    <province></province>
    <province_code></province_code>
    <community></community>
    <community_code></community_code>
    <latitude>65.7461</latitude>
    <longitude>-19.6394</longitude>
  </object>
  <object>
    <country_code>IS</country_code>
    <zipcode>560</zipcode>
    <place>Varmahlíð</place>
    <state></state>
    <state_code></state_code>
    <province></province>
    <province_code></province_code>
    <community></community>
    <community_code></community_code>
    <latitude>65.5526</latitude>
    <longitude>-19.4465</longitude>
  </object>
  <object>
    <country_code>IS</country_code>
    <zipcode>565</zipcode>
    <place>Hofsós</place>
    <state></state>
    <state_code></state_code>
    <province></province>
    <province_code></province_code>
    <community></community>
    <community_code></community_code>
    <latitude>65.899</latitude>
    <longitude>-19.413</longitude>
  </object>
  <object>
    <country_code>IS</country_code>
    <zipcode>566</zipcode>
    <place>Hofsós</place>
    <state></state>
    <state_code></state_code>
    <province></province>
    <province_code></province_code>
    <community></community>
    <community_code></community_code>
    <latitude>65.899</latitude>
    <longitude>-19.413</longitude>
  </object>
  <object>
    <country_code>IS</country_code>
    <zipcode>570</zipcode>
    <place>Fljótum</place>
    <state></state>
    <state_code></state_code>
    <province></province>
    <province_code></province_code>
    <community></community>
    <community_code></community_code>
    <latitude>66.0514</latitude>
    <longitude>-19.0166</longitude>
  </object>
  <object>
    <country_code>IS</country_code>
    <zipcode>580</zipcode>
    <place>Siglufirði</place>
    <state></state>
    <state_code></state_code>
    <province></province>
    <province_code></province_code>
    <community></community>
    <community_code></community_code>
    <latitude>66.152</latitude>
    <longitude>-18.9081</longitude>
  </object>
  <object>
    <country_code>IS</country_code>
    <zipcode>600</zipcode>
    <place>Akureyri</place>
    <state></state>
    <state_code></state_code>
    <province></province>
    <province_code></province_code>
    <community></community>
    <community_code></community_code>
    <latitude>65.6835</latitude>
    <longitude>-18.0878</longitude>
  </object>
  <object>
    <country_code>IS</country_code>
    <zipcode>601</zipcode>
    <place>Akureyri</place>
    <state></state>
    <state_code></state_code>
    <province></province>
    <province_code></province_code>
    <community></community>
    <community_code></community_code>
    <latitude>65.6835</latitude>
    <longitude>-18.0878</longitude>
  </object>
  <object>
    <country_code>IS</country_code>
    <zipcode>602</zipcode>
    <place>Akureyri</place>
    <state></state>
    <state_code></state_code>
    <province></province>
    <province_code></province_code>
    <community></community>
    <community_code></community_code>
    <latitude>65.683</latitude>
    <longitude>-18.0908</longitude>
  </object>
  <object>
    <country_code>IS</country_code>
    <zipcode>603</zipcode>
    <place>Akureyri</place>
    <state></state>
    <state_code></state_code>
    <province></province>
    <province_code></province_code>
    <community></community>
    <community_code></community_code>
    <latitude>65.6929</latitude>
    <longitude>-18.1186</longitude>
  </object>
  <object>
    <country_code>IS</country_code>
    <zipcode>610</zipcode>
    <place>Grenivík</place>
    <state></state>
    <state_code></state_code>
    <province></province>
    <province_code></province_code>
    <community></community>
    <community_code></community_code>
    <latitude>65.951</latitude>
    <longitude>-18.1749</longitude>
  </object>
  <object>
    <country_code>IS</country_code>
    <zipcode>611</zipcode>
    <place>Grímsey</place>
    <state></state>
    <state_code></state_code>
    <province></province>
    <province_code></province_code>
    <community></community>
    <community_code></community_code>
    <latitude>66.5394</latitude>
    <longitude>-18.0135</longitude>
  </object>
  <object>
    <country_code>IS</country_code>
    <zipcode>620</zipcode>
    <place>Dalvík</place>
    <state></state>
    <state_code></state_code>
    <province></province>
    <province_code></province_code>
    <community></community>
    <community_code></community_code>
    <latitude>65.9702</latitude>
    <longitude>-18.5286</longitude>
  </object>
  <object>
    <country_code>IS</country_code>
    <zipcode>621</zipcode>
    <place>Dalvík</place>
    <state></state>
    <state_code></state_code>
    <province></province>
    <province_code></province_code>
    <community></community>
    <community_code></community_code>
    <latitude>65.9702</latitude>
    <longitude>-18.5286</longitude>
  </object>
  <object>
    <country_code>IS</country_code>
    <zipcode>625</zipcode>
    <place>Ólafsfirði</place>
    <state></state>
    <state_code></state_code>
    <province></province>
    <province_code></province_code>
    <community></community>
    <community_code></community_code>
    <latitude>66.0672</latitude>
    <longitude>-18.644</longitude>
  </object>
  <object>
    <country_code>IS</country_code>
    <zipcode>630</zipcode>
    <place>Hrísey</place>
    <state></state>
    <state_code></state_code>
    <province></province>
    <province_code></province_code>
    <community></community>
    <community_code></community_code>
    <latitude>65.9784</latitude>
    <longitude>-18.3778</longitude>
  </object>
  <object>
    <country_code>IS</country_code>
    <zipcode>640</zipcode>
    <place>Húsavík</place>
    <state></state>
    <state_code></state_code>
    <province></province>
    <province_code></province_code>
    <community></community>
    <community_code></community_code>
    <latitude>66.0415</latitude>
    <longitude>-17.3383</longitude>
  </object>
  <object>
    <country_code>IS</country_code>
    <zipcode>641</zipcode>
    <place>Húsavík</place>
    <state></state>
    <state_code></state_code>
    <province></province>
    <province_code></province_code>
    <community></community>
    <community_code></community_code>
    <latitude>66.0415</latitude>
    <longitude>-17.3383</longitude>
  </object>
  <object>
    <country_code>IS</country_code>
    <zipcode>645</zipcode>
    <place>Fosshólli</place>
    <state></state>
    <state_code></state_code>
    <province></province>
    <province_code></province_code>
    <community></community>
    <community_code></community_code>
    <latitude>65.6859</latitude>
    <longitude>-17.5386</longitude>
  </object>
  <object>
    <country_code>IS</country_code>
    <zipcode>650</zipcode>
    <place>Laugum</place>
    <state></state>
    <state_code></state_code>
    <province></province>
    <province_code></province_code>
    <community></community>
    <community_code></community_code>
    <latitude>65.7215</latitude>
    <longitude>-17.3606</longitude>
  </object>
  <object>
    <country_code>IS</country_code>
    <zipcode>660</zipcode>
    <place>Mývatni</place>
    <state></state>
    <state_code></state_code>
    <province></province>
    <province_code></province_code>
    <community></community>
    <community_code></community_code>
    <latitude>65.6207</latitude>
    <longitude>-16.9823</longitude>
  </object>
  <object>
    <country_code>IS</country_code>
    <zipcode>670</zipcode>
    <place>Kópaskeri</place>
    <state></state>
    <state_code></state_code>
    <province></province>
    <province_code></province_code>
    <community></community>
    <community_code></community_code>
    <latitude>66.3018</latitude>
    <longitude>-16.4445</longitude>
  </object>
  <object>
    <country_code>IS</country_code>
    <zipcode>671</zipcode>
    <place>Kópaskeri</place>
    <state></state>
    <state_code></state_code>
    <province></province>
    <province_code></province_code>
    <community></community>
    <community_code></community_code>
    <latitude>66.2984</latitude>
    <longitude>-16.4304</longitude>
  </object>
  <object>
    <country_code>IS</country_code>
    <zipcode>675</zipcode>
    <place>Raufarhöfn</place>
    <state></state>
    <state_code></state_code>
    <province></province>
    <province_code></province_code>
    <community></community>
    <community_code></community_code>
    <latitude>66.4543</latitude>
    <longitude>-15.9511</longitude>
  </object>
  <object>
    <country_code>IS</country_code>
    <zipcode>680</zipcode>
    <place>Þórshöfn</place>
    <state></state>
    <state_code></state_code>
    <province></province>
    <province_code></province_code>
    <community></community>
    <community_code></community_code>
    <latitude>66.1981</latitude>
    <longitude>-15.3368</longitude>
  </object>
  <object>
    <country_code>IS</country_code>
    <zipcode>681</zipcode>
    <place>Þórshöfn</place>
    <state></state>
    <state_code></state_code>
    <province></province>
    <province_code></province_code>
    <community></community>
    <community_code></community_code>
    <latitude>66.1981</latitude>
    <longitude>-15.3368</longitude>
  </object>
  <object>
    <country_code>IS</country_code>
    <zipcode>685</zipcode>
    <place>Bakkafirði</place>
    <state></state>
    <state_code></state_code>
    <province></province>
    <province_code></province_code>
    <community></community>
    <community_code></community_code>
    <latitude>66.0377</latitude>
    <longitude>-14.7931</longitude>
  </object>
  <object>
    <country_code>IS</country_code>
    <zipcode>690</zipcode>
    <place>Vopnafirði</place>
    <state></state>
    <state_code></state_code>
    <province></province>
    <province_code></province_code>
    <community></community>
    <community_code></community_code>
    <latitude>65.7566</latitude>
    <longitude>-14.8278</longitude>
  </object>
  <object>
    <country_code>IS</country_code>
    <zipcode>700</zipcode>
    <place>Egilsstöðum</place>
    <state></state>
    <state_code></state_code>
    <province></province>
    <province_code></province_code>
    <community></community>
    <community_code></community_code>
    <latitude>65.2669</latitude>
    <longitude>-14.3948</longitude>
  </object>
  <object>
    <country_code>IS</country_code>
    <zipcode>701</zipcode>
    <place>Egilsstöðum</place>
    <state></state>
    <state_code></state_code>
    <province></province>
    <province_code></province_code>
    <community></community>
    <community_code></community_code>
    <latitude>65.2669</latitude>
    <longitude>-14.3948</longitude>
  </object>
  <object>
    <country_code>IS</country_code>
    <zipcode>710</zipcode>
    <place>Seyðisfirði</place>
    <state></state>
    <state_code></state_code>
    <province></province>
    <province_code></province_code>
    <community></community>
    <community_code></community_code>
    <latitude>65.2601</latitude>
    <longitude>-14.0058</longitude>
  </object>
  <object>
    <country_code>IS</country_code>
    <zipcode>715</zipcode>
    <place>Mjóafirði</place>
    <state></state>
    <state_code></state_code>
    <province></province>
    <province_code></province_code>
    <community></community>
    <community_code></community_code>
    <latitude>65.1885</latitude>
    <longitude>-14.0326</longitude>
  </object>
  <object>
    <country_code>IS</country_code>
    <zipcode>720</zipcode>
    <place>Borgarfirði (eystri)</place>
    <state></state>
    <state_code></state_code>
    <province></province>
    <province_code></province_code>
    <community></community>
    <community_code></community_code>
    <latitude>65.5255</latitude>
    <longitude>-13.8038</longitude>
  </object>
  <object>
    <country_code>IS</country_code>
    <zipcode>730</zipcode>
    <place>Reyðarfirði</place>
    <state></state>
    <state_code></state_code>
    <province></province>
    <province_code></province_code>
    <community></community>
    <community_code></community_code>
    <latitude>65.0316</latitude>
    <longitude>-14.2183</longitude>
  </object>
  <object>
    <country_code>IS</country_code>
    <zipcode>735</zipcode>
    <place>Eskifirði</place>
    <state></state>
    <state_code></state_code>
    <province></province>
    <province_code></province_code>
    <community></community>
    <community_code></community_code>
    <latitude>65.0731</latitude>
    <longitude>-14.0152</longitude>
  </object>
  <object>
    <country_code>IS</country_code>
    <zipcode>740</zipcode>
    <place>Neskaupstað</place>
    <state></state>
    <state_code></state_code>
    <province></province>
    <province_code></province_code>
    <community></community>
    <community_code></community_code>
    <latitude>65.1482</latitude>
    <longitude>-13.6837</longitude>
  </object>
  <object>
    <country_code>IS</country_code>
    <zipcode>750</zipcode>
    <place>Fáskrúðsfirði</place>
    <state></state>
    <state_code></state_code>
    <province></province>
    <province_code></province_code>
    <community></community>
    <community_code></community_code>
    <latitude>64.9313</latitude>
    <longitude>-14.0189</longitude>
  </object>
  <object>
    <country_code>IS</country_code>
    <zipcode>755</zipcode>
    <place>Stöðvarfirði</place>
    <state></state>
    <state_code></state_code>
    <province></province>
    <province_code></province_code>
    <community></community>
    <community_code></community_code>
    <latitude>64.833</latitude>
    <longitude>-13.8749</longitude>
  </object>
  <object>
    <country_code>IS</country_code>
    <zipcode>760</zipcode>
    <place>Breiðdalsvík</place>
    <state></state>
    <state_code></state_code>
    <province></province>
    <province_code></province_code>
    <community></community>
    <community_code></community_code>
    <latitude>64.7921</latitude>
    <longitude>-14.0065</longitude>
  </object>
  <object>
    <country_code>IS</country_code>
    <zipcode>765</zipcode>
    <place>Djúpavogi</place>
    <state></state>
    <state_code></state_code>
    <province></province>
    <province_code></province_code>
    <community></community>
    <community_code></community_code>
    <latitude>64.6571</latitude>
    <longitude>-14.2852</longitude>
  </object>
  <object>
    <country_code>IS</country_code>
    <zipcode>780</zipcode>
    <place>Höfn í Hornafirði</place>
    <state></state>
    <state_code></state_code>
    <province></province>
    <province_code></province_code>
    <community></community>
    <community_code></community_code>
    <latitude>64.2539</latitude>
    <longitude>-15.2121</longitude>
  </object>
  <object>
    <country_code>IS</country_code>
    <zipcode>781</zipcode>
    <place>Höfn í Hornafirði</place>
    <state></state>
    <state_code></state_code>
    <province></province>
    <province_code></province_code>
    <community></community>
    <community_code></community_code>
    <latitude>64.2539</latitude>
    <longitude>-15.2121</longitude>
  </object>
  <object>
    <country_code>IS</country_code>
    <zipcode>785</zipcode>
    <place>Öræfum</place>
    <state></state>
    <state_code></state_code>
    <province></province>
    <province_code></province_code>
    <community></community>
    <community_code></community_code>
    <latitude>63.8873</latitude>
    <longitude>-16.6965</longitude>
  </object>
  <object>
    <country_code>IS</country_code>
    <zipcode>800</zipcode>
    <place>Selfossi</place>
    <state></state>
    <state_code></state_code>
    <province></province>
    <province_code></province_code>
    <community></community>
    <community_code></community_code>
    <latitude>63.9331</latitude>
    <longitude>-20.9971</longitude>
  </object>
  <object>
    <country_code>IS</country_code>
    <zipcode>801</zipcode>
    <place>Selfossi</place>
    <state></state>
    <state_code></state_code>
    <province></province>
    <province_code></province_code>
    <community></community>
    <community_code></community_code>
    <latitude>63.9331</latitude>
    <longitude>-20.9971</longitude>
  </object>
  <object>
    <country_code>IS</country_code>
    <zipcode>802</zipcode>
    <place>Selfossi</place>
    <state></state>
    <state_code></state_code>
    <province></province>
    <province_code></province_code>
    <community></community>
    <community_code></community_code>
    <latitude>63.9369</latitude>
    <longitude>-20.9949</longitude>
  </object>
  <object>
    <country_code>IS</country_code>
    <zipcode>810</zipcode>
    <place>Hveragerði</place>
    <state></state>
    <state_code></state_code>
    <province></province>
    <province_code></province_code>
    <community></community>
    <community_code></community_code>
    <latitude>64.0004</latitude>
    <longitude>-21.186</longitude>
  </object>
  <object>
    <country_code>IS</country_code>
    <zipcode>815</zipcode>
    <place>Þorlákshöfn</place>
    <state></state>
    <state_code></state_code>
    <province></province>
    <province_code></province_code>
    <community></community>
    <community_code></community_code>
    <latitude>63.8559</latitude>
    <longitude>-21.3834</longitude>
  </object>
  <object>
    <country_code>IS</country_code>
    <zipcode>820</zipcode>
    <place>Eyrarbakka</place>
    <state></state>
    <state_code></state_code>
    <province></province>
    <province_code></province_code>
    <community></community>
    <community_code></community_code>
    <latitude>63.8632</latitude>
    <longitude>-21.1491</longitude>
  </object>
  <object>
    <country_code>IS</country_code>
    <zipcode>825</zipcode>
    <place>Stokkseyri</place>
    <state></state>
    <state_code></state_code>
    <province></province>
    <province_code></province_code>
    <community></community>
    <community_code></community_code>
    <latitude>63.8379</latitude>
    <longitude>-21.0587</longitude>
  </object>
  <object>
    <country_code>IS</country_code>
    <zipcode>840</zipcode>
    <place>Laugarvatni</place>
    <state></state>
    <state_code></state_code>
    <province></province>
    <province_code></province_code>
    <community></community>
    <community_code></community_code>
    <latitude>64.2176</latitude>
    <longitude>-20.7339</longitude>
  </object>
  <object>
    <country_code>IS</country_code>
    <zipcode>845</zipcode>
    <place>Flúðum</place>
    <state></state>
    <state_code></state_code>
    <province></province>
    <province_code></province_code>
    <community></community>
    <community_code></community_code>
    <latitude>64.1343</latitude>
    <longitude>-20.3226</longitude>
  </object>
  <object>
    <country_code>IS</country_code>
    <zipcode>850</zipcode>
    <place>Hellu</place>
    <state></state>
    <state_code></state_code>
    <province></province>
    <province_code></province_code>
    <community></community>
    <community_code></community_code>
    <latitude>63.8348</latitude>
    <longitude>-20.4008</longitude>
  </object>
  <object>
    <country_code>IS</country_code>
    <zipcode>851</zipcode>
    <place>Hellu</place>
    <state></state>
    <state_code></state_code>
    <province></province>
    <province_code></province_code>
    <community></community>
    <community_code></community_code>
    <latitude>63.8348</latitude>
    <longitude>-20.4008</longitude>
  </object>
  <object>
    <country_code>IS</country_code>
    <zipcode>860</zipcode>
    <place>Hvolsvelli</place>
    <state></state>
    <state_code></state_code>
    <province></province>
    <province_code></province_code>
    <community></community>
    <community_code></community_code>
    <latitude>63.7507</latitude>
    <longitude>-20.2245</longitude>
  </object>
  <object>
    <country_code>IS</country_code>
    <zipcode>861</zipcode>
    <place>Hvolsvelli</place>
    <state></state>
    <state_code></state_code>
    <province></province>
    <province_code></province_code>
    <community></community>
    <community_code></community_code>
    <latitude>63.7507</latitude>
    <longitude>-20.2245</longitude>
  </object>
  <object>
    <country_code>IS</country_code>
    <zipcode>870</zipcode>
    <place>Vík</place>
    <state></state>
    <state_code></state_code>
    <province></province>
    <province_code></province_code>
    <community></community>
    <community_code></community_code>
    <latitude>63.4194</latitude>
    <longitude>-19.0097</longitude>
  </object>
  <object>
    <country_code>IS</country_code>
    <zipcode>871</zipcode>
    <place>Vík</place>
    <state></state>
    <state_code></state_code>
    <province></province>
    <province_code></province_code>
    <community></community>
    <community_code></community_code>
    <latitude>63.4194</latitude>
    <longitude>-19.0097</longitude>
  </object>
  <object>
    <country_code>IS</country_code>
    <zipcode>880</zipcode>
    <place>Kirkjubæjarklaustri</place>
    <state></state>
    <state_code></state_code>
    <province></province>
    <province_code></province_code>
    <community></community>
    <community_code></community_code>
    <latitude>63.7893</latitude>
    <longitude>-18.0527</longitude>
  </object>
  <object>
    <country_code>IS</country_code>
    <zipcode>900</zipcode>
    <place>Vestmannaeyjum</place>
    <state></state>
    <state_code></state_code>
    <province></province>
    <province_code></province_code>
    <community></community>
    <community_code></community_code>
    <latitude>63.4427</latitude>
    <longitude>-20.2734</longitude>
  </object>
  <object>
    <country_code>IS</country_code>
    <zipcode>902</zipcode>
    <place>Vestmannaeyjum</place>
    <state></state>
    <state_code></state_code>
    <province></province>
    <province_code></province_code>
    <community></community>
    <community_code></community_code>
    <latitude>63.4406</latitude>
    <longitude>-20.267</longitude>
  </object>
</zipcodes>