<zipcodes>
  <object>
    <country_code>MT</country_code>
    <zipcode>ATD</zipcode>
    <place>Attard</place>
    <state>Attard</state>
    <state_code>01</state_code>
    <province></province>
    <province_code></province_code>
    <community></community>
    <community_code></community_code>
    <latitude>35.8917</latitude>
    <longitude>14.4319</longitude>
  </object>
  <object>
    <country_code>MT</country_code>
    <zipcode>BZN</zipcode>
    <place>Balzan</place>
    <state>Balzan</state>
    <state_code>02</state_code>
    <province></province>
    <province_code></province_code>
    <community></community>
    <community_code></community_code>
    <latitude>35.8972</latitude>
    <longitude>14.4528</longitude>
  </object>
  <object>
    <country_code>MT</country_code>
    <zipcode>BRG</zipcode>
    <place>Birgu</place>
    <state>Il-Birgu</state>
    <state_code>03</state_code>
    <province></province>
    <province_code></province_code>
    <community></community>
    <community_code></community_code>
    <latitude>35.8861</latitude>
    <longitude>14.5242</longitude>
  </object>
  <object>
    <country_code>MT</country_code>
    <zipcode>BKR</zipcode>
    <place>Birkirkara</place>
    <state>Birkirkara</state>
    <state_code>04</state_code>
    <province></province>
    <province_code></province_code>
    <community></community>
    <community_code></community_code>
    <latitude>35.8972</latitude>
    <longitude>14.4653</longitude>
  </object>
  <object>
    <country_code>MT</country_code>
    <zipcode>BBG</zipcode>
    <place>Birżebbuġa</place>
    <state>Birżebbuġa</state>
    <state_code>05</state_code>
    <province></province>
    <province_code></province_code>
    <community></community>
    <community_code></community_code>
    <latitude>35.8222</latitude>
    <longitude>14.5228</longitude>
  </object>
  <object>
    <country_code>MT</country_code>
    <zipcode>BML</zipcode>
    <place>Bormla</place>
    <state>Bormla</state>
    <state_code>06</state_code>
    <province></province>
    <province_code></province_code>
    <community></community>
    <community_code></community_code>
    <latitude>35.8806</latitude>
    <longitude>14.5217</longitude>
  </object>
  <object>
    <country_code>MT</country_code>
    <zipcode>DGL</zipcode>
    <place>Dingli</place>
    <state>Dingli</state>
    <state_code>07</state_code>
    <province></province>
    <province_code></province_code>
    <community></community>
    <community_code></community_code>
    <latitude>35.8597</latitude>
    <longitude>14.3833</longitude>
  </object>
  <object>
    <country_code>MT</country_code>
    <zipcode>FGR</zipcode>
    <place>Fgura</place>
    <state>Il-Fgura</state>
    <state_code>08</state_code>
    <province></province>
    <province_code></province_code>
    <community></community>
    <community_code></community_code>
    <latitude>35.8728</latitude>
    <longitude>14.5203</longitude>
  </object>
  <object>
    <country_code>MT</country_code>
    <zipcode>FRN</zipcode>
    <place>Floriana</place>
    <state>Il-Furjana</state>
    <state_code>09</state_code>
    <province></province>
    <province_code></province_code>
    <community></community>
    <community_code></community_code>
    <latitude>35.8917</latitude>
    <longitude>14.5042</longitude>
  </object>
  <object>
    <country_code>MT</country_code>
    <zipcode>FNT</zipcode>
    <place>Fontana</place>
    <state>Il-Fontana</state>
    <state_code>10</state_code>
    <province></province>
    <province_code></province_code>
    <community></community>
    <community_code></community_code>
    <latitude>36.0375</latitude>
    <longitude>14.2361</longitude>
  </object>
  <object>
    <country_code>MT</country_code>
    <zipcode>GSM</zipcode>
    <place>Għajnsielem</place>
    <state>Għajnsielem</state>
    <state_code>11</state_code>
    <province></province>
    <province_code></province_code>
    <community></community>
    <community_code></community_code>
    <latitude>36.0267</latitude>
    <longitude>14.2861</longitude>
  </object>
  <object>
    <country_code>MT</country_code>
    <zipcode>KMN</zipcode>
    <place>Kemmuna</place>
    <state>Għajnsielem</state>
    <state_code>11</state_code>
    <province></province>
    <province_code></province_code>
    <community></community>
    <community_code></community_code>
    <latitude>36.0267</latitude>
    <longitude>14.2861</longitude>
  </object>
  <object>
    <country_code>MT</country_code>
    <zipcode>GRB</zipcode>
    <place>Għarb</place>
    <state>L-Għarb</state>
    <state_code>12</state_code>
    <province></province>
    <province_code></province_code>
    <community></community>
    <community_code></community_code>
    <latitude>36.0681</latitude>
    <longitude>14.2014</longitude>
  </object>
  <object>
    <country_code>MT</country_code>
    <zipcode>GHR</zipcode>
    <place>Għargħur</place>
    <state>Ħal Għargħur</state>
    <state_code>13</state_code>
    <province></province>
    <province_code></province_code>
    <community></community>
    <community_code></community_code>
    <latitude>35.9236</latitude>
    <longitude>14.455</longitude>
  </object>
  <object>
    <country_code>MT</country_code>
    <zipcode>GSR</zipcode>
    <place>Għasri</place>
    <state>L-Għasri</state>
    <state_code>14</state_code>
    <province></province>
    <province_code></province_code>
    <community></community>
    <community_code></community_code>
    <latitude>36.0653</latitude>
    <longitude>14.2217</longitude>
  </object>
  <object>
    <country_code>MT</country_code>
    <zipcode>GXQ</zipcode>
    <place>Għaxaq</place>
    <state>Ħal Għaxaq</state>
    <state_code>15</state_code>
    <province></province>
    <province_code></province_code>
    <community></community>
    <community_code></community_code>
    <latitude>35.8458</latitude>
    <longitude>14.5167</longitude>
  </object>
  <object>
    <country_code>MT</country_code>
    <zipcode>GDJ</zipcode>
    <place>Gudja</place>
    <state>Il-Gudja</state>
    <state_code>16</state_code>
    <province></province>
    <province_code></province_code>
    <community></community>
    <community_code></community_code>
    <latitude>35.8514</latitude>
    <longitude>14.5033</longitude>
  </object>
  <object>
    <country_code>MT</country_code>
    <zipcode>GZR</zipcode>
    <place>Gżira</place>
    <state>Il-Gżira</state>
    <state_code>17</state_code>
    <province></province>
    <province_code></province_code>
    <community></community>
    <community_code></community_code>
    <latitude>35.9056</latitude>
    <longitude>14.4928</longitude>
  </object>
  <object>
    <country_code>MT</country_code>
    <zipcode>HMR</zipcode>
    <place>Ħamrun</place>
    <state>Il-Ħamrun</state>
    <state_code>18</state_code>
    <province></province>
    <province_code></province_code>
    <community></community>
    <community_code></community_code>
    <latitude>35.8869</latitude>
    <longitude>14.4883</longitude>
  </object>
  <object>
    <country_code>MT</country_code>
    <zipcode>IKL</zipcode>
    <place>Iklin</place>
    <state>L-Iklin</state>
    <state_code>19</state_code>
    <province></province>
    <province_code></province_code>
    <community></community>
    <community_code></community_code>
    <latitude>35.9097</latitude>
    <longitude>14.4556</longitude>
  </object>
  <object>
    <country_code>MT</country_code>
    <zipcode>MDN</zipcode>
    <place>Mdina</place>
    <state>L-Imdina</state>
    <state_code>20</state_code>
    <province></province>
    <province_code></province_code>
    <community></community>
    <community_code></community_code>
    <latitude>35.8872</latitude>
    <longitude>14.4053</longitude>
  </object>
  <object>
    <country_code>MT</country_code>
    <zipcode>MGR</zipcode>
    <place>Mġarr</place>
    <state>L-Imġarr</state>
    <state_code>21</state_code>
    <province></province>
    <province_code></province_code>
    <community></community>
    <community_code></community_code>
    <latitude>35.9194</latitude>
    <longitude>14.3639</longitude>
  </object>
  <object>
    <country_code>MT</country_code>
    <zipcode>MQB</zipcode>
    <place>Mqabba</place>
    <state>L-Imqabba</state>
    <state_code>22</state_code>
    <province></province>
    <province_code></province_code>
    <community></community>
    <community_code></community_code>
    <latitude>35.845</latitude>
    <longitude>14.4675</longitude>
  </object>
  <object>
    <country_code>MT</country_code>
    <zipcode>MSD</zipcode>
    <place>Msida</place>
    <state>L-Imsida</state>
    <state_code>23</state_code>
    <province></province>
    <province_code></province_code>
    <community></community>
    <community_code></community_code>
    <latitude>35.8986</latitude>
    <longitude>14.4839</longitude>
  </object>
  <object>
    <country_code>MT</country_code>
    <zipcode>MTF</zipcode>
    <place>Mtarfa</place>
    <state>L-Imtarfa</state>
    <state_code>24</state_code>
    <province></province>
    <province_code></province_code>
    <community></community>
    <community_code></community_code>
    <latitude>35.8906</latitude>
    <longitude>14.3972</longitude>
  </object>
  <object>
    <country_code>MT</country_code>
    <zipcode>ISL</zipcode>
    <place>Isla</place>
    <state>L-Isla</state>
    <state_code>25</state_code>
    <province></province>
    <province_code></province_code>
    <community></community>
    <community_code></community_code>
    <latitude>35.8878</latitude>
    <longitude>14.5169</longitude>
  </object>
  <object>
    <country_code>MT</country_code>
    <zipcode>KKR</zipcode>
    <place>Kalkara</place>
    <state>Il-Kalkara</state>
    <state_code>26</state_code>
    <province></province>
    <province_code></province_code>
    <community></community>
    <community_code></community_code>
    <latitude>35.8911</latitude>
    <longitude>14.5328</longitude>
  </object>
  <object>
    <country_code>MT</country_code>
    <zipcode>SCM</zipcode>
    <place>Smart City</place>
    <state>Il-Kalkara</state>
    <state_code>26</state_code>
    <province></province>
    <province_code></province_code>
    <community></community>
    <community_code></community_code>
    <latitude>35.8911</latitude>
    <longitude>14.5328</longitude>
  </object>
  <object>
    <country_code>MT</country_code>
    <zipcode>KCM</zipcode>
    <place>Kerċem</place>
    <state>Ta’ Kerċem</state>
    <state_code>27</state_code>
    <province></province>
    <province_code></province_code>
    <community></community>
    <community_code></community_code>
    <latitude>36.0439</latitude>
    <longitude>14.2161</longitude>
  </object>
  <object>
    <country_code>MT</country_code>
    <zipcode>KKP</zipcode>
    <place>Kirkop</place>
    <state>Kirkop</state>
    <state_code>28</state_code>
    <province></province>
    <province_code></province_code>
    <community></community>
    <community_code></community_code>
    <latitude>35.8442</latitude>
    <longitude>14.4842</longitude>
  </object>
  <object>
    <country_code>MT</country_code>
    <zipcode>LJA</zipcode>
    <place>Lija</place>
    <state>Lija</state>
    <state_code>29</state_code>
    <province></province>
    <province_code></province_code>
    <community></community>
    <community_code></community_code>
    <latitude>35.9014</latitude>
    <longitude>14.4422</longitude>
  </object>
  <object>
    <country_code>MT</country_code>
    <zipcode>LQA</zipcode>
    <place>Luqa</place>
    <state>Luqa</state>
    <state_code>30</state_code>
    <province></province>
    <province_code></province_code>
    <community></community>
    <community_code></community_code>
    <latitude>35.8597</latitude>
    <longitude>14.4833</longitude>
  </object>
  <object>
    <country_code>MT</country_code>
    <zipcode>MRS</zipcode>
    <place>Marsa</place>
    <state>Il-Marsa</state>
    <state_code>31</state_code>
    <province></province>
    <province_code></province_code>
    <community></community>
    <community_code></community_code>
    <latitude>35.8764</latitude>
    <longitude>14.4922</longitude>
  </object>
  <object>
    <country_code>MT</country_code>
    <zipcode>MTP</zipcode>
    <place>MaltaPost</place>
    <state>Il-Marsa</state>
    <state_code>31</state_code>
    <province></province>
    <province_code></province_code>
    <community></community>
    <community_code></community_code>
    <latitude>35.8764</latitude>
    <longitude>14.4922</longitude>
  </object>
  <object>
    <country_code>MT</country_code>
    <zipcode>MSK</zipcode>
    <place>Marsaskala</place>
    <state>Marsaskala</state>
    <state_code>32</state_code>
    <province></province>
    <province_code></province_code>
    <community></community>
    <community_code></community_code>
    <latitude>35.8606</latitude>
    <longitude>14.5592</longitude>
  </object>
  <object>
    <country_code>MT</country_code>
    <zipcode>MXK</zipcode>
    <place>Marsaxlokk</place>
    <state>Marsaxlokk</state>
    <state_code>33</state_code>
    <province></province>
    <province_code></province_code>
    <community></community>
    <community_code></community_code>
    <latitude>35.8417</latitude>
    <longitude>14.5514</longitude>
  </object>
  <object>
    <country_code>MT</country_code>
    <zipcode>MLH</zipcode>
    <place>Mellieħa</place>
    <state>Il-Mellieħa</state>
    <state_code>34</state_code>
    <province></province>
    <province_code></province_code>
    <community></community>
    <community_code></community_code>
    <latitude>35.9583</latitude>
    <longitude>14.3514</longitude>
  </object>
  <object>
    <country_code>MT</country_code>
    <zipcode>MST</zipcode>
    <place>Mosta</place>
    <state>Il-Mosta</state>
    <state_code>35</state_code>
    <province></province>
    <province_code></province_code>
    <community></community>
    <community_code></community_code>
    <latitude>35.9125</latitude>
    <longitude>14.4208</longitude>
  </object>
  <object>
    <country_code>MT</country_code>
    <zipcode>MXR</zipcode>
    <place>Munxar</place>
    <state>Il-Munxar</state>
    <state_code>36</state_code>
    <province></province>
    <province_code></province_code>
    <community></community>
    <community_code></community_code>
    <latitude>36.0292</latitude>
    <longitude>14.2256</longitude>
  </object>
  <object>
    <country_code>MT</country_code>
    <zipcode>XLN</zipcode>
    <place>Xlendi</place>
    <state>Il-Munxar</state>
    <state_code>36</state_code>
    <province></province>
    <province_code></province_code>
    <community></community>
    <community_code></community_code>
    <latitude>36.0292</latitude>
    <longitude>14.2256</longitude>
  </object>
  <object>
    <country_code>MT</country_code>
    <zipcode>NDR</zipcode>
    <place>Nadur</place>
    <state>In-Nadur</state>
    <state_code>37</state_code>
    <province></province>
    <province_code></province_code>
    <community></community>
    <community_code></community_code>
    <latitude>36.0486</latitude>
    <longitude>14.2944</longitude>
  </object>
  <object>
    <country_code>MT</country_code>
    <zipcode>NXR</zipcode>
    <place>Naxxar</place>
    <state>In-Naxxar</state>
    <state_code>38</state_code>
    <province></province>
    <province_code></province_code>
    <community></community>
    <community_code></community_code>
    <latitude>35.9333</latitude>
    <longitude>14.4375</longitude>
  </object>
  <object>
    <country_code>MT</country_code>
    <zipcode>PLA</zipcode>
    <place>Paola</place>
    <state>Paola</state>
    <state_code>39</state_code>
    <province></province>
    <province_code></province_code>
    <community></community>
    <community_code></community_code>
    <latitude>35.8736</latitude>
    <longitude>14.5061</longitude>
  </object>
  <object>
    <country_code>MT</country_code>
    <zipcode>PBK</zipcode>
    <place>Pembroke</place>
    <state>Pembroke</state>
    <state_code>40</state_code>
    <province></province>
    <province_code></province_code>
    <community></community>
    <community_code></community_code>
    <latitude>35.9306</latitude>
    <longitude>14.4764</longitude>
  </object>
  <object>
    <country_code>MT</country_code>
    <zipcode>PTA</zipcode>
    <place>Pietà</place>
    <state>Tal-Pietà</state>
    <state_code>41</state_code>
    <province></province>
    <province_code></province_code>
    <community></community>
    <community_code></community_code>
    <latitude>35.8925</latitude>
    <longitude>14.4939</longitude>
  </object>
  <object>
    <country_code>MT</country_code>
    <zipcode>QLA</zipcode>
    <place>Qala</place>
    <state>Il-Qala</state>
    <state_code>42</state_code>
    <province></province>
    <province_code></province_code>
    <community></community>
    <community_code></community_code>
    <latitude>36.0375</latitude>
    <longitude>14.3167</longitude>
  </object>
  <object>
    <country_code>MT</country_code>
    <zipcode>QRM</zipcode>
    <place>Qormi</place>
    <state>Qormi</state>
    <state_code>43</state_code>
    <province></province>
    <province_code></province_code>
    <community></community>
    <community_code></community_code>
    <latitude>35.8792</latitude>
    <longitude>14.4667</longitude>
  </object>
  <object>
    <country_code>MT</country_code>
    <zipcode>QRD</zipcode>
    <place>Qrendi</place>
    <state>Il-Qrendi</state>
    <state_code>44</state_code>
    <province></province>
    <province_code></province_code>
    <community></community>
    <community_code></community_code>
    <latitude>35.8319</latitude>
    <longitude>14.4514</longitude>
  </object>
  <object>
    <country_code>MT</country_code>
    <zipcode>RBT</zipcode>
    <place>Rabat</place>
    <state>Ir-Rabat</state>
    <state_code>45</state_code>
    <province></province>
    <province_code></province_code>
    <community></community>
    <community_code></community_code>
    <latitude>35.8826</latitude>
    <longitude>14.3978</longitude>
  </object>
  <object>
    <country_code>MT</country_code>
    <zipcode>VCT</zipcode>
    <place>Victoria</place>
    <state>Victoria</state>
    <state_code>46</state_code>
    <province></province>
    <province_code></province_code>
    <community></community>
    <community_code></community_code>
    <latitude>36.0453</latitude>
    <longitude>14.2417</longitude>
  </object>
  <object>
    <country_code>MT</country_code>
    <zipcode>SFI</zipcode>
    <place>Safi</place>
    <state>Safi</state>
    <state_code>47</state_code>
    <province></province>
    <province_code></province_code>
    <community></community>
    <community_code></community_code>
    <latitude>35.8347</latitude>
    <longitude>14.4917</longitude>
  </object>
  <object>
    <country_code>MT</country_code>
    <zipcode>SGN</zipcode>
    <place>San Ġwann</place>
    <state>Saint John</state>
    <state_code>48</state_code>
    <province></province>
    <province_code></province_code>
    <community></community>
    <community_code></community_code>
    <latitude>35.9089</latitude>
    <longitude>14.475</longitude>
  </object>
  <object>
    <country_code>MT</country_code>
    <zipcode>STJ</zipcode>
    <place>Saint Julians</place>
    <state>Saint Julian's</state>
    <state_code>49</state_code>
    <province></province>
    <province_code></province_code>
    <community></community>
    <community_code></community_code>
    <latitude>35.9172</latitude>
    <longitude>14.4894</longitude>
  </object>
  <object>
    <country_code>MT</country_code>
    <zipcode>SLZ</zipcode>
    <place>San Lawrenz</place>
    <state>Saint Lawrence</state>
    <state_code>50</state_code>
    <province></province>
    <province_code></province_code>
    <community></community>
    <community_code></community_code>
    <latitude>36.0486</latitude>
    <longitude>14.1978</longitude>
  </object>
  <object>
    <country_code>MT</country_code>
    <zipcode>SLC</zipcode>
    <place>Santa Luċija</place>
    <state>Saint Lucia</state>
    <state_code>51</state_code>
    <province></province>
    <province_code></province_code>
    <community></community>
    <community_code></community_code>
    <latitude>35.8617</latitude>
    <longitude>14.5064</longitude>
  </object>
  <object>
    <country_code>MT</country_code>
    <zipcode>SPB</zipcode>
    <place>Saint Paul's Bay</place>
    <state>Saint Paul’s Bay</state>
    <state_code>52</state_code>
    <province></province>
    <province_code></province_code>
    <community></community>
    <community_code></community_code>
    <latitude>35.9375</latitude>
    <longitude>14.3986</longitude>
  </object>
  <object>
    <country_code>MT</country_code>
    <zipcode>SVR</zipcode>
    <place>Santa Venera</place>
    <state>Saint Venera</state>
    <state_code>53</state_code>
    <province></province>
    <province_code></province_code>
    <community></community>
    <community_code></community_code>
    <latitude>35.8903</latitude>
    <longitude>14.4778</longitude>
  </object>
  <object>
    <country_code>MT</country_code>
    <zipcode>SNT</zipcode>
    <place>Sannat</place>
    <state>Sannat</state>
    <state_code>54</state_code>
    <province></province>
    <province_code></province_code>
    <community></community>
    <community_code></community_code>
    <latitude>36.0231</latitude>
    <longitude>14.2514</longitude>
  </object>
  <object>
    <country_code>MT</country_code>
    <zipcode>SGW</zipcode>
    <place>Siġġiewi</place>
    <state>Is-Siġġiewi</state>
    <state_code>55</state_code>
    <province></province>
    <province_code></province_code>
    <community></community>
    <community_code></community_code>
    <latitude>35.8486</latitude>
    <longitude>14.4264</longitude>
  </object>
  <object>
    <country_code>MT</country_code>
    <zipcode>SLM</zipcode>
    <place>Sliema</place>
    <state>Tas-Sliema</state>
    <state_code>56</state_code>
    <province></province>
    <province_code></province_code>
    <community></community>
    <community_code></community_code>
    <latitude>35.9125</latitude>
    <longitude>14.5022</longitude>
  </object>
  <object>
    <country_code>MT</country_code>
    <zipcode>SWQ</zipcode>
    <place>Swieqi</place>
    <state>Is-Swieqi</state>
    <state_code>57</state_code>
    <province></province>
    <province_code></province_code>
    <community></community>
    <community_code></community_code>
    <latitude>35.9217</latitude>
    <longitude>14.4694</longitude>
  </object>
  <object>
    <country_code>MT</country_code>
    <zipcode>TXN</zipcode>
    <place>Tarxien</place>
    <state>Tarxien</state>
    <state_code>58</state_code>
    <province></province>
    <province_code></province_code>
    <community></community>
    <community_code></community_code>
    <latitude>35.8667</latitude>
    <longitude>14.5131</longitude>
  </object>
  <object>
    <country_code>MT</country_code>
    <zipcode>XBX</zipcode>
    <place>Ta' Xbiex</place>
    <state>Ta’ Xbiex</state>
    <state_code>59</state_code>
    <province></province>
    <province_code></province_code>
    <community></community>
    <community_code></community_code>
    <latitude>35.8994</latitude>
    <longitude>14.4961</longitude>
  </object>
  <object>
    <country_code>MT</country_code>
    <zipcode>VLT</zipcode>
    <place>Valletta</place>
    <state>Il-Belt Valletta</state>
    <state_code>60</state_code>
    <province></province>
    <province_code></province_code>
    <community></community>
    <community_code></community_code>
    <latitude>35.8983</latitude>
    <longitude>14.5125</longitude>
  </object>
  <object>
    <country_code>MT</country_code>
    <zipcode>XRA</zipcode>
    <place>Xagħra</place>
    <state>Ix-Xagħra</state>
    <state_code>61</state_code>
    <province></province>
    <province_code></province_code>
    <community></community>
    <community_code></community_code>
    <latitude>36.0542</latitude>
    <longitude>14.2667</longitude>
  </object>
  <object>
    <country_code>MT</country_code>
    <zipcode>XWK</zipcode>
    <place>Xewkija</place>
    <state>Ix-Xewkija</state>
    <state_code>62</state_code>
    <province></province>
    <province_code></province_code>
    <community></community>
    <community_code></community_code>
    <latitude>36.0333</latitude>
    <longitude>14.2611</longitude>
  </object>
  <object>
    <country_code>MT</country_code>
    <zipcode>XJR</zipcode>
    <place>Xgħajra</place>
    <state>Ix-Xgħajra</state>
    <state_code>63</state_code>
    <province></province>
    <province_code></province_code>
    <community></community>
    <community_code></community_code>
    <latitude>35.8847</latitude>
    <longitude>14.5486</longitude>
  </object>
  <object>
    <country_code>MT</country_code>
    <zipcode>ZBR</zipcode>
    <place>Żabbar</place>
    <state>Ħaż-Żabbar</state>
    <state_code>64</state_code>
    <province></province>
    <province_code></province_code>
    <community></community>
    <community_code></community_code>
    <latitude>35.875</latitude>
    <longitude>14.5417</longitude>
  </object>
  <object>
    <country_code>MT</country_code>
    <zipcode>ZBG</zipcode>
    <place>Żebbuġ</place>
    <state>Ħaż-Żebbuġ</state>
    <state_code>65</state_code>
    <province></province>
    <province_code></province_code>
    <community></community>
    <community_code></community_code>
    <latitude>35.8736</latitude>
    <longitude>14.4361</longitude>
  </object>
  <object>
    <country_code>MT</country_code>
    <zipcode>MFN</zipcode>
    <place>Marsalforn</place>
    <state>Iż-Żebbuġ</state>
    <state_code>66</state_code>
    <province></province>
    <province_code></province_code>
    <community></community>
    <community_code></community_code>
    <latitude>36.0667</latitude>
    <longitude>14.2444</longitude>
  </object>
  <object>
    <country_code>MT</country_code>
    <zipcode>ZBB</zipcode>
    <place>Żebbuġ</place>
    <state>Iż-Żebbuġ</state>
    <state_code>66</state_code>
    <province></province>
    <province_code></province_code>
    <community></community>
    <community_code></community_code>
    <latitude>36.0667</latitude>
    <longitude>14.2444</longitude>
  </object>
  <object>
    <country_code>MT</country_code>
    <zipcode>ZTN</zipcode>
    <place>Żejtun</place>
    <state>Iż-Żejtun</state>
    <state_code>67</state_code>
    <province></province>
    <province_code></province_code>
    <community></community>
    <community_code></community_code>
    <latitude>35.8578</latitude>
    <longitude>14.5333</longitude>
  </object>
  <object>
    <country_code>MT</country_code>
    <zipcode>ZRQ</zipcode>
    <place>Żurrieq</place>
    <state>Iż-Żurrieq</state>
    <state_code>68</state_code>
    <province></province>
    <province_code></province_code>
    <community></community>
    <community_code></community_code>
    <latitude>35.8222</latitude>
    <longitude>14.4833</longitude>
  </object>
</zipcodes>