<zipcodes>
  <object>
    <country_code>GG</country_code>
    <zipcode>GY1</zipcode>
    <place>St Peter Port</place>
    <state></state>
    <state_code></state_code>
    <province>Guernsey Channel Islands</province>
    <province_code></province_code>
    <community></community>
    <community_code></community_code>
    <latitude>49.45</latitude>
    <longitude>-2.6</longitude>
  </object>
  <object>
    <country_code>GG</country_code>
    <zipcode>GY10</zipcode>
    <place>Sark</place>
    <state></state>
    <state_code></state_code>
    <province>Channel Islands</province>
    <province_code></province_code>
    <community></community>
    <community_code></community_code>
    <latitude>49.71</latitude>
    <longitude>-2.2</longitude>
  </object>
  <object>
    <country_code>GG</country_code>
    <zipcode>GY2</zipcode>
    <place>Delancey</place>
    <state></state>
    <state_code></state_code>
    <province>Guernsey Channel Islands</province>
    <province_code></province_code>
    <community></community>
    <community_code></community_code>
    <latitude>49.45</latitude>
    <longitude>-2.6</longitude>
  </object>
  <object>
    <country_code>GG</country_code>
    <zipcode>GY2</zipcode>
    <place>St Sampsons</place>
    <state></state>
    <state_code></state_code>
    <province>Guernsey Channel Islands</province>
    <province_code></province_code>
    <community></community>
    <community_code></community_code>
    <latitude>49.45</latitude>
    <longitude>-2.6</longitude>
  </object>
  <object>
    <country_code>GG</country_code>
    <zipcode>GY3</zipcode>
    <place>Vale</place>
    <state></state>
    <state_code></state_code>
    <province>Guernsey Channel Islands</province>
    <province_code></province_code>
    <community></community>
    <community_code></community_code>
    <latitude>49.45</latitude>
    <longitude>-2.6</longitude>
  </object>
  <object>
    <country_code>GG</country_code>
    <zipcode>GY4</zipcode>
    <place>St Martin</place>
    <state></state>
    <state_code></state_code>
    <province>Guernsey Channel Islands</province>
    <province_code></province_code>
    <community></community>
    <community_code></community_code>
    <latitude>49.45</latitude>
    <longitude>-2.6</longitude>
  </object>
  <object>
    <country_code>GG</country_code>
    <zipcode>GY5</zipcode>
    <place>Castel</place>
    <state></state>
    <state_code></state_code>
    <province>Guernsey Channel Islands</province>
    <province_code></province_code>
    <community></community>
    <community_code></community_code>
    <latitude>49.45</latitude>
    <longitude>-2.6</longitude>
  </object>
  <object>
    <country_code>GG</country_code>
    <zipcode>GY6</zipcode>
    <place>Vale</place>
    <state></state>
    <state_code></state_code>
    <province>Guernsey Channel Islands</province>
    <province_code></province_code>
    <community></community>
    <community_code></community_code>
    <latitude>49.4858</latitude>
    <longitude>-2.5196</longitude>
  </object>
  <object>
    <country_code>GG</country_code>
    <zipcode>GY6</zipcode>
    <place>Saint Andrew</place>
    <state></state>
    <state_code></state_code>
    <province>Guernsey Channel Islands</province>
    <province_code></province_code>
    <community></community>
    <community_code></community_code>
    <latitude>49.4519</latitude>
    <longitude>-2.5729</longitude>
  </object>
  <object>
    <country_code>GG</country_code>
    <zipcode>GY7</zipcode>
    <place>Saint Pierre du Bois</place>
    <state></state>
    <state_code></state_code>
    <province>Guernsey Channel Islands</province>
    <province_code></province_code>
    <community></community>
    <community_code></community_code>
    <latitude>49.4456</latitude>
    <longitude>-2.6436</longitude>
  </object>
  <object>
    <country_code>GG</country_code>
    <zipcode>GY7</zipcode>
    <place>Saint Saviour</place>
    <state></state>
    <state_code></state_code>
    <province>Guernsey Channel Islands</province>
    <province_code></province_code>
    <community></community>
    <community_code></community_code>
    <latitude>49.4569</latitude>
    <longitude>-2.6358</longitude>
  </object>
  <object>
    <country_code>GG</country_code>
    <zipcode>GY8</zipcode>
    <place>Forest</place>
    <state></state>
    <state_code></state_code>
    <province>Guernsey Channel Islands</province>
    <province_code></province_code>
    <community></community>
    <community_code></community_code>
    <latitude>49.4258</latitude>
    <longitude>-2.5919</longitude>
  </object>
  <object>
    <country_code>GG</country_code>
    <zipcode>GY8</zipcode>
    <place>Torteval</place>
    <state></state>
    <state_code></state_code>
    <province>Guernsey Channel Islands</province>
    <province_code></province_code>
    <community></community>
    <community_code></community_code>
    <latitude>49.4333</latitude>
    <longitude>-2.65</longitude>
  </object>
  <object>
    <country_code>GG</country_code>
    <zipcode>GY9</zipcode>
    <place>Alderney</place>
    <state></state>
    <state_code></state_code>
    <province>Channel Islands</province>
    <province_code></province_code>
    <community></community>
    <community_code></community_code>
    <latitude>49.71</latitude>
    <longitude>-2.2</longitude>
  </object>
</zipcodes>