<zipcodes>
  <object>
    <country_code>LI</country_code>
    <zipcode>9490</zipcode>
    <place>Vaduz</place>
    <state>Vaduz</state>
    <state_code>7001</state_code>
    <province></province>
    <province_code></province_code>
    <community></community>
    <community_code></community_code>
    <latitude>47.1431</latitude>
    <longitude>9.5256</longitude>
  </object>
  <object>
    <country_code>LI</country_code>
    <zipcode>9495</zipcode>
    <place>Triesen</place>
    <state>Triesen</state>
    <state_code>7002</state_code>
    <province></province>
    <province_code></province_code>
    <community></community>
    <community_code></community_code>
    <latitude>47.0805</latitude>
    <longitude>9.5515</longitude>
  </object>
  <object>
    <country_code>LI</country_code>
    <zipcode>9496</zipcode>
    <place>Balzers</place>
    <state>Balzers</state>
    <state_code>7003</state_code>
    <province></province>
    <province_code></province_code>
    <community></community>
    <community_code></community_code>
    <latitude>47.067</latitude>
    <longitude>9.5078</longitude>
  </object>
  <object>
    <country_code>LI</country_code>
    <zipcode>9497</zipcode>
    <place>Triesenberg</place>
    <state>Triesenberg</state>
    <state_code>7004</state_code>
    <province></province>
    <province_code></province_code>
    <community></community>
    <community_code></community_code>
    <latitude>47.115</latitude>
    <longitude>9.5831</longitude>
  </object>
  <object>
    <country_code>LI</country_code>
    <zipcode>9494</zipcode>
    <place>Schaan</place>
    <state>Schaan</state>
    <state_code>7005</state_code>
    <province></province>
    <province_code></province_code>
    <community></community>
    <community_code></community_code>
    <latitude>47.1746</latitude>
    <longitude>9.5247</longitude>
  </object>
  <object>
    <country_code>LI</country_code>
    <zipcode>9498</zipcode>
    <place>Planken</place>
    <state>Planken</state>
    <state_code>7006</state_code>
    <province></province>
    <province_code></province_code>
    <community></community>
    <community_code></community_code>
    <latitude>47.1821</latitude>
    <longitude>9.5574</longitude>
  </object>
  <object>
    <country_code>LI</country_code>
    <zipcode>9485</zipcode>
    <place>Nendeln</place>
    <state>Eschen</state>
    <state_code>7007</state_code>
    <province></province>
    <province_code></province_code>
    <community></community>
    <community_code></community_code>
    <latitude>47.1984</latitude>
    <longitude>9.5501</longitude>
  </object>
  <object>
    <country_code>LI</country_code>
    <zipcode>9492</zipcode>
    <place>Eschen</place>
    <state>Eschen</state>
    <state_code>7007</state_code>
    <province></province>
    <province_code></province_code>
    <community></community>
    <community_code></community_code>
    <latitude>47.209</latitude>
    <longitude>9.5223</longitude>
  </object>
  <object>
    <country_code>LI</country_code>
    <zipcode>9486</zipcode>
    <place>Schaanwald</place>
    <state>Mauren</state>
    <state_code>7008</state_code>
    <province></province>
    <province_code></province_code>
    <community></community>
    <community_code></community_code>
    <latitude>47.2151</latitude>
    <longitude>9.562</longitude>
  </object>
  <object>
    <country_code>LI</country_code>
    <zipcode>9493</zipcode>
    <place>Mauren FL</place>
    <state>Mauren</state>
    <state_code>7008</state_code>
    <province></province>
    <province_code></province_code>
    <community></community>
    <community_code></community_code>
    <latitude>47.2191</latitude>
    <longitude>9.5464</longitude>
  </object>
  <object>
    <country_code>LI</country_code>
    <zipcode>9487</zipcode>
    <place>Gamprin-Bendern</place>
    <state>Gamprin</state>
    <state_code>7009</state_code>
    <province></province>
    <province_code></province_code>
    <community></community>
    <community_code></community_code>
    <latitude>47.2249</latitude>
    <longitude>9.5135</longitude>
  </object>
  <object>
    <country_code>LI</country_code>
    <zipcode>9491</zipcode>
    <place>Ruggell</place>
    <state>Ruggell</state>
    <state_code>7010</state_code>
    <province></province>
    <province_code></province_code>
    <community></community>
    <community_code></community_code>
    <latitude>47.2484</latitude>
    <longitude>9.5345</longitude>
  </object>
  <object>
    <country_code>LI</country_code>
    <zipcode>9488</zipcode>
    <place>Schellenberg</place>
    <state>Schellenberg</state>
    <state_code>7011</state_code>
    <province></province>
    <province_code></province_code>
    <community></community>
    <community_code></community_code>
    <latitude>47.2318</latitude>
    <longitude>9.5478</longitude>
  </object>
</zipcodes>