[
  {
    "country_code": "GF",
    "zipcode": "97300",
    "place": "Cayenne",
    "state": "Guyane",
    "state_code": "GF",
    "province": "Guyane",
    "province_code": "973",
    "community": "Arrondissement de Cayenne",
    "community_code": "9731",
    "latitude": "4.9333",
    "longitude": "-52.3333"
  },
  {
    "country_code": "GF",
    "zipcode": "97305 CEDEX",
    "place": "Cayenne",
    "state": "Guyane",
    "state_code": "GF",
    "province": "Guyane",
    "province_code": "973",
    "community": "Arrondissement de Cayenne",
    "community_code": "9731",
    "latitude": "4.9333",
    "longitude": "-52.3333"
  },
  {
    "country_code": "GF",
    "zipcode": "97306 CEDEX",
    "place": "Cayenne",
    "state": "Guyane",
    "state_code": "GF",
    "province": "Guyane",
    "province_code": "973",
    "community": "Arrondissement de Cayenne",
    "community_code": "9731",
    "latitude": "4.9333",
    "longitude": "-52.3333"
  },
  {
    "country_code": "GF",
    "zipcode": "97307 CEDEX",
    "place": "Cayenne",
    "state": "Guyane",
    "state_code": "GF",
    "province": "Guyane",
    "province_code": "973",
    "community": "Arrondissement de Cayenne",
    "community_code": "9731",
    "latitude": "4.9333",
    "longitude": "-52.3333"
  },
  {
    "country_code": "GF",
    "zipcode": "97308 CEDEX",
    "place": "Cayenne",
    "state": "Guyane",
    "state_code": "GF",
    "province": "Guyane",
    "province_code": "973",
    "community": "Arrondissement de Cayenne",
    "community_code": "9731",
    "latitude": "4.9333",
    "longitude": "-52.3333"
  },
  {
    "country_code": "GF",
    "zipcode": "97309 CEDEX",
    "place": "Cayenne",
    "state": "Guyane",
    "state_code": "GF",
    "province": "Guyane",
    "province_code": "973",
    "community": "Arrondissement de Cayenne",
    "community_code": "9731",
    "latitude": "4.9333",
    "longitude": "-52.3333"
  },
  {
    "country_code": "GF",
    "zipcode": "97310",
    "place": "Kourou",
    "state": "Guyane",
    "state_code": "GF",
    "province": "Guyane",
    "province_code": "973",
    "community": "Arrondissement de Cayenne",
    "community_code": "9731",
    "latitude": "5.1628",
    "longitude": "-52.6427"
  },
  {
    "country_code": "GF",
    "zipcode": "97311",
    "place": "Roura",
    "state": "Guyane",
    "state_code": "GF",
    "province": "Guyane",
    "province_code": "973",
    "community": "Arrondissement de Cayenne",
    "community_code": "9731",
    "latitude": "4.7252",
    "longitude": "-52.3262"
  },
  {
    "country_code": "GF",
    "zipcode": "97312",
    "place": "Saint-\u00C9lie",
    "state": "Guyane",
    "state_code": "GF",
    "province": "Guyane",
    "province_code": "973",
    "community": "Arrondissement de Cayenne",
    "community_code": "9731",
    "latitude": "4.8243",
    "longitude": "-53.2882"
  },
  {
    "country_code": "GF",
    "zipcode": "97313",
    "place": "Saint-Georges",
    "state": "Guyane",
    "state_code": "GF",
    "province": "Guyane",
    "province_code": "973",
    "community": "Arrondissement de Cayenne",
    "community_code": "9731",
    "latitude": "3.9",
    "longitude": "-51.8"
  },
  {
    "country_code": "GF",
    "zipcode": "97314",
    "place": "Sa\u00FCl",
    "state": "Guyane",
    "state_code": "GF",
    "province": "Guyane",
    "province_code": "973",
    "community": "Arrondissement de Saint-Laurent-du-Maroni",
    "community_code": "9732",
    "latitude": "3.6231",
    "longitude": "-53.2092"
  },
  {
    "country_code": "GF",
    "zipcode": "97315",
    "place": "Sinnamary",
    "state": "Guyane",
    "state_code": "GF",
    "province": "Guyane",
    "province_code": "973",
    "community": "Arrondissement de Cayenne",
    "community_code": "9731",
    "latitude": "5.3768",
    "longitude": "-52.9568"
  },
  {
    "country_code": "GF",
    "zipcode": "97316",
    "place": "Papa\u00EFchton",
    "state": "Guyane",
    "state_code": "GF",
    "province": "Guyane",
    "province_code": "973",
    "community": "Arrondissement de Saint-Laurent-du-Maroni",
    "community_code": "9732",
    "latitude": "3.8058",
    "longitude": "-54.1446"
  },
  {
    "country_code": "GF",
    "zipcode": "97317",
    "place": "Apatou",
    "state": "Guyane",
    "state_code": "GF",
    "province": "Guyane",
    "province_code": "973",
    "community": "Arrondissement de Saint-Laurent-du-Maroni",
    "community_code": "9732",
    "latitude": "5.1553",
    "longitude": "-54.3431"
  },
  {
    "country_code": "GF",
    "zipcode": "97318",
    "place": "Mana",
    "state": "Guyane",
    "state_code": "GF",
    "province": "Guyane",
    "province_code": "973",
    "community": "Arrondissement de Saint-Laurent-du-Maroni",
    "community_code": "9732",
    "latitude": "5.6677",
    "longitude": "-53.7783"
  },
  {
    "country_code": "GF",
    "zipcode": "97319",
    "place": "Awala-Yalimapo",
    "state": "Guyane",
    "state_code": "GF",
    "province": "Guyane",
    "province_code": "973",
    "community": "Arrondissement de Saint-Laurent-du-Maroni",
    "community_code": "9732",
    "latitude": "5.7364",
    "longitude": "-53.9087"
  },
  {
    "country_code": "GF",
    "zipcode": "97320",
    "place": "Saint-Laurent-du-Maroni",
    "state": "Guyane",
    "state_code": "GF",
    "province": "Guyane",
    "province_code": "973",
    "community": "Arrondissement de Saint-Laurent-du-Maroni",
    "community_code": "9732",
    "latitude": "5.501",
    "longitude": "-54.0294"
  },
  {
    "country_code": "GF",
    "zipcode": "97321 CEDEX",
    "place": "Cayenne",
    "state": "Guyane",
    "state_code": "GF",
    "province": "Guyane",
    "province_code": "973",
    "community": "Arrondissement de Cayenne",
    "community_code": "9731",
    "latitude": "4.9333",
    "longitude": "-52.3333"
  },
  {
    "country_code": "GF",
    "zipcode": "97322 CEDEX",
    "place": "Cayenne",
    "state": "Guyane",
    "state_code": "GF",
    "province": "Guyane",
    "province_code": "973",
    "community": "Arrondissement de Cayenne",
    "community_code": "9731",
    "latitude": "4.9333",
    "longitude": "-52.3333"
  },
  {
    "country_code": "GF",
    "zipcode": "97323 CEDEX",
    "place": "Cayenne",
    "state": "Guyane",
    "state_code": "GF",
    "province": "Guyane",
    "province_code": "973",
    "community": "Arrondissement de Cayenne",
    "community_code": "9731",
    "latitude": "4.9333",
    "longitude": "-52.3333"
  },
  {
    "country_code": "GF",
    "zipcode": "97324 CEDEX",
    "place": "Cayenne",
    "state": "Guyane",
    "state_code": "GF",
    "province": "Guyane",
    "province_code": "973",
    "community": "Arrondissement de Cayenne",
    "community_code": "9731",
    "latitude": "4.9333",
    "longitude": "-52.3333"
  },
  {
    "country_code": "GF",
    "zipcode": "97325 CEDEX",
    "place": "Cayenne",
    "state": "Guyane",
    "state_code": "GF",
    "province": "Guyane",
    "province_code": "973",
    "community": "Arrondissement de Cayenne",
    "community_code": "9731",
    "latitude": "4.9333",
    "longitude": "-52.3333"
  },
  {
    "country_code": "GF",
    "zipcode": "97326 CEDEX",
    "place": "Cayenne",
    "state": "Guyane",
    "state_code": "GF",
    "province": "Guyane",
    "province_code": "973",
    "community": "Arrondissement de Cayenne",
    "community_code": "9731",
    "latitude": "4.9333",
    "longitude": "-52.3333"
  },
  {
    "country_code": "GF",
    "zipcode": "97327 CEDEX",
    "place": "Cayenne",
    "state": "Guyane",
    "state_code": "GF",
    "province": "Guyane",
    "province_code": "973",
    "community": "Arrondissement de Cayenne",
    "community_code": "9731",
    "latitude": "4.9333",
    "longitude": "-52.3333"
  },
  {
    "country_code": "GF",
    "zipcode": "97328 CEDEX",
    "place": "Cayenne",
    "state": "Guyane",
    "state_code": "GF",
    "province": "Guyane",
    "province_code": "973",
    "community": "Arrondissement de Cayenne",
    "community_code": "9731",
    "latitude": "4.9333",
    "longitude": "-52.3333"
  },
  {
    "country_code": "GF",
    "zipcode": "97329 CEDEX",
    "place": "Cayenne",
    "state": "Guyane",
    "state_code": "GF",
    "province": "Guyane",
    "province_code": "973",
    "community": "Arrondissement de Cayenne",
    "community_code": "9731",
    "latitude": "4.9333",
    "longitude": "-52.3333"
  },
  {
    "country_code": "GF",
    "zipcode": "97330",
    "place": "Camopi",
    "state": "Guyane",
    "state_code": "GF",
    "province": "Guyane",
    "province_code": "973",
    "community": "Arrondissement de Cayenne",
    "community_code": "9731",
    "latitude": "3.1689",
    "longitude": "-52.3353"
  },
  {
    "country_code": "GF",
    "zipcode": "97331 CEDEX",
    "place": "Cayenne",
    "state": "Guyane",
    "state_code": "GF",
    "province": "Guyane",
    "province_code": "973",
    "community": "Arrondissement de Cayenne",
    "community_code": "9731",
    "latitude": "4.9333",
    "longitude": "-52.3333"
  },
  {
    "country_code": "GF",
    "zipcode": "97332 CEDEX",
    "place": "Cayenne",
    "state": "Guyane",
    "state_code": "GF",
    "province": "Guyane",
    "province_code": "973",
    "community": "Arrondissement de Cayenne",
    "community_code": "9731",
    "latitude": "4.9333",
    "longitude": "-52.3333"
  },
  {
    "country_code": "GF",
    "zipcode": "97333 CEDEX",
    "place": "Cayenne",
    "state": "Guyane",
    "state_code": "GF",
    "province": "Guyane",
    "province_code": "973",
    "community": "Arrondissement de Cayenne",
    "community_code": "9731",
    "latitude": "4.9333",
    "longitude": "-52.3333"
  },
  {
    "country_code": "GF",
    "zipcode": "97334 CEDEX",
    "place": "Cayenne",
    "state": "Guyane",
    "state_code": "GF",
    "province": "Guyane",
    "province_code": "973",
    "community": "Arrondissement de Cayenne",
    "community_code": "9731",
    "latitude": "4.9333",
    "longitude": "-52.3333"
  },
  {
    "country_code": "GF",
    "zipcode": "97335 CEDEX",
    "place": "Cayenne",
    "state": "Guyane",
    "state_code": "GF",
    "province": "Guyane",
    "province_code": "973",
    "community": "Arrondissement de Cayenne",
    "community_code": "9731",
    "latitude": "4.9333",
    "longitude": "-52.3333"
  },
  {
    "country_code": "GF",
    "zipcode": "97336 CEDEX",
    "place": "Cayenne",
    "state": "Guyane",
    "state_code": "GF",
    "province": "Guyane",
    "province_code": "973",
    "community": "Arrondissement de Cayenne",
    "community_code": "9731",
    "latitude": "4.9333",
    "longitude": "-52.3333"
  },
  {
    "country_code": "GF",
    "zipcode": "97337 CEDEX",
    "place": "Cayenne",
    "state": "Guyane",
    "state_code": "GF",
    "province": "Guyane",
    "province_code": "973",
    "community": "Arrondissement de Cayenne",
    "community_code": "9731",
    "latitude": "4.9333",
    "longitude": "-52.3333"
  },
  {
    "country_code": "GF",
    "zipcode": "97338 CEDEX",
    "place": "Cayenne",
    "state": "Guyane",
    "state_code": "GF",
    "province": "Guyane",
    "province_code": "973",
    "community": "Arrondissement de Cayenne",
    "community_code": "9731",
    "latitude": "4.9333",
    "longitude": "-52.3333"
  },
  {
    "country_code": "GF",
    "zipcode": "97339 CEDEX",
    "place": "Cayenne",
    "state": "Guyane",
    "state_code": "GF",
    "province": "Guyane",
    "province_code": "973",
    "community": "Arrondissement de Cayenne",
    "community_code": "9731",
    "latitude": "4.9333",
    "longitude": "-52.3333"
  },
  {
    "country_code": "GF",
    "zipcode": "97340",
    "place": "Grand-Santi",
    "state": "Guyane",
    "state_code": "GF",
    "province": "Guyane",
    "province_code": "973",
    "community": "Arrondissement de Saint-Laurent-du-Maroni",
    "community_code": "9732",
    "latitude": "4.2729",
    "longitude": "-54.3815"
  },
  {
    "country_code": "GF",
    "zipcode": "97341 CEDEX",
    "place": "Cayenne",
    "state": "Guyane",
    "state_code": "GF",
    "province": "Guyane",
    "province_code": "973",
    "community": "Arrondissement de Cayenne",
    "community_code": "9731",
    "latitude": "4.9333",
    "longitude": "-52.3333"
  },
  {
    "country_code": "GF",
    "zipcode": "97342 CEDEX",
    "place": "Cayenne",
    "state": "Guyane",
    "state_code": "GF",
    "province": "Guyane",
    "province_code": "973",
    "community": "Arrondissement de Cayenne",
    "community_code": "9731",
    "latitude": "4.9333",
    "longitude": "-52.3333"
  },
  {
    "country_code": "GF",
    "zipcode": "97343 CEDEX",
    "place": "Cayenne",
    "state": "Guyane",
    "state_code": "GF",
    "province": "Guyane",
    "province_code": "973",
    "community": "Arrondissement de Cayenne",
    "community_code": "9731",
    "latitude": "4.9333",
    "longitude": "-52.3333"
  },
  {
    "country_code": "GF",
    "zipcode": "97344 CEDEX",
    "place": "Cayenne",
    "state": "Guyane",
    "state_code": "GF",
    "province": "Guyane",
    "province_code": "973",
    "community": "Arrondissement de Cayenne",
    "community_code": "9731",
    "latitude": "4.9333",
    "longitude": "-52.3333"
  },
  {
    "country_code": "GF",
    "zipcode": "97345 CEDEX",
    "place": "Cayenne",
    "state": "Guyane",
    "state_code": "GF",
    "province": "Guyane",
    "province_code": "973",
    "community": "Arrondissement de Cayenne",
    "community_code": "9731",
    "latitude": "4.9333",
    "longitude": "-52.3333"
  },
  {
    "country_code": "GF",
    "zipcode": "97346 CEDEX",
    "place": "Cayenne",
    "state": "Guyane",
    "state_code": "GF",
    "province": "Guyane",
    "province_code": "973",
    "community": "Arrondissement de Cayenne",
    "community_code": "9731",
    "latitude": "4.9333",
    "longitude": "-52.3333"
  },
  {
    "country_code": "GF",
    "zipcode": "97347 CEDEX",
    "place": "Cayenne",
    "state": "Guyane",
    "state_code": "GF",
    "province": "Guyane",
    "province_code": "973",
    "community": "Arrondissement de Cayenne",
    "community_code": "9731",
    "latitude": "4.9333",
    "longitude": "-52.3333"
  },
  {
    "country_code": "GF",
    "zipcode": "97350",
    "place": "Iracoubo",
    "state": "Guyane",
    "state_code": "GF",
    "province": "Guyane",
    "province_code": "973",
    "community": "Arrondissement de Cayenne",
    "community_code": "9731",
    "latitude": "5.4787",
    "longitude": "-53.2052"
  },
  {
    "country_code": "GF",
    "zipcode": "97351",
    "place": "Matoury",
    "state": "Guyane",
    "state_code": "GF",
    "province": "Guyane",
    "province_code": "973",
    "community": "Arrondissement de Cayenne",
    "community_code": "9731",
    "latitude": "4.8487",
    "longitude": "-52.3257"
  },
  {
    "country_code": "GF",
    "zipcode": "97352",
    "place": "Roura",
    "state": "Guyane",
    "state_code": "GF",
    "province": "Guyane",
    "province_code": "973",
    "community": "Arrondissement de Cayenne",
    "community_code": "9731",
    "latitude": "4.7252",
    "longitude": "-52.3262"
  },
  {
    "country_code": "GF",
    "zipcode": "97353",
    "place": "R\u00E9gina",
    "state": "Guyane",
    "state_code": "GF",
    "province": "Guyane",
    "province_code": "973",
    "community": "Arrondissement de Cayenne",
    "community_code": "9731",
    "latitude": "4.313",
    "longitude": "-52.1308"
  },
  {
    "country_code": "GF",
    "zipcode": "97354",
    "place": "R\u00E9mire-Montjoly",
    "state": "Guyane",
    "state_code": "GF",
    "province": "Guyane",
    "province_code": "973",
    "community": "Arrondissement de Cayenne",
    "community_code": "9731",
    "latitude": "4.9167",
    "longitude": "-52.2667"
  },
  {
    "country_code": "GF",
    "zipcode": "97355",
    "place": "Macouria",
    "state": "Guyane",
    "state_code": "GF",
    "province": "Guyane",
    "province_code": "973",
    "community": "Arrondissement de Cayenne",
    "community_code": "9731",
    "latitude": "5.0136",
    "longitude": "-52.4739"
  },
  {
    "country_code": "GF",
    "zipcode": "97356",
    "place": "Montsin\u00E9ry-Tonnegrande",
    "state": "Guyane",
    "state_code": "GF",
    "province": "Guyane",
    "province_code": "973",
    "community": "Arrondissement de Cayenne",
    "community_code": "9731",
    "latitude": "4.9",
    "longitude": "-52.5"
  },
  {
    "country_code": "GF",
    "zipcode": "97357 CEDEX",
    "place": "Matoury",
    "state": "Guyane",
    "state_code": "GF",
    "province": "Guyane",
    "province_code": "973",
    "community": "Arrondissement de Cayenne",
    "community_code": "9731",
    "latitude": "4.8487",
    "longitude": "-52.3257"
  },
  {
    "country_code": "GF",
    "zipcode": "97360",
    "place": "Mana",
    "state": "Guyane",
    "state_code": "GF",
    "province": "Guyane",
    "province_code": "973",
    "community": "Arrondissement de Saint-Laurent-du-Maroni",
    "community_code": "9732",
    "latitude": "5.6677",
    "longitude": "-53.7783"
  },
  {
    "country_code": "GF",
    "zipcode": "97370",
    "place": "Maripasoula",
    "state": "Guyane",
    "state_code": "GF",
    "province": "Guyane",
    "province_code": "973",
    "community": "Arrondissement de Saint-Laurent-du-Maroni",
    "community_code": "9732",
    "latitude": "3.6416",
    "longitude": "-54.0317"
  },
  {
    "country_code": "GF",
    "zipcode": "97371 CEDEX",
    "place": "Kourou",
    "state": "Guyane",
    "state_code": "GF",
    "province": "Guyane",
    "province_code": "973",
    "community": "Arrondissement de Cayenne",
    "community_code": "9731",
    "latitude": "5.1628",
    "longitude": "-52.6427"
  },
  {
    "country_code": "GF",
    "zipcode": "97372 CEDEX",
    "place": "Kourou",
    "state": "Guyane",
    "state_code": "GF",
    "province": "Guyane",
    "province_code": "973",
    "community": "Arrondissement de Cayenne",
    "community_code": "9731",
    "latitude": "5.1628",
    "longitude": "-52.6427"
  },
  {
    "country_code": "GF",
    "zipcode": "97373 CEDEX",
    "place": "Kourou",
    "state": "Guyane",
    "state_code": "GF",
    "province": "Guyane",
    "province_code": "973",
    "community": "Arrondissement de Cayenne",
    "community_code": "9731",
    "latitude": "5.1628",
    "longitude": "-52.6427"
  },
  {
    "country_code": "GF",
    "zipcode": "97374 CEDEX",
    "place": "Kourou",
    "state": "Guyane",
    "state_code": "GF",
    "province": "Guyane",
    "province_code": "973",
    "community": "Arrondissement de Cayenne",
    "community_code": "9731",
    "latitude": "5.1628",
    "longitude": "-52.6427"
  },
  {
    "country_code": "GF",
    "zipcode": "97375 CEDEX",
    "place": "Kourou",
    "state": "Guyane",
    "state_code": "GF",
    "province": "Guyane",
    "province_code": "973",
    "community": "Arrondissement de Cayenne",
    "community_code": "9731",
    "latitude": "5.1628",
    "longitude": "-52.6427"
  },
  {
    "country_code": "GF",
    "zipcode": "97376 CEDEX",
    "place": "Kourou",
    "state": "Guyane",
    "state_code": "GF",
    "province": "Guyane",
    "province_code": "973",
    "community": "Arrondissement de Cayenne",
    "community_code": "9731",
    "latitude": "5.1628",
    "longitude": "-52.6427"
  },
  {
    "country_code": "GF",
    "zipcode": "97377 CEDEX",
    "place": "Kourou",
    "state": "Guyane",
    "state_code": "GF",
    "province": "Guyane",
    "province_code": "973",
    "community": "Arrondissement de Cayenne",
    "community_code": "9731",
    "latitude": "5.1628",
    "longitude": "-52.6427"
  },
  {
    "country_code": "GF",
    "zipcode": "97378 CEDEX",
    "place": "Kourou",
    "state": "Guyane",
    "state_code": "GF",
    "province": "Guyane",
    "province_code": "973",
    "community": "Arrondissement de Cayenne",
    "community_code": "9731",
    "latitude": "5.1628",
    "longitude": "-52.6427"
  },
  {
    "country_code": "GF",
    "zipcode": "97379 CEDEX",
    "place": "Kourou",
    "state": "Guyane",
    "state_code": "GF",
    "province": "Guyane",
    "province_code": "973",
    "community": "Arrondissement de Cayenne",
    "community_code": "9731",
    "latitude": "5.1628",
    "longitude": "-52.6427"
  },
  {
    "country_code": "GF",
    "zipcode": "97380",
    "place": "Ouanary",
    "state": "Guyane",
    "state_code": "GF",
    "province": "Guyane",
    "province_code": "973",
    "community": "Arrondissement de Cayenne",
    "community_code": "9731",
    "latitude": "4.2087",
    "longitude": "-51.6741"
  },
  {
    "country_code": "GF",
    "zipcode": "97381 CEDEX",
    "place": "Kourou",
    "state": "Guyane",
    "state_code": "GF",
    "province": "Guyane",
    "province_code": "973",
    "community": "Arrondissement de Cayenne",
    "community_code": "9731",
    "latitude": "5.1628",
    "longitude": "-52.6427"
  },
  {
    "country_code": "GF",
    "zipcode": "97382 CEDEX",
    "place": "Kourou",
    "state": "Guyane",
    "state_code": "GF",
    "province": "Guyane",
    "province_code": "973",
    "community": "Arrondissement de Cayenne",
    "community_code": "9731",
    "latitude": "5.1628",
    "longitude": "-52.6427"
  },
  {
    "country_code": "GF",
    "zipcode": "97383 CEDEX",
    "place": "Kourou",
    "state": "Guyane",
    "state_code": "GF",
    "province": "Guyane",
    "province_code": "973",
    "community": "Arrondissement de Cayenne",
    "community_code": "9731",
    "latitude": "5.1628",
    "longitude": "-52.6427"
  },
  {
    "country_code": "GF",
    "zipcode": "97384 CEDEX",
    "place": "Kourou",
    "state": "Guyane",
    "state_code": "GF",
    "province": "Guyane",
    "province_code": "973",
    "community": "Arrondissement de Cayenne",
    "community_code": "9731",
    "latitude": "5.1628",
    "longitude": "-52.6427"
  },
  {
    "country_code": "GF",
    "zipcode": "97387 CEDEX",
    "place": "Kourou",
    "state": "Guyane",
    "state_code": "GF",
    "province": "Guyane",
    "province_code": "973",
    "community": "Arrondissement de Cayenne",
    "community_code": "9731",
    "latitude": "5.1628",
    "longitude": "-52.6427"
  },
  {
    "country_code": "GF",
    "zipcode": "97388 CEDEX",
    "place": "Kourou",
    "state": "Guyane",
    "state_code": "GF",
    "province": "Guyane",
    "province_code": "973",
    "community": "Arrondissement de Cayenne",
    "community_code": "9731",
    "latitude": "5.1628",
    "longitude": "-52.6427"
  },
  {
    "country_code": "GF",
    "zipcode": "97389 CEDEX",
    "place": "Kourou",
    "state": "Guyane",
    "state_code": "GF",
    "province": "Guyane",
    "province_code": "973",
    "community": "Arrondissement de Cayenne",
    "community_code": "9731",
    "latitude": "5.1628",
    "longitude": "-52.6427"
  },
  {
    "country_code": "GF",
    "zipcode": "97390",
    "place": "R\u00E9gina",
    "state": "Guyane",
    "state_code": "GF",
    "province": "Guyane",
    "province_code": "973",
    "community": "Arrondissement de Cayenne",
    "community_code": "9731",
    "latitude": "4.313",
    "longitude": "-52.1308"
  },
  {
    "country_code": "GF",
    "zipcode": "97391 CEDEX 2",
    "place": "Cayenne",
    "state": "Guyane",
    "state_code": "GF",
    "province": "Guyane",
    "province_code": "973",
    "community": "Arrondissement de Cayenne",
    "community_code": "9731",
    "latitude": "4.9333",
    "longitude": "-52.3333"
  },
  {
    "country_code": "GF",
    "zipcode": "97392 CEDEX 2",
    "place": "Cayenne",
    "state": "Guyane",
    "state_code": "GF",
    "province": "Guyane",
    "province_code": "973",
    "community": "Arrondissement de Cayenne",
    "community_code": "9731",
    "latitude": "4.9333",
    "longitude": "-52.3333"
  },
  {
    "country_code": "GF",
    "zipcode": "97393 CEDEX",
    "place": "Saint-Laurent-du-Maroni",
    "state": "Guyane",
    "state_code": "GF",
    "province": "Guyane",
    "province_code": "973",
    "community": "Arrondissement de Saint-Laurent-du-Maroni",
    "community_code": "9732",
    "latitude": "5.501",
    "longitude": "-54.0294"
  },
  {
    "country_code": "GF",
    "zipcode": "97394 CEDEX",
    "place": "R\u00E9mire-Montjoly",
    "state": "Guyane",
    "state_code": "GF",
    "province": "Guyane",
    "province_code": "973",
    "community": "Arrondissement de Cayenne",
    "community_code": "9731",
    "latitude": "4.9167",
    "longitude": "-52.2667"
  },
  {
    "country_code": "GF",
    "zipcode": "97399 CEDEX",
    "place": "Cayenne",
    "state": "Guyane",
    "state_code": "GF",
    "province": "Guyane",
    "province_code": "973",
    "community": "Arrondissement de Cayenne",
    "community_code": "9731",
    "latitude": "4.9333",
    "longitude": "-52.3333"
  }
]