<zipcodes>
  <object>
    <country_code>MQ</country_code>
    <zipcode>97200</zipcode>
    <place>Fort-de-France</place>
    <state>Martinique</state>
    <state_code>MQ</state_code>
    <province>Martinique</province>
    <province_code>972</province_code>
    <community>Arrondissement de Fort-de-France</community>
    <community_code>9721</community_code>
    <latitude>14.6089</latitude>
    <longitude>-61.0733</longitude>
  </object>
  <object>
    <country_code>MQ</country_code>
    <zipcode>97201 CEDEX</zipcode>
    <place>Fort-de-France</place>
    <state>Martinique</state>
    <state_code>MQ</state_code>
    <province>Martinique</province>
    <province_code>972</province_code>
    <community>Arrondissement de Fort-de-France</community>
    <community_code>9721</community_code>
    <latitude>14.6089</latitude>
    <longitude>-61.0733</longitude>
  </object>
  <object>
    <country_code>MQ</country_code>
    <zipcode>97202 CEDEX</zipcode>
    <place>Fort-de-France</place>
    <state>Martinique</state>
    <state_code>MQ</state_code>
    <province>Martinique</province>
    <province_code>972</province_code>
    <community>Arrondissement de Fort-de-France</community>
    <community_code>9721</community_code>
    <latitude>14.6089</latitude>
    <longitude>-61.0733</longitude>
  </object>
  <object>
    <country_code>MQ</country_code>
    <zipcode>97203 CEDEX</zipcode>
    <place>Fort-de-France</place>
    <state>Martinique</state>
    <state_code>MQ</state_code>
    <province>Martinique</province>
    <province_code>972</province_code>
    <community>Arrondissement de Fort-de-France</community>
    <community_code>9721</community_code>
    <latitude>14.6089</latitude>
    <longitude>-61.0733</longitude>
  </object>
  <object>
    <country_code>MQ</country_code>
    <zipcode>97204 CEDEX</zipcode>
    <place>Fort-de-France</place>
    <state>Martinique</state>
    <state_code>MQ</state_code>
    <province>Martinique</province>
    <province_code>972</province_code>
    <community>Arrondissement de Fort-de-France</community>
    <community_code>9721</community_code>
    <latitude>14.6089</latitude>
    <longitude>-61.0733</longitude>
  </object>
  <object>
    <country_code>MQ</country_code>
    <zipcode>97205 CEDEX</zipcode>
    <place>Fort-de-France</place>
    <state>Martinique</state>
    <state_code>MQ</state_code>
    <province>Martinique</province>
    <province_code>972</province_code>
    <community>Arrondissement de Fort-de-France</community>
    <community_code>9721</community_code>
    <latitude>14.6089</latitude>
    <longitude>-61.0733</longitude>
  </object>
  <object>
    <country_code>MQ</country_code>
    <zipcode>97206 CEDEX</zipcode>
    <place>Fort-de-France</place>
    <state>Martinique</state>
    <state_code>MQ</state_code>
    <province>Martinique</province>
    <province_code>972</province_code>
    <community>Arrondissement de Fort-de-France</community>
    <community_code>9721</community_code>
    <latitude>14.6089</latitude>
    <longitude>-61.0733</longitude>
  </object>
  <object>
    <country_code>MQ</country_code>
    <zipcode>97207 CEDEX</zipcode>
    <place>Fort-de-France</place>
    <state>Martinique</state>
    <state_code>MQ</state_code>
    <province>Martinique</province>
    <province_code>972</province_code>
    <community>Arrondissement de Fort-de-France</community>
    <community_code>9721</community_code>
    <latitude>14.6089</latitude>
    <longitude>-61.0733</longitude>
  </object>
  <object>
    <country_code>MQ</country_code>
    <zipcode>97208 CEDEX</zipcode>
    <place>Fort-de-France</place>
    <state>Martinique</state>
    <state_code>MQ</state_code>
    <province>Martinique</province>
    <province_code>972</province_code>
    <community>Arrondissement de Fort-de-France</community>
    <community_code>9721</community_code>
    <latitude>14.6089</latitude>
    <longitude>-61.0733</longitude>
  </object>
  <object>
    <country_code>MQ</country_code>
    <zipcode>97209 CEDEX</zipcode>
    <place>Fort-de-France</place>
    <state>Martinique</state>
    <state_code>MQ</state_code>
    <province>Martinique</province>
    <province_code>972</province_code>
    <community>Arrondissement de Fort-de-France</community>
    <community_code>9721</community_code>
    <latitude>14.6089</latitude>
    <longitude>-61.0733</longitude>
  </object>
  <object>
    <country_code>MQ</country_code>
    <zipcode>97210 CEDEX 2</zipcode>
    <place>Le Lamentin</place>
    <state>Martinique</state>
    <state_code>MQ</state_code>
    <province>Martinique</province>
    <province_code>972</province_code>
    <community>Arrondissement de Fort-de-France</community>
    <community_code>9721</community_code>
    <latitude>14.608</latitude>
    <longitude>-61.0093</longitude>
  </object>
  <object>
    <country_code>MQ</country_code>
    <zipcode>97211</zipcode>
    <place>Rivière-Pilote</place>
    <state>Martinique</state>
    <state_code>MQ</state_code>
    <province>Martinique</province>
    <province_code>972</province_code>
    <community>Arrondissement du Marin</community>
    <community_code>9723</community_code>
    <latitude>14.4775</latitude>
    <longitude>-60.9035</longitude>
  </object>
  <object>
    <country_code>MQ</country_code>
    <zipcode>97212</zipcode>
    <place>Saint-Joseph</place>
    <state>Martinique</state>
    <state_code>MQ</state_code>
    <province>Martinique</province>
    <province_code>972</province_code>
    <community>Arrondissement de Fort-de-France</community>
    <community_code>9721</community_code>
    <latitude>14.671</latitude>
    <longitude>-61.0391</longitude>
  </object>
  <object>
    <country_code>MQ</country_code>
    <zipcode>97213</zipcode>
    <place>Le Gros-Morne</place>
    <state>Martinique</state>
    <state_code>MQ</state_code>
    <province>Martinique</province>
    <province_code>972</province_code>
    <community>Arrondissement de La Trinité</community>
    <community_code>9722</community_code>
    <latitude>14.7</latitude>
    <longitude>-61</longitude>
  </object>
  <object>
    <country_code>MQ</country_code>
    <zipcode>97214</zipcode>
    <place>Le Lorrain</place>
    <state>Martinique</state>
    <state_code>MQ</state_code>
    <province>Martinique</province>
    <province_code>972</province_code>
    <community>Arrondissement de La Trinité</community>
    <community_code>9722</community_code>
    <latitude>14.8329</latitude>
    <longitude>-61.0567</longitude>
  </object>
  <object>
    <country_code>MQ</country_code>
    <zipcode>97215</zipcode>
    <place>Rivière-Salée</place>
    <state>Martinique</state>
    <state_code>MQ</state_code>
    <province>Martinique</province>
    <province_code>972</province_code>
    <community>Arrondissement du Marin</community>
    <community_code>9723</community_code>
    <latitude>14.5272</latitude>
    <longitude>-60.9781</longitude>
  </object>
  <object>
    <country_code>MQ</country_code>
    <zipcode>97216</zipcode>
    <place>L'Ajoupa-Bouillon</place>
    <state>Martinique</state>
    <state_code>MQ</state_code>
    <province>Martinique</province>
    <province_code>972</province_code>
    <community>Arrondissement de La Trinité</community>
    <community_code>9722</community_code>
    <latitude>14.8167</latitude>
    <longitude>-61.1167</longitude>
  </object>
  <object>
    <country_code>MQ</country_code>
    <zipcode>97217</zipcode>
    <place>Les Anses-d'Arlet</place>
    <state>Martinique</state>
    <state_code>MQ</state_code>
    <province>Martinique</province>
    <province_code>972</province_code>
    <community>Arrondissement du Marin</community>
    <community_code>9723</community_code>
    <latitude>14.4833</latitude>
    <longitude>-61.0833</longitude>
  </object>
  <object>
    <country_code>MQ</country_code>
    <zipcode>97218</zipcode>
    <place>Basse-Pointe</place>
    <state>Martinique</state>
    <state_code>MQ</state_code>
    <province>Martinique</province>
    <province_code>972</province_code>
    <community>Arrondissement de La Trinité</community>
    <community_code>9722</community_code>
    <latitude>14.8695</latitude>
    <longitude>-61.115</longitude>
  </object>
  <object>
    <country_code>MQ</country_code>
    <zipcode>97218</zipcode>
    <place>Grand'Rivière</place>
    <state>Martinique</state>
    <state_code>MQ</state_code>
    <province>Martinique</province>
    <province_code>972</province_code>
    <community>Arrondissement de La Trinité</community>
    <community_code>9722</community_code>
    <latitude>14.8735</latitude>
    <longitude>-61.1795</longitude>
  </object>
  <object>
    <country_code>MQ</country_code>
    <zipcode>97218</zipcode>
    <place>Macouba</place>
    <state>Martinique</state>
    <state_code>MQ</state_code>
    <province>Martinique</province>
    <province_code>972</province_code>
    <community>Arrondissement de La Trinité</community>
    <community_code>9722</community_code>
    <latitude>14.8764</latitude>
    <longitude>-61.142</longitude>
  </object>
  <object>
    <country_code>MQ</country_code>
    <zipcode>97219 CEDEX</zipcode>
    <place>Fort-de-France</place>
    <state>Martinique</state>
    <state_code>MQ</state_code>
    <province>Martinique</province>
    <province_code>972</province_code>
    <community>Arrondissement de Fort-de-France</community>
    <community_code>9721</community_code>
    <latitude>14.6089</latitude>
    <longitude>-61.0733</longitude>
  </object>
  <object>
    <country_code>MQ</country_code>
    <zipcode>97220</zipcode>
    <place>La Trinité</place>
    <state>Martinique</state>
    <state_code>MQ</state_code>
    <province>Martinique</province>
    <province_code>972</province_code>
    <community>Arrondissement de La Trinité</community>
    <community_code>9722</community_code>
    <latitude>14.7376</latitude>
    <longitude>-60.9629</longitude>
  </object>
  <object>
    <country_code>MQ</country_code>
    <zipcode>97221</zipcode>
    <place>Le Carbet</place>
    <state>Martinique</state>
    <state_code>MQ</state_code>
    <province>Martinique</province>
    <province_code>972</province_code>
    <community>Arrondissement de Saint-Pierre</community>
    <community_code>9724</community_code>
    <latitude>14.7103</latitude>
    <longitude>-61.1824</longitude>
  </object>
  <object>
    <country_code>MQ</country_code>
    <zipcode>97222</zipcode>
    <place>Case-Pilote</place>
    <state>Martinique</state>
    <state_code>MQ</state_code>
    <province>Martinique</province>
    <province_code>972</province_code>
    <community>Arrondissement de Saint-Pierre</community>
    <community_code>9724</community_code>
    <latitude>14.6428</latitude>
    <longitude>-61.1385</longitude>
  </object>
  <object>
    <country_code>MQ</country_code>
    <zipcode>97222</zipcode>
    <place>Bellefontaine</place>
    <state>Martinique</state>
    <state_code>MQ</state_code>
    <province>Martinique</province>
    <province_code>972</province_code>
    <community>Arrondissement de Saint-Pierre</community>
    <community_code>9724</community_code>
    <latitude>14.6731</latitude>
    <longitude>-61.164</longitude>
  </object>
  <object>
    <country_code>MQ</country_code>
    <zipcode>97223</zipcode>
    <place>Le Diamant</place>
    <state>Martinique</state>
    <state_code>MQ</state_code>
    <province>Martinique</province>
    <province_code>972</province_code>
    <community>Arrondissement du Marin</community>
    <community_code>9723</community_code>
    <latitude>14.4795</latitude>
    <longitude>-61.027</longitude>
  </object>
  <object>
    <country_code>MQ</country_code>
    <zipcode>97224</zipcode>
    <place>Ducos</place>
    <state>Martinique</state>
    <state_code>MQ</state_code>
    <province>Martinique</province>
    <province_code>972</province_code>
    <community>Arrondissement du Marin</community>
    <community_code>9723</community_code>
    <latitude>14.5753</latitude>
    <longitude>-60.9745</longitude>
  </object>
  <object>
    <country_code>MQ</country_code>
    <zipcode>97225</zipcode>
    <place>Le Marigot</place>
    <state>Martinique</state>
    <state_code>MQ</state_code>
    <province>Martinique</province>
    <province_code>972</province_code>
    <community>Arrondissement de La Trinité</community>
    <community_code>9722</community_code>
    <latitude>14.8225</latitude>
    <longitude>-61.0313</longitude>
  </object>
  <object>
    <country_code>MQ</country_code>
    <zipcode>97226</zipcode>
    <place>Le Morne-Vert</place>
    <state>Martinique</state>
    <state_code>MQ</state_code>
    <province>Martinique</province>
    <province_code>972</province_code>
    <community>Arrondissement de Saint-Pierre</community>
    <community_code>9724</community_code>
    <latitude>14.707</latitude>
    <longitude>-61.1462</longitude>
  </object>
  <object>
    <country_code>MQ</country_code>
    <zipcode>97227</zipcode>
    <place>Sainte-Anne</place>
    <state>Martinique</state>
    <state_code>MQ</state_code>
    <province>Martinique</province>
    <province_code>972</province_code>
    <community>Arrondissement du Marin</community>
    <community_code>9723</community_code>
    <latitude>14.4331</latitude>
    <longitude>-60.8811</longitude>
  </object>
  <object>
    <country_code>MQ</country_code>
    <zipcode>97228</zipcode>
    <place>Sainte-Luce</place>
    <state>Martinique</state>
    <state_code>MQ</state_code>
    <province>Martinique</province>
    <province_code>972</province_code>
    <community>Arrondissement du Marin</community>
    <community_code>9723</community_code>
    <latitude>14.4673</latitude>
    <longitude>-60.9271</longitude>
  </object>
  <object>
    <country_code>MQ</country_code>
    <zipcode>97229</zipcode>
    <place>Les Trois-Îlets</place>
    <state>Martinique</state>
    <state_code>MQ</state_code>
    <province>Martinique</province>
    <province_code>972</province_code>
    <community>Arrondissement du Marin</community>
    <community_code>9723</community_code>
    <latitude>14.539</latitude>
    <longitude>-61.0361</longitude>
  </object>
  <object>
    <country_code>MQ</country_code>
    <zipcode>97230</zipcode>
    <place>Sainte-Marie</place>
    <state>Martinique</state>
    <state_code>MQ</state_code>
    <province>Martinique</province>
    <province_code>972</province_code>
    <community>Arrondissement de La Trinité</community>
    <community_code>9722</community_code>
    <latitude>14.7839</latitude>
    <longitude>-60.9927</longitude>
  </object>
  <object>
    <country_code>MQ</country_code>
    <zipcode>97231</zipcode>
    <place>Le Robert</place>
    <state>Martinique</state>
    <state_code>MQ</state_code>
    <province>Martinique</province>
    <province_code>972</province_code>
    <community>Arrondissement de La Trinité</community>
    <community_code>9722</community_code>
    <latitude>14.6775</latitude>
    <longitude>-60.9423</longitude>
  </object>
  <object>
    <country_code>MQ</country_code>
    <zipcode>97232</zipcode>
    <place>Le Lamentin</place>
    <state>Martinique</state>
    <state_code>MQ</state_code>
    <province>Martinique</province>
    <province_code>972</province_code>
    <community>Arrondissement de Fort-de-France</community>
    <community_code>9721</community_code>
    <latitude>14.608</latitude>
    <longitude>-61.0093</longitude>
  </object>
  <object>
    <country_code>MQ</country_code>
    <zipcode>97233</zipcode>
    <place>Schoelcher</place>
    <state>Martinique</state>
    <state_code>MQ</state_code>
    <province>Martinique</province>
    <province_code>972</province_code>
    <community>Arrondissement de Fort-de-France</community>
    <community_code>9721</community_code>
    <latitude>14.6177</latitude>
    <longitude>-61.099</longitude>
  </object>
  <object>
    <country_code>MQ</country_code>
    <zipcode>97234</zipcode>
    <place>Fort-de-France</place>
    <state>Martinique</state>
    <state_code>MQ</state_code>
    <province>Martinique</province>
    <province_code>972</province_code>
    <community>Arrondissement de Fort-de-France</community>
    <community_code>9721</community_code>
    <latitude>14.6089</latitude>
    <longitude>-61.0733</longitude>
  </object>
  <object>
    <country_code>MQ</country_code>
    <zipcode>97240</zipcode>
    <place>Le François</place>
    <state>Martinique</state>
    <state_code>MQ</state_code>
    <province>Martinique</province>
    <province_code>972</province_code>
    <community>Arrondissement du Marin</community>
    <community_code>9723</community_code>
    <latitude>14.6156</latitude>
    <longitude>-60.9031</longitude>
  </object>
  <object>
    <country_code>MQ</country_code>
    <zipcode>97241 CEDEX</zipcode>
    <place>Fort-de-France</place>
    <state>Martinique</state>
    <state_code>MQ</state_code>
    <province>Martinique</province>
    <province_code>972</province_code>
    <community>Arrondissement de Fort-de-France</community>
    <community_code>9721</community_code>
    <latitude>14.6089</latitude>
    <longitude>-61.0733</longitude>
  </object>
  <object>
    <country_code>MQ</country_code>
    <zipcode>97242 CEDEX</zipcode>
    <place>Fort-de-France</place>
    <state>Martinique</state>
    <state_code>MQ</state_code>
    <province>Martinique</province>
    <province_code>972</province_code>
    <community>Arrondissement de Fort-de-France</community>
    <community_code>9721</community_code>
    <latitude>14.6089</latitude>
    <longitude>-61.0733</longitude>
  </object>
  <object>
    <country_code>MQ</country_code>
    <zipcode>97243 CEDEX</zipcode>
    <place>Fort-de-France</place>
    <state>Martinique</state>
    <state_code>MQ</state_code>
    <province>Martinique</province>
    <province_code>972</province_code>
    <community>Arrondissement de Fort-de-France</community>
    <community_code>9721</community_code>
    <latitude>14.6089</latitude>
    <longitude>-61.0733</longitude>
  </object>
  <object>
    <country_code>MQ</country_code>
    <zipcode>97244 CEDEX</zipcode>
    <place>Fort-de-France</place>
    <state>Martinique</state>
    <state_code>MQ</state_code>
    <province>Martinique</province>
    <province_code>972</province_code>
    <community>Arrondissement de Fort-de-France</community>
    <community_code>9721</community_code>
    <latitude>14.6089</latitude>
    <longitude>-61.0733</longitude>
  </object>
  <object>
    <country_code>MQ</country_code>
    <zipcode>97245 CEDEX</zipcode>
    <place>Fort-de-France</place>
    <state>Martinique</state>
    <state_code>MQ</state_code>
    <province>Martinique</province>
    <province_code>972</province_code>
    <community>Arrondissement de Fort-de-France</community>
    <community_code>9721</community_code>
    <latitude>14.6089</latitude>
    <longitude>-61.0733</longitude>
  </object>
  <object>
    <country_code>MQ</country_code>
    <zipcode>97246 CEDEX</zipcode>
    <place>Fort-de-France</place>
    <state>Martinique</state>
    <state_code>MQ</state_code>
    <province>Martinique</province>
    <province_code>972</province_code>
    <community>Arrondissement de Fort-de-France</community>
    <community_code>9721</community_code>
    <latitude>14.6089</latitude>
    <longitude>-61.0733</longitude>
  </object>
  <object>
    <country_code>MQ</country_code>
    <zipcode>97247 CEDEX</zipcode>
    <place>Fort-de-France</place>
    <state>Martinique</state>
    <state_code>MQ</state_code>
    <province>Martinique</province>
    <province_code>972</province_code>
    <community>Arrondissement de Fort-de-France</community>
    <community_code>9721</community_code>
    <latitude>14.6089</latitude>
    <longitude>-61.0733</longitude>
  </object>
  <object>
    <country_code>MQ</country_code>
    <zipcode>97248 CEDEX</zipcode>
    <place>Fort-de-France</place>
    <state>Martinique</state>
    <state_code>MQ</state_code>
    <province>Martinique</province>
    <province_code>972</province_code>
    <community>Arrondissement de Fort-de-France</community>
    <community_code>9721</community_code>
    <latitude>14.6089</latitude>
    <longitude>-61.0733</longitude>
  </object>
  <object>
    <country_code>MQ</country_code>
    <zipcode>97249 CEDEX</zipcode>
    <place>Fort-de-France</place>
    <state>Martinique</state>
    <state_code>MQ</state_code>
    <province>Martinique</province>
    <province_code>972</province_code>
    <community>Arrondissement de Fort-de-France</community>
    <community_code>9721</community_code>
    <latitude>14.6089</latitude>
    <longitude>-61.0733</longitude>
  </object>
  <object>
    <country_code>MQ</country_code>
    <zipcode>97250</zipcode>
    <place>Fonds-Saint-Denis</place>
    <state>Martinique</state>
    <state_code>MQ</state_code>
    <province>Martinique</province>
    <province_code>972</province_code>
    <community>Arrondissement de Saint-Pierre</community>
    <community_code>9724</community_code>
    <latitude>14.7333</latitude>
    <longitude>-61.1333</longitude>
  </object>
  <object>
    <country_code>MQ</country_code>
    <zipcode>97250</zipcode>
    <place>Saint-Pierre</place>
    <state>Martinique</state>
    <state_code>MQ</state_code>
    <province>Martinique</province>
    <province_code>972</province_code>
    <community>Arrondissement de Saint-Pierre</community>
    <community_code>9724</community_code>
    <latitude>14.7438</latitude>
    <longitude>-61.1753</longitude>
  </object>
  <object>
    <country_code>MQ</country_code>
    <zipcode>97250</zipcode>
    <place>Le Prêcheur</place>
    <state>Martinique</state>
    <state_code>MQ</state_code>
    <province>Martinique</province>
    <province_code>972</province_code>
    <community>Arrondissement de Saint-Pierre</community>
    <community_code>9724</community_code>
    <latitude>14.8017</latitude>
    <longitude>-61.2247</longitude>
  </object>
  <object>
    <country_code>MQ</country_code>
    <zipcode>97251 CEDEX</zipcode>
    <place>Fort-de-France</place>
    <state>Martinique</state>
    <state_code>MQ</state_code>
    <province>Martinique</province>
    <province_code>972</province_code>
    <community>Arrondissement de Fort-de-France</community>
    <community_code>9721</community_code>
    <latitude>14.6089</latitude>
    <longitude>-61.0733</longitude>
  </object>
  <object>
    <country_code>MQ</country_code>
    <zipcode>97252 CEDEX</zipcode>
    <place>Fort-de-France</place>
    <state>Martinique</state>
    <state_code>MQ</state_code>
    <province>Martinique</province>
    <province_code>972</province_code>
    <community>Arrondissement de Fort-de-France</community>
    <community_code>9721</community_code>
    <latitude>14.6089</latitude>
    <longitude>-61.0733</longitude>
  </object>
  <object>
    <country_code>MQ</country_code>
    <zipcode>97253 CEDEX</zipcode>
    <place>Fort-de-France</place>
    <state>Martinique</state>
    <state_code>MQ</state_code>
    <province>Martinique</province>
    <province_code>972</province_code>
    <community>Arrondissement de Fort-de-France</community>
    <community_code>9721</community_code>
    <latitude>14.6089</latitude>
    <longitude>-61.0733</longitude>
  </object>
  <object>
    <country_code>MQ</country_code>
    <zipcode>97254 CEDEX</zipcode>
    <place>Fort-de-France</place>
    <state>Martinique</state>
    <state_code>MQ</state_code>
    <province>Martinique</province>
    <province_code>972</province_code>
    <community>Arrondissement de Fort-de-France</community>
    <community_code>9721</community_code>
    <latitude>14.6089</latitude>
    <longitude>-61.0733</longitude>
  </object>
  <object>
    <country_code>MQ</country_code>
    <zipcode>97255 CEDEX</zipcode>
    <place>Fort-de-France</place>
    <state>Martinique</state>
    <state_code>MQ</state_code>
    <province>Martinique</province>
    <province_code>972</province_code>
    <community>Arrondissement de Fort-de-France</community>
    <community_code>9721</community_code>
    <latitude>14.6089</latitude>
    <longitude>-61.0733</longitude>
  </object>
  <object>
    <country_code>MQ</country_code>
    <zipcode>97256 CEDEX</zipcode>
    <place>Fort-de-France</place>
    <state>Martinique</state>
    <state_code>MQ</state_code>
    <province>Martinique</province>
    <province_code>972</province_code>
    <community>Arrondissement de Fort-de-France</community>
    <community_code>9721</community_code>
    <latitude>14.6089</latitude>
    <longitude>-61.0733</longitude>
  </object>
  <object>
    <country_code>MQ</country_code>
    <zipcode>97257 CEDEX</zipcode>
    <place>Fort-de-France</place>
    <state>Martinique</state>
    <state_code>MQ</state_code>
    <province>Martinique</province>
    <province_code>972</province_code>
    <community>Arrondissement de Fort-de-France</community>
    <community_code>9721</community_code>
    <latitude>14.6089</latitude>
    <longitude>-61.0733</longitude>
  </object>
  <object>
    <country_code>MQ</country_code>
    <zipcode>97258 CEDEX</zipcode>
    <place>Fort-de-France</place>
    <state>Martinique</state>
    <state_code>MQ</state_code>
    <province>Martinique</province>
    <province_code>972</province_code>
    <community>Arrondissement de Fort-de-France</community>
    <community_code>9721</community_code>
    <latitude>14.6089</latitude>
    <longitude>-61.0733</longitude>
  </object>
  <object>
    <country_code>MQ</country_code>
    <zipcode>97259 CEDEX</zipcode>
    <place>Fort-de-France</place>
    <state>Martinique</state>
    <state_code>MQ</state_code>
    <province>Martinique</province>
    <province_code>972</province_code>
    <community>Arrondissement de Fort-de-France</community>
    <community_code>9721</community_code>
    <latitude>14.6089</latitude>
    <longitude>-61.0733</longitude>
  </object>
  <object>
    <country_code>MQ</country_code>
    <zipcode>97260</zipcode>
    <place>Le Morne-Rouge</place>
    <state>Martinique</state>
    <state_code>MQ</state_code>
    <province>Martinique</province>
    <province_code>972</province_code>
    <community>Arrondissement de Saint-Pierre</community>
    <community_code>9724</community_code>
    <latitude>14.7667</latitude>
    <longitude>-61.1333</longitude>
  </object>
  <object>
    <country_code>MQ</country_code>
    <zipcode>97261 CEDEX</zipcode>
    <place>Fort-de-France</place>
    <state>Martinique</state>
    <state_code>MQ</state_code>
    <province>Martinique</province>
    <province_code>972</province_code>
    <community>Arrondissement de Fort-de-France</community>
    <community_code>9721</community_code>
    <latitude>14.6089</latitude>
    <longitude>-61.0733</longitude>
  </object>
  <object>
    <country_code>MQ</country_code>
    <zipcode>97262 CEDEX</zipcode>
    <place>Fort-de-France</place>
    <state>Martinique</state>
    <state_code>MQ</state_code>
    <province>Martinique</province>
    <province_code>972</province_code>
    <community>Arrondissement de Fort-de-France</community>
    <community_code>9721</community_code>
    <latitude>14.6089</latitude>
    <longitude>-61.0733</longitude>
  </object>
  <object>
    <country_code>MQ</country_code>
    <zipcode>97263 CEDEX</zipcode>
    <place>Fort-de-France</place>
    <state>Martinique</state>
    <state_code>MQ</state_code>
    <province>Martinique</province>
    <province_code>972</province_code>
    <community>Arrondissement de Fort-de-France</community>
    <community_code>9721</community_code>
    <latitude>14.6089</latitude>
    <longitude>-61.0733</longitude>
  </object>
  <object>
    <country_code>MQ</country_code>
    <zipcode>97264 CEDEX</zipcode>
    <place>Fort-de-France</place>
    <state>Martinique</state>
    <state_code>MQ</state_code>
    <province>Martinique</province>
    <province_code>972</province_code>
    <community>Arrondissement de Fort-de-France</community>
    <community_code>9721</community_code>
    <latitude>14.6089</latitude>
    <longitude>-61.0733</longitude>
  </object>
  <object>
    <country_code>MQ</country_code>
    <zipcode>97265 CEDEX</zipcode>
    <place>Fort-de-France</place>
    <state>Martinique</state>
    <state_code>MQ</state_code>
    <province>Martinique</province>
    <province_code>972</province_code>
    <community>Arrondissement de Fort-de-France</community>
    <community_code>9721</community_code>
    <latitude>14.6089</latitude>
    <longitude>-61.0733</longitude>
  </object>
  <object>
    <country_code>MQ</country_code>
    <zipcode>97266 CEDEX</zipcode>
    <place>Fort-de-France</place>
    <state>Martinique</state>
    <state_code>MQ</state_code>
    <province>Martinique</province>
    <province_code>972</province_code>
    <community>Arrondissement de Fort-de-France</community>
    <community_code>9721</community_code>
    <latitude>14.6089</latitude>
    <longitude>-61.0733</longitude>
  </object>
  <object>
    <country_code>MQ</country_code>
    <zipcode>97267 CEDEX</zipcode>
    <place>Fort-de-France</place>
    <state>Martinique</state>
    <state_code>MQ</state_code>
    <province>Martinique</province>
    <province_code>972</province_code>
    <community>Arrondissement de Fort-de-France</community>
    <community_code>9721</community_code>
    <latitude>14.6089</latitude>
    <longitude>-61.0733</longitude>
  </object>
  <object>
    <country_code>MQ</country_code>
    <zipcode>97268 CEDEX</zipcode>
    <place>Fort-de-France</place>
    <state>Martinique</state>
    <state_code>MQ</state_code>
    <province>Martinique</province>
    <province_code>972</province_code>
    <community>Arrondissement de Fort-de-France</community>
    <community_code>9721</community_code>
    <latitude>14.6089</latitude>
    <longitude>-61.0733</longitude>
  </object>
  <object>
    <country_code>MQ</country_code>
    <zipcode>97269 CEDEX</zipcode>
    <place>Fort-de-France</place>
    <state>Martinique</state>
    <state_code>MQ</state_code>
    <province>Martinique</province>
    <province_code>972</province_code>
    <community>Arrondissement de Fort-de-France</community>
    <community_code>9721</community_code>
    <latitude>14.6089</latitude>
    <longitude>-61.0733</longitude>
  </object>
  <object>
    <country_code>MQ</country_code>
    <zipcode>97270</zipcode>
    <place>Saint-Esprit</place>
    <state>Martinique</state>
    <state_code>MQ</state_code>
    <province>Martinique</province>
    <province_code>972</province_code>
    <community>Arrondissement du Marin</community>
    <community_code>9723</community_code>
    <latitude>14.55</latitude>
    <longitude>-60.9333</longitude>
  </object>
  <object>
    <country_code>MQ</country_code>
    <zipcode>97271 CEDEX</zipcode>
    <place>Schoelcher</place>
    <state>Martinique</state>
    <state_code>MQ</state_code>
    <province>Martinique</province>
    <province_code>972</province_code>
    <community>Arrondissement de Fort-de-France</community>
    <community_code>9721</community_code>
    <latitude>14.6177</latitude>
    <longitude>-61.099</longitude>
  </object>
  <object>
    <country_code>MQ</country_code>
    <zipcode>97272 CEDEX</zipcode>
    <place>Schoelcher</place>
    <state>Martinique</state>
    <state_code>MQ</state_code>
    <province>Martinique</province>
    <province_code>972</province_code>
    <community>Arrondissement de Fort-de-France</community>
    <community_code>9721</community_code>
    <latitude>14.6177</latitude>
    <longitude>-61.099</longitude>
  </object>
  <object>
    <country_code>MQ</country_code>
    <zipcode>97273 CEDEX</zipcode>
    <place>Schoelcher</place>
    <state>Martinique</state>
    <state_code>MQ</state_code>
    <province>Martinique</province>
    <province_code>972</province_code>
    <community>Arrondissement de Fort-de-France</community>
    <community_code>9721</community_code>
    <latitude>14.6177</latitude>
    <longitude>-61.099</longitude>
  </object>
  <object>
    <country_code>MQ</country_code>
    <zipcode>97274 CEDEX</zipcode>
    <place>Schoelcher</place>
    <state>Martinique</state>
    <state_code>MQ</state_code>
    <province>Martinique</province>
    <province_code>972</province_code>
    <community>Arrondissement de Fort-de-France</community>
    <community_code>9721</community_code>
    <latitude>14.6177</latitude>
    <longitude>-61.099</longitude>
  </object>
  <object>
    <country_code>MQ</country_code>
    <zipcode>97275 CEDEX</zipcode>
    <place>Schoelcher</place>
    <state>Martinique</state>
    <state_code>MQ</state_code>
    <province>Martinique</province>
    <province_code>972</province_code>
    <community>Arrondissement de Fort-de-France</community>
    <community_code>9721</community_code>
    <latitude>14.6177</latitude>
    <longitude>-61.099</longitude>
  </object>
  <object>
    <country_code>MQ</country_code>
    <zipcode>97276 CEDEX</zipcode>
    <place>Schoelcher</place>
    <state>Martinique</state>
    <state_code>MQ</state_code>
    <province>Martinique</province>
    <province_code>972</province_code>
    <community>Arrondissement de Fort-de-France</community>
    <community_code>9721</community_code>
    <latitude>14.6177</latitude>
    <longitude>-61.099</longitude>
  </object>
  <object>
    <country_code>MQ</country_code>
    <zipcode>97277 CEDEX</zipcode>
    <place>Schoelcher</place>
    <state>Martinique</state>
    <state_code>MQ</state_code>
    <province>Martinique</province>
    <province_code>972</province_code>
    <community>Arrondissement de Fort-de-France</community>
    <community_code>9721</community_code>
    <latitude>14.6177</latitude>
    <longitude>-61.099</longitude>
  </object>
  <object>
    <country_code>MQ</country_code>
    <zipcode>97278 CEDEX</zipcode>
    <place>Schoelcher</place>
    <state>Martinique</state>
    <state_code>MQ</state_code>
    <province>Martinique</province>
    <province_code>972</province_code>
    <community>Arrondissement de Fort-de-France</community>
    <community_code>9721</community_code>
    <latitude>14.6177</latitude>
    <longitude>-61.099</longitude>
  </object>
  <object>
    <country_code>MQ</country_code>
    <zipcode>97279 CEDEX</zipcode>
    <place>Schoelcher</place>
    <state>Martinique</state>
    <state_code>MQ</state_code>
    <province>Martinique</province>
    <province_code>972</province_code>
    <community>Arrondissement de Fort-de-France</community>
    <community_code>9721</community_code>
    <latitude>14.6177</latitude>
    <longitude>-61.099</longitude>
  </object>
  <object>
    <country_code>MQ</country_code>
    <zipcode>97280</zipcode>
    <place>Le Vauclin</place>
    <state>Martinique</state>
    <state_code>MQ</state_code>
    <province>Martinique</province>
    <province_code>972</province_code>
    <community>Arrondissement du Marin</community>
    <community_code>9723</community_code>
    <latitude>14.5452</latitude>
    <longitude>-60.8388</longitude>
  </object>
  <object>
    <country_code>MQ</country_code>
    <zipcode>97281 CEDEX 1</zipcode>
    <place>Le Lamentin</place>
    <state>Martinique</state>
    <state_code>MQ</state_code>
    <province>Martinique</province>
    <province_code>972</province_code>
    <community>Arrondissement de Fort-de-France</community>
    <community_code>9721</community_code>
    <latitude>14.608</latitude>
    <longitude>-61.0093</longitude>
  </object>
  <object>
    <country_code>MQ</country_code>
    <zipcode>97282 CEDEX 1</zipcode>
    <place>Le Lamentin</place>
    <state>Martinique</state>
    <state_code>MQ</state_code>
    <province>Martinique</province>
    <province_code>972</province_code>
    <community>Arrondissement de Fort-de-France</community>
    <community_code>9721</community_code>
    <latitude>14.608</latitude>
    <longitude>-61.0093</longitude>
  </object>
  <object>
    <country_code>MQ</country_code>
    <zipcode>97283 CEDEX 1</zipcode>
    <place>Le Lamentin</place>
    <state>Martinique</state>
    <state_code>MQ</state_code>
    <province>Martinique</province>
    <province_code>972</province_code>
    <community>Arrondissement de Fort-de-France</community>
    <community_code>9721</community_code>
    <latitude>14.608</latitude>
    <longitude>-61.0093</longitude>
  </object>
  <object>
    <country_code>MQ</country_code>
    <zipcode>97284 CEDEX 2</zipcode>
    <place>Le Lamentin</place>
    <state>Martinique</state>
    <state_code>MQ</state_code>
    <province>Martinique</province>
    <province_code>972</province_code>
    <community>Arrondissement de Fort-de-France</community>
    <community_code>9721</community_code>
    <latitude>14.608</latitude>
    <longitude>-61.0093</longitude>
  </object>
  <object>
    <country_code>MQ</country_code>
    <zipcode>97285 CEDEX 2</zipcode>
    <place>Le Lamentin</place>
    <state>Martinique</state>
    <state_code>MQ</state_code>
    <province>Martinique</province>
    <province_code>972</province_code>
    <community>Arrondissement de Fort-de-France</community>
    <community_code>9721</community_code>
    <latitude>14.608</latitude>
    <longitude>-61.0093</longitude>
  </object>
  <object>
    <country_code>MQ</country_code>
    <zipcode>97286 CEDEX 2</zipcode>
    <place>Le Lamentin</place>
    <state>Martinique</state>
    <state_code>MQ</state_code>
    <province>Martinique</province>
    <province_code>972</province_code>
    <community>Arrondissement de Fort-de-France</community>
    <community_code>9721</community_code>
    <latitude>14.608</latitude>
    <longitude>-61.0093</longitude>
  </object>
  <object>
    <country_code>MQ</country_code>
    <zipcode>97287 CEDEX 2</zipcode>
    <place>Le Lamentin</place>
    <state>Martinique</state>
    <state_code>MQ</state_code>
    <province>Martinique</province>
    <province_code>972</province_code>
    <community>Arrondissement de Fort-de-France</community>
    <community_code>9721</community_code>
    <latitude>14.608</latitude>
    <longitude>-61.0093</longitude>
  </object>
  <object>
    <country_code>MQ</country_code>
    <zipcode>97288 CEDEX 2</zipcode>
    <place>Le Lamentin</place>
    <state>Martinique</state>
    <state_code>MQ</state_code>
    <province>Martinique</province>
    <province_code>972</province_code>
    <community>Arrondissement de Fort-de-France</community>
    <community_code>9721</community_code>
    <latitude>14.608</latitude>
    <longitude>-61.0093</longitude>
  </object>
  <object>
    <country_code>MQ</country_code>
    <zipcode>97289 CEDEX 2</zipcode>
    <place>Le Lamentin</place>
    <state>Martinique</state>
    <state_code>MQ</state_code>
    <province>Martinique</province>
    <province_code>972</province_code>
    <community>Arrondissement de Fort-de-France</community>
    <community_code>9721</community_code>
    <latitude>14.608</latitude>
    <longitude>-61.0093</longitude>
  </object>
  <object>
    <country_code>MQ</country_code>
    <zipcode>97290</zipcode>
    <place>Le Marin</place>
    <state>Martinique</state>
    <state_code>MQ</state_code>
    <province>Martinique</province>
    <province_code>972</province_code>
    <community>Arrondissement du Marin</community>
    <community_code>9723</community_code>
    <latitude>14.4721</latitude>
    <longitude>-60.8697</longitude>
  </object>
  <object>
    <country_code>MQ</country_code>
    <zipcode>97291 CEDEX 2</zipcode>
    <place>Le Lamentin</place>
    <state>Martinique</state>
    <state_code>MQ</state_code>
    <province>Martinique</province>
    <province_code>972</province_code>
    <community>Arrondissement de Fort-de-France</community>
    <community_code>9721</community_code>
    <latitude>14.608</latitude>
    <longitude>-61.0093</longitude>
  </object>
  <object>
    <country_code>MQ</country_code>
    <zipcode>97292 CEDEX 2</zipcode>
    <place>Le Lamentin</place>
    <state>Martinique</state>
    <state_code>MQ</state_code>
    <province>Martinique</province>
    <province_code>972</province_code>
    <community>Arrondissement de Fort-de-France</community>
    <community_code>9721</community_code>
    <latitude>14.608</latitude>
    <longitude>-61.0093</longitude>
  </object>
  <object>
    <country_code>MQ</country_code>
    <zipcode>97293 CEDEX 2</zipcode>
    <place>Le Lamentin</place>
    <state>Martinique</state>
    <state_code>MQ</state_code>
    <province>Martinique</province>
    <province_code>972</province_code>
    <community>Arrondissement de Fort-de-France</community>
    <community_code>9721</community_code>
    <latitude>14.608</latitude>
    <longitude>-61.0093</longitude>
  </object>
  <object>
    <country_code>MQ</country_code>
    <zipcode>97294 CEDEX 2</zipcode>
    <place>Le Lamentin</place>
    <state>Martinique</state>
    <state_code>MQ</state_code>
    <province>Martinique</province>
    <province_code>972</province_code>
    <community>Arrondissement de Fort-de-France</community>
    <community_code>9721</community_code>
    <latitude>14.608</latitude>
    <longitude>-61.0093</longitude>
  </object>
  <object>
    <country_code>MQ</country_code>
    <zipcode>97295 CEDEX 2</zipcode>
    <place>Le Lamentin</place>
    <state>Martinique</state>
    <state_code>MQ</state_code>
    <province>Martinique</province>
    <province_code>972</province_code>
    <community>Arrondissement de Fort-de-France</community>
    <community_code>9721</community_code>
    <latitude>14.608</latitude>
    <longitude>-61.0093</longitude>
  </object>
  <object>
    <country_code>MQ</country_code>
    <zipcode>97296 CEDEX 2</zipcode>
    <place>Le Lamentin</place>
    <state>Martinique</state>
    <state_code>MQ</state_code>
    <province>Martinique</province>
    <province_code>972</province_code>
    <community>Arrondissement de Fort-de-France</community>
    <community_code>9721</community_code>
    <latitude>14.608</latitude>
    <longitude>-61.0093</longitude>
  </object>
  <object>
    <country_code>MQ</country_code>
    <zipcode>97297 CEDEX 2</zipcode>
    <place>Le Lamentin</place>
    <state>Martinique</state>
    <state_code>MQ</state_code>
    <province>Martinique</province>
    <province_code>972</province_code>
    <community>Arrondissement de Fort-de-France</community>
    <community_code>9721</community_code>
    <latitude>14.608</latitude>
    <longitude>-61.0093</longitude>
  </object>
  <object>
    <country_code>MQ</country_code>
    <zipcode>97298 CEDEX 2</zipcode>
    <place>Le Lamentin</place>
    <state>Martinique</state>
    <state_code>MQ</state_code>
    <province>Martinique</province>
    <province_code>972</province_code>
    <community>Arrondissement de Fort-de-France</community>
    <community_code>9721</community_code>
    <latitude>14.608</latitude>
    <longitude>-61.0093</longitude>
  </object>
  <object>
    <country_code>MQ</country_code>
    <zipcode>97299 CEDEX</zipcode>
    <place>Fort-de-France</place>
    <state>Martinique</state>
    <state_code>MQ</state_code>
    <province>Martinique</province>
    <province_code>972</province_code>
    <community>Arrondissement de Fort-de-France</community>
    <community_code>9721</community_code>
    <latitude>14.6089</latitude>
    <longitude>-61.0733</longitude>
  </object>
</zipcodes>