<zipcodes>
  <object>
    <country_code>FO</country_code>
    <zipcode>100</zipcode>
    <place>Tórshavn</place>
    <state></state>
    <state_code></state_code>
    <province></province>
    <province_code></province_code>
    <community></community>
    <community_code></community_code>
    <latitude>62.0167</latitude>
    <longitude>-6.7667</longitude>
  </object>
  <object>
    <country_code>FO</country_code>
    <zipcode>110</zipcode>
    <place>Tórshavn</place>
    <state></state>
    <state_code></state_code>
    <province></province>
    <province_code></province_code>
    <community></community>
    <community_code></community_code>
    <latitude>62.0167</latitude>
    <longitude>-6.7667</longitude>
  </object>
  <object>
    <country_code>FO</country_code>
    <zipcode>160</zipcode>
    <place>Argir</place>
    <state></state>
    <state_code></state_code>
    <province></province>
    <province_code></province_code>
    <community></community>
    <community_code></community_code>
    <latitude>61.9833</latitude>
    <longitude>-6.75</longitude>
  </object>
  <object>
    <country_code>FO</country_code>
    <zipcode>165</zipcode>
    <place>Argir</place>
    <state></state>
    <state_code></state_code>
    <province></province>
    <province_code></province_code>
    <community></community>
    <community_code></community_code>
    <latitude>61.9833</latitude>
    <longitude>-6.75</longitude>
  </object>
  <object>
    <country_code>FO</country_code>
    <zipcode>175</zipcode>
    <place>Kirkjubøur</place>
    <state></state>
    <state_code></state_code>
    <province></province>
    <province_code></province_code>
    <community></community>
    <community_code></community_code>
    <latitude>61.95</latitude>
    <longitude>-6.7833</longitude>
  </object>
  <object>
    <country_code>FO</country_code>
    <zipcode>176</zipcode>
    <place>Velbastadur</place>
    <state></state>
    <state_code></state_code>
    <province></province>
    <province_code></province_code>
    <community></community>
    <community_code></community_code>
    <latitude>61.9833</latitude>
    <longitude>-6.8333</longitude>
  </object>
  <object>
    <country_code>FO</country_code>
    <zipcode>177</zipcode>
    <place>Sydradalur, Streymoy</place>
    <state></state>
    <state_code></state_code>
    <province></province>
    <province_code></province_code>
    <community></community>
    <community_code></community_code>
    <latitude>62.0167</latitude>
    <longitude>-6.9</longitude>
  </object>
  <object>
    <country_code>FO</country_code>
    <zipcode>178</zipcode>
    <place>Nordradalur</place>
    <state></state>
    <state_code></state_code>
    <province></province>
    <province_code></province_code>
    <community></community>
    <community_code></community_code>
    <latitude>62.0333</latitude>
    <longitude>-6.9167</longitude>
  </object>
  <object>
    <country_code>FO</country_code>
    <zipcode>180</zipcode>
    <place>Kaldbak</place>
    <state></state>
    <state_code></state_code>
    <province></province>
    <province_code></province_code>
    <community></community>
    <community_code></community_code>
    <latitude>62.05</latitude>
    <longitude>-6.8167</longitude>
  </object>
  <object>
    <country_code>FO</country_code>
    <zipcode>185</zipcode>
    <place>Kaldbaksbotnur</place>
    <state></state>
    <state_code></state_code>
    <province></province>
    <province_code></province_code>
    <community></community>
    <community_code></community_code>
    <latitude>62.046</latitude>
    <longitude>-6.7995</longitude>
  </object>
  <object>
    <country_code>FO</country_code>
    <zipcode>186</zipcode>
    <place>Sund</place>
    <state></state>
    <state_code></state_code>
    <province></province>
    <province_code></province_code>
    <community></community>
    <community_code></community_code>
    <latitude>62.05</latitude>
    <longitude>-6.8333</longitude>
  </object>
  <object>
    <country_code>FO</country_code>
    <zipcode>187</zipcode>
    <place>Hvitanes</place>
    <state></state>
    <state_code></state_code>
    <province></province>
    <province_code></province_code>
    <community></community>
    <community_code></community_code>
    <latitude>62.05</latitude>
    <longitude>-6.7667</longitude>
  </object>
  <object>
    <country_code>FO</country_code>
    <zipcode>188</zipcode>
    <place>Hoyvik</place>
    <state></state>
    <state_code></state_code>
    <province></province>
    <province_code></province_code>
    <community></community>
    <community_code></community_code>
    <latitude>62.0341</latitude>
    <longitude>-6.7813</longitude>
  </object>
  <object>
    <country_code>FO</country_code>
    <zipcode>210</zipcode>
    <place>Sandur</place>
    <state></state>
    <state_code></state_code>
    <province></province>
    <province_code></province_code>
    <community></community>
    <community_code></community_code>
    <latitude>61.8425</latitude>
    <longitude>-6.8078</longitude>
  </object>
  <object>
    <country_code>FO</country_code>
    <zipcode>215</zipcode>
    <place>Sandur</place>
    <state></state>
    <state_code></state_code>
    <province></province>
    <province_code></province_code>
    <community></community>
    <community_code></community_code>
    <latitude>61.8425</latitude>
    <longitude>-6.8078</longitude>
  </object>
  <object>
    <country_code>FO</country_code>
    <zipcode>220</zipcode>
    <place>Skálavik</place>
    <state></state>
    <state_code></state_code>
    <province></province>
    <province_code></province_code>
    <community></community>
    <community_code></community_code>
    <latitude>61.8333</latitude>
    <longitude>-6.65</longitude>
  </object>
  <object>
    <country_code>FO</country_code>
    <zipcode>230</zipcode>
    <place>Húsavik</place>
    <state></state>
    <state_code></state_code>
    <province></province>
    <province_code></province_code>
    <community></community>
    <community_code></community_code>
    <latitude>61.8</latitude>
    <longitude>-6.6667</longitude>
  </object>
  <object>
    <country_code>FO</country_code>
    <zipcode>235</zipcode>
    <place>Dalur</place>
    <state></state>
    <state_code></state_code>
    <province></province>
    <province_code></province_code>
    <community></community>
    <community_code></community_code>
    <latitude>61.7833</latitude>
    <longitude>-6.6667</longitude>
  </object>
  <object>
    <country_code>FO</country_code>
    <zipcode>236</zipcode>
    <place>Skarvanes</place>
    <state></state>
    <state_code></state_code>
    <province></province>
    <province_code></province_code>
    <community></community>
    <community_code></community_code>
    <latitude>61.8</latitude>
    <longitude>-6.7333</longitude>
  </object>
  <object>
    <country_code>FO</country_code>
    <zipcode>240</zipcode>
    <place>Skopun</place>
    <state></state>
    <state_code></state_code>
    <province></province>
    <province_code></province_code>
    <community></community>
    <community_code></community_code>
    <latitude>61.9</latitude>
    <longitude>-6.8667</longitude>
  </object>
  <object>
    <country_code>FO</country_code>
    <zipcode>260</zipcode>
    <place>Skúvoy</place>
    <state></state>
    <state_code></state_code>
    <province></province>
    <province_code></province_code>
    <community></community>
    <community_code></community_code>
    <latitude>61.7667</latitude>
    <longitude>-6.8</longitude>
  </object>
  <object>
    <country_code>FO</country_code>
    <zipcode>270</zipcode>
    <place>Nólsoy</place>
    <state></state>
    <state_code></state_code>
    <province></province>
    <province_code></province_code>
    <community></community>
    <community_code></community_code>
    <latitude>62.0167</latitude>
    <longitude>-6.6667</longitude>
  </object>
  <object>
    <country_code>FO</country_code>
    <zipcode>280</zipcode>
    <place>Hestur</place>
    <state></state>
    <state_code></state_code>
    <province></province>
    <province_code></province_code>
    <community></community>
    <community_code></community_code>
    <latitude>61.95</latitude>
    <longitude>-6.8667</longitude>
  </object>
  <object>
    <country_code>FO</country_code>
    <zipcode>285</zipcode>
    <place>Koltur</place>
    <state></state>
    <state_code></state_code>
    <province></province>
    <province_code></province_code>
    <community></community>
    <community_code></community_code>
    <latitude>61.9833</latitude>
    <longitude>-6.95</longitude>
  </object>
  <object>
    <country_code>FO</country_code>
    <zipcode>286</zipcode>
    <place>Stóra Dimun</place>
    <state></state>
    <state_code></state_code>
    <province></province>
    <province_code></province_code>
    <community></community>
    <community_code></community_code>
    <latitude>61.9667</latitude>
    <longitude>-6.9083</longitude>
  </object>
  <object>
    <country_code>FO</country_code>
    <zipcode>330</zipcode>
    <place>Stykkid</place>
    <state></state>
    <state_code></state_code>
    <province></province>
    <province_code></province_code>
    <community></community>
    <community_code></community_code>
    <latitude>62.1167</latitude>
    <longitude>-7.0333</longitude>
  </object>
  <object>
    <country_code>FO</country_code>
    <zipcode>335</zipcode>
    <place>Leynar</place>
    <state></state>
    <state_code></state_code>
    <province></province>
    <province_code></province_code>
    <community></community>
    <community_code></community_code>
    <latitude>62.1167</latitude>
    <longitude>-7.0333</longitude>
  </object>
  <object>
    <country_code>FO</country_code>
    <zipcode>336</zipcode>
    <place>Skællingur</place>
    <state></state>
    <state_code></state_code>
    <province></province>
    <province_code></province_code>
    <community></community>
    <community_code></community_code>
    <latitude>62.1167</latitude>
    <longitude>-7.0333</longitude>
  </object>
  <object>
    <country_code>FO</country_code>
    <zipcode>340</zipcode>
    <place>Kvivik</place>
    <state></state>
    <state_code></state_code>
    <province></province>
    <province_code></province_code>
    <community></community>
    <community_code></community_code>
    <latitude>62.1167</latitude>
    <longitude>-7.0667</longitude>
  </object>
  <object>
    <country_code>FO</country_code>
    <zipcode>350</zipcode>
    <place>Vestmanna</place>
    <state></state>
    <state_code></state_code>
    <province></province>
    <province_code></province_code>
    <community></community>
    <community_code></community_code>
    <latitude>62.1564</latitude>
    <longitude>-7.1664</longitude>
  </object>
  <object>
    <country_code>FO</country_code>
    <zipcode>355</zipcode>
    <place>Vestmanna</place>
    <state></state>
    <state_code></state_code>
    <province></province>
    <province_code></province_code>
    <community></community>
    <community_code></community_code>
    <latitude>62.1564</latitude>
    <longitude>-7.1664</longitude>
  </object>
  <object>
    <country_code>FO</country_code>
    <zipcode>358</zipcode>
    <place>Válur</place>
    <state></state>
    <state_code></state_code>
    <province></province>
    <province_code></province_code>
    <community></community>
    <community_code></community_code>
    <latitude>62.1333</latitude>
    <longitude>-7.1333</longitude>
  </object>
  <object>
    <country_code>FO</country_code>
    <zipcode>360</zipcode>
    <place>Sandavágur</place>
    <state></state>
    <state_code></state_code>
    <province></province>
    <province_code></province_code>
    <community></community>
    <community_code></community_code>
    <latitude>62.05</latitude>
    <longitude>-7.1333</longitude>
  </object>
  <object>
    <country_code>FO</country_code>
    <zipcode>370</zipcode>
    <place>Midvágur</place>
    <state></state>
    <state_code></state_code>
    <province></province>
    <province_code></province_code>
    <community></community>
    <community_code></community_code>
    <latitude>62.0511</latitude>
    <longitude>-7.1939</longitude>
  </object>
  <object>
    <country_code>FO</country_code>
    <zipcode>375</zipcode>
    <place>Midvágur</place>
    <state></state>
    <state_code></state_code>
    <province></province>
    <province_code></province_code>
    <community></community>
    <community_code></community_code>
    <latitude>62.0511</latitude>
    <longitude>-7.1939</longitude>
  </object>
  <object>
    <country_code>FO</country_code>
    <zipcode>380</zipcode>
    <place>Sørvágur</place>
    <state></state>
    <state_code></state_code>
    <province></province>
    <province_code></province_code>
    <community></community>
    <community_code></community_code>
    <latitude>62.0973</latitude>
    <longitude>-7.3577</longitude>
  </object>
  <object>
    <country_code>FO</country_code>
    <zipcode>385</zipcode>
    <place>Vatnsoyrar</place>
    <state></state>
    <state_code></state_code>
    <province></province>
    <province_code></province_code>
    <community></community>
    <community_code></community_code>
    <latitude>62.0667</latitude>
    <longitude>-7.2333</longitude>
  </object>
  <object>
    <country_code>FO</country_code>
    <zipcode>386</zipcode>
    <place>Bøur</place>
    <state></state>
    <state_code></state_code>
    <province></province>
    <province_code></province_code>
    <community></community>
    <community_code></community_code>
    <latitude>62.0833</latitude>
    <longitude>-7.35</longitude>
  </object>
  <object>
    <country_code>FO</country_code>
    <zipcode>387</zipcode>
    <place>Gásadalur</place>
    <state></state>
    <state_code></state_code>
    <province></province>
    <province_code></province_code>
    <community></community>
    <community_code></community_code>
    <latitude>62.1167</latitude>
    <longitude>-7.4333</longitude>
  </object>
  <object>
    <country_code>FO</country_code>
    <zipcode>388</zipcode>
    <place>Mykines</place>
    <state></state>
    <state_code></state_code>
    <province></province>
    <province_code></province_code>
    <community></community>
    <community_code></community_code>
    <latitude>62.1</latitude>
    <longitude>-7.6333</longitude>
  </object>
  <object>
    <country_code>FO</country_code>
    <zipcode>400</zipcode>
    <place>Oyrarbakki</place>
    <state></state>
    <state_code></state_code>
    <province></province>
    <province_code></province_code>
    <community></community>
    <community_code></community_code>
    <latitude>62.2</latitude>
    <longitude>-6.9833</longitude>
  </object>
  <object>
    <country_code>FO</country_code>
    <zipcode>405</zipcode>
    <place>Oyrarbakki</place>
    <state></state>
    <state_code></state_code>
    <province></province>
    <province_code></province_code>
    <community></community>
    <community_code></community_code>
    <latitude>62.2</latitude>
    <longitude>-6.9833</longitude>
  </object>
  <object>
    <country_code>FO</country_code>
    <zipcode>410</zipcode>
    <place>Kollafjørdur</place>
    <state></state>
    <state_code></state_code>
    <province></province>
    <province_code></province_code>
    <community></community>
    <community_code></community_code>
    <latitude>62.1167</latitude>
    <longitude>-6.9</longitude>
  </object>
  <object>
    <country_code>FO</country_code>
    <zipcode>415</zipcode>
    <place>Oyrareingir</place>
    <state></state>
    <state_code></state_code>
    <province></province>
    <province_code></province_code>
    <community></community>
    <community_code></community_code>
    <latitude>62.1</latitude>
    <longitude>-6.95</longitude>
  </object>
  <object>
    <country_code>FO</country_code>
    <zipcode>416</zipcode>
    <place>Signabøur</place>
    <state></state>
    <state_code></state_code>
    <province></province>
    <province_code></province_code>
    <community></community>
    <community_code></community_code>
    <latitude>62.1</latitude>
    <longitude>-6.9</longitude>
  </object>
  <object>
    <country_code>FO</country_code>
    <zipcode>420</zipcode>
    <place>Hósvik</place>
    <state></state>
    <state_code></state_code>
    <province></province>
    <province_code></province_code>
    <community></community>
    <community_code></community_code>
    <latitude>62.15</latitude>
    <longitude>-6.9333</longitude>
  </object>
  <object>
    <country_code>FO</country_code>
    <zipcode>430</zipcode>
    <place>Hvalvik</place>
    <state></state>
    <state_code></state_code>
    <province></province>
    <province_code></province_code>
    <community></community>
    <community_code></community_code>
    <latitude>62.1833</latitude>
    <longitude>-7.0167</longitude>
  </object>
  <object>
    <country_code>FO</country_code>
    <zipcode>435</zipcode>
    <place>Streymnes</place>
    <state></state>
    <state_code></state_code>
    <province></province>
    <province_code></province_code>
    <community></community>
    <community_code></community_code>
    <latitude>62.2</latitude>
    <longitude>-7.0167</longitude>
  </object>
  <object>
    <country_code>FO</country_code>
    <zipcode>436</zipcode>
    <place>Saksun</place>
    <state></state>
    <state_code></state_code>
    <province></province>
    <province_code></province_code>
    <community></community>
    <community_code></community_code>
    <latitude>62.25</latitude>
    <longitude>-7.1667</longitude>
  </object>
  <object>
    <country_code>FO</country_code>
    <zipcode>437</zipcode>
    <place>Nesvik</place>
    <state></state>
    <state_code></state_code>
    <province></province>
    <province_code></province_code>
    <community></community>
    <community_code></community_code>
    <latitude>62.2167</latitude>
    <longitude>-7.0167</longitude>
  </object>
  <object>
    <country_code>FO</country_code>
    <zipcode>438</zipcode>
    <place>Langasandur</place>
    <state></state>
    <state_code></state_code>
    <province></province>
    <province_code></province_code>
    <community></community>
    <community_code></community_code>
    <latitude>62.2333</latitude>
    <longitude>-7.0333</longitude>
  </object>
  <object>
    <country_code>FO</country_code>
    <zipcode>440</zipcode>
    <place>Haldarsvik</place>
    <state></state>
    <state_code></state_code>
    <province></province>
    <province_code></province_code>
    <community></community>
    <community_code></community_code>
    <latitude>62.2833</latitude>
    <longitude>-7.0833</longitude>
  </object>
  <object>
    <country_code>FO</country_code>
    <zipcode>445</zipcode>
    <place>Tjørnuvik</place>
    <state></state>
    <state_code></state_code>
    <province></province>
    <province_code></province_code>
    <community></community>
    <community_code></community_code>
    <latitude>62.2833</latitude>
    <longitude>-7.1333</longitude>
  </object>
  <object>
    <country_code>FO</country_code>
    <zipcode>450</zipcode>
    <place>Oyri</place>
    <state></state>
    <state_code></state_code>
    <province></province>
    <province_code></province_code>
    <community></community>
    <community_code></community_code>
    <latitude>62.1833</latitude>
    <longitude>-6.9667</longitude>
  </object>
  <object>
    <country_code>FO</country_code>
    <zipcode>460</zipcode>
    <place>Nordskáli</place>
    <state></state>
    <state_code></state_code>
    <province></province>
    <province_code></province_code>
    <community></community>
    <community_code></community_code>
    <latitude>62.2167</latitude>
    <longitude>-7</longitude>
  </object>
  <object>
    <country_code>FO</country_code>
    <zipcode>465</zipcode>
    <place>Svináir</place>
    <state></state>
    <state_code></state_code>
    <province></province>
    <province_code></province_code>
    <community></community>
    <community_code></community_code>
    <latitude>62.2333</latitude>
    <longitude>-7.0167</longitude>
  </object>
  <object>
    <country_code>FO</country_code>
    <zipcode>466</zipcode>
    <place>Ljósá</place>
    <state></state>
    <state_code></state_code>
    <province></province>
    <province_code></province_code>
    <community></community>
    <community_code></community_code>
    <latitude>62.2667</latitude>
    <longitude>-7.05</longitude>
  </object>
  <object>
    <country_code>FO</country_code>
    <zipcode>470</zipcode>
    <place>Eidi</place>
    <state></state>
    <state_code></state_code>
    <province></province>
    <province_code></province_code>
    <community></community>
    <community_code></community_code>
    <latitude>62.3</latitude>
    <longitude>-7.0833</longitude>
  </object>
  <object>
    <country_code>FO</country_code>
    <zipcode>475</zipcode>
    <place>Funningur</place>
    <state></state>
    <state_code></state_code>
    <province></province>
    <province_code></province_code>
    <community></community>
    <community_code></community_code>
    <latitude>62.2833</latitude>
    <longitude>-6.95</longitude>
  </object>
  <object>
    <country_code>FO</country_code>
    <zipcode>476</zipcode>
    <place>Gjógv</place>
    <state></state>
    <state_code></state_code>
    <province></province>
    <province_code></province_code>
    <community></community>
    <community_code></community_code>
    <latitude>62.3167</latitude>
    <longitude>-6.9333</longitude>
  </object>
  <object>
    <country_code>FO</country_code>
    <zipcode>477</zipcode>
    <place>Funningsfjørdur</place>
    <state></state>
    <state_code></state_code>
    <province></province>
    <province_code></province_code>
    <community></community>
    <community_code></community_code>
    <latitude>62.2333</latitude>
    <longitude>-6.9167</longitude>
  </object>
  <object>
    <country_code>FO</country_code>
    <zipcode>478</zipcode>
    <place>Elduvik</place>
    <state></state>
    <state_code></state_code>
    <province></province>
    <province_code></province_code>
    <community></community>
    <community_code></community_code>
    <latitude>62.2833</latitude>
    <longitude>-6.9</longitude>
  </object>
  <object>
    <country_code>FO</country_code>
    <zipcode>480</zipcode>
    <place>Skáli</place>
    <state></state>
    <state_code></state_code>
    <province></province>
    <province_code></province_code>
    <community></community>
    <community_code></community_code>
    <latitude>62.15</latitude>
    <longitude>-6.7667</longitude>
  </object>
  <object>
    <country_code>FO</country_code>
    <zipcode>485</zipcode>
    <place>Skálafjørdur</place>
    <state></state>
    <state_code></state_code>
    <province></province>
    <province_code></province_code>
    <community></community>
    <community_code></community_code>
    <latitude>62.2</latitude>
    <longitude>-6.85</longitude>
  </object>
  <object>
    <country_code>FO</country_code>
    <zipcode>490</zipcode>
    <place>Strendur</place>
    <state></state>
    <state_code></state_code>
    <province></province>
    <province_code></province_code>
    <community></community>
    <community_code></community_code>
    <latitude>62.1167</latitude>
    <longitude>-6.75</longitude>
  </object>
  <object>
    <country_code>FO</country_code>
    <zipcode>494</zipcode>
    <place>Innan Glyvur</place>
    <state></state>
    <state_code></state_code>
    <province></province>
    <province_code></province_code>
    <community></community>
    <community_code></community_code>
    <latitude>62.1333</latitude>
    <longitude>-6.75</longitude>
  </object>
  <object>
    <country_code>FO</country_code>
    <zipcode>495</zipcode>
    <place>Kolbanargjógv</place>
    <state></state>
    <state_code></state_code>
    <province></province>
    <province_code></province_code>
    <community></community>
    <community_code></community_code>
    <latitude>62.1</latitude>
    <longitude>-6.7833</longitude>
  </object>
  <object>
    <country_code>FO</country_code>
    <zipcode>496</zipcode>
    <place>Morskranes</place>
    <state></state>
    <state_code></state_code>
    <province></province>
    <province_code></province_code>
    <community></community>
    <community_code></community_code>
    <latitude>62.1333</latitude>
    <longitude>-6.8333</longitude>
  </object>
  <object>
    <country_code>FO</country_code>
    <zipcode>497</zipcode>
    <place>Selatrad</place>
    <state></state>
    <state_code></state_code>
    <province></province>
    <province_code></province_code>
    <community></community>
    <community_code></community_code>
    <latitude>62.15</latitude>
    <longitude>-6.85</longitude>
  </object>
  <object>
    <country_code>FO</country_code>
    <zipcode>510</zipcode>
    <place>Gøta</place>
    <state></state>
    <state_code></state_code>
    <province></province>
    <province_code></province_code>
    <community></community>
    <community_code></community_code>
    <latitude>62.2</latitude>
    <longitude>-6.7333</longitude>
  </object>
  <object>
    <country_code>FO</country_code>
    <zipcode>511</zipcode>
    <place>Gøtugjógv</place>
    <state></state>
    <state_code></state_code>
    <province></province>
    <province_code></province_code>
    <community></community>
    <community_code></community_code>
    <latitude>62.1833</latitude>
    <longitude>-6.7333</longitude>
  </object>
  <object>
    <country_code>FO</country_code>
    <zipcode>512</zipcode>
    <place>Nordragøta</place>
    <state></state>
    <state_code></state_code>
    <province></province>
    <province_code></province_code>
    <community></community>
    <community_code></community_code>
    <latitude>62.2007</latitude>
    <longitude>-6.7419</longitude>
  </object>
  <object>
    <country_code>FO</country_code>
    <zipcode>513</zipcode>
    <place>Sydrugøta</place>
    <state></state>
    <state_code></state_code>
    <province></province>
    <province_code></province_code>
    <community></community>
    <community_code></community_code>
    <latitude>62.1833</latitude>
    <longitude>-6.7333</longitude>
  </object>
  <object>
    <country_code>FO</country_code>
    <zipcode>515</zipcode>
    <place>Gøta</place>
    <state></state>
    <state_code></state_code>
    <province></province>
    <province_code></province_code>
    <community></community>
    <community_code></community_code>
    <latitude>62.2</latitude>
    <longitude>-6.7333</longitude>
  </object>
  <object>
    <country_code>FO</country_code>
    <zipcode>520</zipcode>
    <place>Leirvik</place>
    <state></state>
    <state_code></state_code>
    <province></province>
    <province_code></province_code>
    <community></community>
    <community_code></community_code>
    <latitude>62.2167</latitude>
    <longitude>-6.6833</longitude>
  </object>
  <object>
    <country_code>FO</country_code>
    <zipcode>530</zipcode>
    <place>Fuglafjørdur</place>
    <state></state>
    <state_code></state_code>
    <province></province>
    <province_code></province_code>
    <community></community>
    <community_code></community_code>
    <latitude>62.244</latitude>
    <longitude>-6.8139</longitude>
  </object>
  <object>
    <country_code>FO</country_code>
    <zipcode>535</zipcode>
    <place>Fuglafjørdur</place>
    <state></state>
    <state_code></state_code>
    <province></province>
    <province_code></province_code>
    <community></community>
    <community_code></community_code>
    <latitude>62.244</latitude>
    <longitude>-6.8139</longitude>
  </object>
  <object>
    <country_code>FO</country_code>
    <zipcode>600</zipcode>
    <place>Saltangará</place>
    <state></state>
    <state_code></state_code>
    <province></province>
    <province_code></province_code>
    <community></community>
    <community_code></community_code>
    <latitude>62.1167</latitude>
    <longitude>-6.7167</longitude>
  </object>
  <object>
    <country_code>FO</country_code>
    <zipcode>610</zipcode>
    <place>Saltangará</place>
    <state></state>
    <state_code></state_code>
    <province></province>
    <province_code></province_code>
    <community></community>
    <community_code></community_code>
    <latitude>62.1167</latitude>
    <longitude>-6.7167</longitude>
  </object>
  <object>
    <country_code>FO</country_code>
    <zipcode>620</zipcode>
    <place>Runavik</place>
    <state></state>
    <state_code></state_code>
    <province></province>
    <province_code></province_code>
    <community></community>
    <community_code></community_code>
    <latitude>62.1167</latitude>
    <longitude>-6.7167</longitude>
  </object>
  <object>
    <country_code>FO</country_code>
    <zipcode>625</zipcode>
    <place>Glyvrar</place>
    <state></state>
    <state_code></state_code>
    <province></province>
    <province_code></province_code>
    <community></community>
    <community_code></community_code>
    <latitude>62.1333</latitude>
    <longitude>-6.7167</longitude>
  </object>
  <object>
    <country_code>FO</country_code>
    <zipcode>626</zipcode>
    <place>Lambareidi</place>
    <state></state>
    <state_code></state_code>
    <province></province>
    <province_code></province_code>
    <community></community>
    <community_code></community_code>
    <latitude>62.1333</latitude>
    <longitude>-6.7167</longitude>
  </object>
  <object>
    <country_code>FO</country_code>
    <zipcode>627</zipcode>
    <place>Lambi</place>
    <state></state>
    <state_code></state_code>
    <province></province>
    <province_code></province_code>
    <community></community>
    <community_code></community_code>
    <latitude>62.1333</latitude>
    <longitude>-6.6833</longitude>
  </object>
  <object>
    <country_code>FO</country_code>
    <zipcode>640</zipcode>
    <place>Rituvik</place>
    <state></state>
    <state_code></state_code>
    <province></province>
    <province_code></province_code>
    <community></community>
    <community_code></community_code>
    <latitude>62.1</latitude>
    <longitude>-6.6667</longitude>
  </object>
  <object>
    <country_code>FO</country_code>
    <zipcode>645</zipcode>
    <place>Æduvik</place>
    <state></state>
    <state_code></state_code>
    <province></province>
    <province_code></province_code>
    <community></community>
    <community_code></community_code>
    <latitude>62.0667</latitude>
    <longitude>-6.6833</longitude>
  </object>
  <object>
    <country_code>FO</country_code>
    <zipcode>650</zipcode>
    <place>Toftir</place>
    <state></state>
    <state_code></state_code>
    <province></province>
    <province_code></province_code>
    <community></community>
    <community_code></community_code>
    <latitude>62.1</latitude>
    <longitude>-6.7333</longitude>
  </object>
  <object>
    <country_code>FO</country_code>
    <zipcode>655</zipcode>
    <place>Nes, Eysturoy</place>
    <state></state>
    <state_code></state_code>
    <province></province>
    <province_code></province_code>
    <community></community>
    <community_code></community_code>
    <latitude>62.0833</latitude>
    <longitude>-6.7167</longitude>
  </object>
  <object>
    <country_code>FO</country_code>
    <zipcode>656</zipcode>
    <place>Saltnes</place>
    <state></state>
    <state_code></state_code>
    <province></province>
    <province_code></province_code>
    <community></community>
    <community_code></community_code>
    <latitude>62.1</latitude>
    <longitude>-6.7333</longitude>
  </object>
  <object>
    <country_code>FO</country_code>
    <zipcode>660</zipcode>
    <place>Søldarfjørdur</place>
    <state></state>
    <state_code></state_code>
    <province></province>
    <province_code></province_code>
    <community></community>
    <community_code></community_code>
    <latitude>62.15</latitude>
    <longitude>-6.7333</longitude>
  </object>
  <object>
    <country_code>FO</country_code>
    <zipcode>665</zipcode>
    <place>Skipanes</place>
    <state></state>
    <state_code></state_code>
    <province></province>
    <province_code></province_code>
    <community></community>
    <community_code></community_code>
    <latitude>62.1667</latitude>
    <longitude>-6.75</longitude>
  </object>
  <object>
    <country_code>FO</country_code>
    <zipcode>666</zipcode>
    <place>Gøtueidi</place>
    <state></state>
    <state_code></state_code>
    <province></province>
    <province_code></province_code>
    <community></community>
    <community_code></community_code>
    <latitude>62.1833</latitude>
    <longitude>-6.7667</longitude>
  </object>
  <object>
    <country_code>FO</country_code>
    <zipcode>690</zipcode>
    <place>Oyndarfjørdur</place>
    <state></state>
    <state_code></state_code>
    <province></province>
    <province_code></province_code>
    <community></community>
    <community_code></community_code>
    <latitude>62.2833</latitude>
    <longitude>-6.8333</longitude>
  </object>
  <object>
    <country_code>FO</country_code>
    <zipcode>695</zipcode>
    <place>Hellur</place>
    <state></state>
    <state_code></state_code>
    <province></province>
    <province_code></province_code>
    <community></community>
    <community_code></community_code>
    <latitude>62.2667</latitude>
    <longitude>-6.8333</longitude>
  </object>
  <object>
    <country_code>FO</country_code>
    <zipcode>700</zipcode>
    <place>Klaksvik</place>
    <state></state>
    <state_code></state_code>
    <province></province>
    <province_code></province_code>
    <community></community>
    <community_code></community_code>
    <latitude>62.2265</latitude>
    <longitude>-6.589</longitude>
  </object>
  <object>
    <country_code>FO</country_code>
    <zipcode>710</zipcode>
    <place>Klaksvík</place>
    <state></state>
    <state_code></state_code>
    <province></province>
    <province_code></province_code>
    <community></community>
    <community_code></community_code>
    <latitude>62.2265</latitude>
    <longitude>-6.589</longitude>
  </object>
  <object>
    <country_code>FO</country_code>
    <zipcode>725</zipcode>
    <place>Nordoyri</place>
    <state></state>
    <state_code></state_code>
    <province></province>
    <province_code></province_code>
    <community></community>
    <community_code></community_code>
    <latitude>62.2167</latitude>
    <longitude>-6.5333</longitude>
  </object>
  <object>
    <country_code>FO</country_code>
    <zipcode>726</zipcode>
    <place>Ánir</place>
    <state></state>
    <state_code></state_code>
    <province></province>
    <province_code></province_code>
    <community></community>
    <community_code></community_code>
    <latitude>62.25</latitude>
    <longitude>-6.5667</longitude>
  </object>
  <object>
    <country_code>FO</country_code>
    <zipcode>727</zipcode>
    <place>Árnafjørdur</place>
    <state></state>
    <state_code></state_code>
    <province></province>
    <province_code></province_code>
    <community></community>
    <community_code></community_code>
    <latitude>62.25</latitude>
    <longitude>-6.5167</longitude>
  </object>
  <object>
    <country_code>FO</country_code>
    <zipcode>730</zipcode>
    <place>Norddepil</place>
    <state></state>
    <state_code></state_code>
    <province></province>
    <province_code></province_code>
    <community></community>
    <community_code></community_code>
    <latitude>62.3</latitude>
    <longitude>-6.5167</longitude>
  </object>
  <object>
    <country_code>FO</country_code>
    <zipcode>735</zipcode>
    <place>Depil</place>
    <state></state>
    <state_code></state_code>
    <province></province>
    <province_code></province_code>
    <community></community>
    <community_code></community_code>
    <latitude>62.2833</latitude>
    <longitude>-6.5167</longitude>
  </object>
  <object>
    <country_code>FO</country_code>
    <zipcode>736</zipcode>
    <place>Nordtoftir</place>
    <state></state>
    <state_code></state_code>
    <province></province>
    <province_code></province_code>
    <community></community>
    <community_code></community_code>
    <latitude>62.2667</latitude>
    <longitude>-6.5</longitude>
  </object>
  <object>
    <country_code>FO</country_code>
    <zipcode>737</zipcode>
    <place>Múli</place>
    <state></state>
    <state_code></state_code>
    <province></province>
    <province_code></province_code>
    <community></community>
    <community_code></community_code>
    <latitude>62.35</latitude>
    <longitude>-6.5667</longitude>
  </object>
  <object>
    <country_code>FO</country_code>
    <zipcode>740</zipcode>
    <place>Hvannasund</place>
    <state></state>
    <state_code></state_code>
    <province></province>
    <province_code></province_code>
    <community></community>
    <community_code></community_code>
    <latitude>62.3</latitude>
    <longitude>-6.5</longitude>
  </object>
  <object>
    <country_code>FO</country_code>
    <zipcode>750</zipcode>
    <place>Vidareidi</place>
    <state></state>
    <state_code></state_code>
    <province></province>
    <province_code></province_code>
    <community></community>
    <community_code></community_code>
    <latitude>62.3667</latitude>
    <longitude>-6.5333</longitude>
  </object>
  <object>
    <country_code>FO</country_code>
    <zipcode>765</zipcode>
    <place>Svinoy</place>
    <state></state>
    <state_code></state_code>
    <province></province>
    <province_code></province_code>
    <community></community>
    <community_code></community_code>
    <latitude>62.2833</latitude>
    <longitude>-6.3333</longitude>
  </object>
  <object>
    <country_code>FO</country_code>
    <zipcode>766</zipcode>
    <place>Kirkja</place>
    <state></state>
    <state_code></state_code>
    <province></province>
    <province_code></province_code>
    <community></community>
    <community_code></community_code>
    <latitude>62.3167</latitude>
    <longitude>-6.3</longitude>
  </object>
  <object>
    <country_code>FO</country_code>
    <zipcode>767</zipcode>
    <place>Hattarvik</place>
    <state></state>
    <state_code></state_code>
    <province></province>
    <province_code></province_code>
    <community></community>
    <community_code></community_code>
    <latitude>62.3333</latitude>
    <longitude>-6.25</longitude>
  </object>
  <object>
    <country_code>FO</country_code>
    <zipcode>780</zipcode>
    <place>Kunoy</place>
    <state></state>
    <state_code></state_code>
    <province></province>
    <province_code></province_code>
    <community></community>
    <community_code></community_code>
    <latitude>62.2833</latitude>
    <longitude>-6.6667</longitude>
  </object>
  <object>
    <country_code>FO</country_code>
    <zipcode>785</zipcode>
    <place>Haraldssund</place>
    <state></state>
    <state_code></state_code>
    <province></province>
    <province_code></province_code>
    <community></community>
    <community_code></community_code>
    <latitude>62.2667</latitude>
    <longitude>-6.6</longitude>
  </object>
  <object>
    <country_code>FO</country_code>
    <zipcode>795</zipcode>
    <place>Sydradalur, Kalsoy</place>
    <state></state>
    <state_code></state_code>
    <province></province>
    <province_code></province_code>
    <community></community>
    <community_code></community_code>
    <latitude>62.3222</latitude>
    <longitude>-6.7389</longitude>
  </object>
  <object>
    <country_code>FO</country_code>
    <zipcode>796</zipcode>
    <place>Húsar</place>
    <state></state>
    <state_code></state_code>
    <province></province>
    <province_code></province_code>
    <community></community>
    <community_code></community_code>
    <latitude>62.2667</latitude>
    <longitude>-6.6833</longitude>
  </object>
  <object>
    <country_code>FO</country_code>
    <zipcode>797</zipcode>
    <place>Mikladalur</place>
    <state></state>
    <state_code></state_code>
    <province></province>
    <province_code></province_code>
    <community></community>
    <community_code></community_code>
    <latitude>62.3333</latitude>
    <longitude>-6.75</longitude>
  </object>
  <object>
    <country_code>FO</country_code>
    <zipcode>798</zipcode>
    <place>Trøllanes</place>
    <state></state>
    <state_code></state_code>
    <province></province>
    <province_code></province_code>
    <community></community>
    <community_code></community_code>
    <latitude>62.3667</latitude>
    <longitude>-6.7833</longitude>
  </object>
  <object>
    <country_code>FO</country_code>
    <zipcode>800</zipcode>
    <place>Tvøroyri</place>
    <state></state>
    <state_code></state_code>
    <province></province>
    <province_code></province_code>
    <community></community>
    <community_code></community_code>
    <latitude>61.5556</latitude>
    <longitude>-6.8111</longitude>
  </object>
  <object>
    <country_code>FO</country_code>
    <zipcode>810</zipcode>
    <place>Tvøroyri</place>
    <state></state>
    <state_code></state_code>
    <province></province>
    <province_code></province_code>
    <community></community>
    <community_code></community_code>
    <latitude>61.5556</latitude>
    <longitude>-6.8111</longitude>
  </object>
  <object>
    <country_code>FO</country_code>
    <zipcode>825</zipcode>
    <place>Frodba</place>
    <state></state>
    <state_code></state_code>
    <province></province>
    <province_code></province_code>
    <community></community>
    <community_code></community_code>
    <latitude>61.55</latitude>
    <longitude>-6.7667</longitude>
  </object>
  <object>
    <country_code>FO</country_code>
    <zipcode>826</zipcode>
    <place>Trongisvágur</place>
    <state></state>
    <state_code></state_code>
    <province></province>
    <province_code></province_code>
    <community></community>
    <community_code></community_code>
    <latitude>61.5667</latitude>
    <longitude>-6.8333</longitude>
  </object>
  <object>
    <country_code>FO</country_code>
    <zipcode>827</zipcode>
    <place>Øravik</place>
    <state></state>
    <state_code></state_code>
    <province></province>
    <province_code></province_code>
    <community></community>
    <community_code></community_code>
    <latitude>61.5333</latitude>
    <longitude>-6.8</longitude>
  </object>
  <object>
    <country_code>FO</country_code>
    <zipcode>850</zipcode>
    <place>Hvalba</place>
    <state></state>
    <state_code></state_code>
    <province></province>
    <province_code></province_code>
    <community></community>
    <community_code></community_code>
    <latitude>61.6</latitude>
    <longitude>-6.95</longitude>
  </object>
  <object>
    <country_code>FO</country_code>
    <zipcode>860</zipcode>
    <place>Sandvik</place>
    <state></state>
    <state_code></state_code>
    <province></province>
    <province_code></province_code>
    <community></community>
    <community_code></community_code>
    <latitude>61.6333</latitude>
    <longitude>-6.9167</longitude>
  </object>
  <object>
    <country_code>FO</country_code>
    <zipcode>870</zipcode>
    <place>Fámjin</place>
    <state></state>
    <state_code></state_code>
    <province></province>
    <province_code></province_code>
    <community></community>
    <community_code></community_code>
    <latitude>61.5167</latitude>
    <longitude>-6.8667</longitude>
  </object>
  <object>
    <country_code>FO</country_code>
    <zipcode>900</zipcode>
    <place>Vágur</place>
    <state></state>
    <state_code></state_code>
    <province></province>
    <province_code></province_code>
    <community></community>
    <community_code></community_code>
    <latitude>61.4732</latitude>
    <longitude>-6.8118</longitude>
  </object>
  <object>
    <country_code>FO</country_code>
    <zipcode>910</zipcode>
    <place>Vágur</place>
    <state></state>
    <state_code></state_code>
    <province></province>
    <province_code></province_code>
    <community></community>
    <community_code></community_code>
    <latitude>61.4732</latitude>
    <longitude>-6.8118</longitude>
  </object>
  <object>
    <country_code>FO</country_code>
    <zipcode>925</zipcode>
    <place>Nes, Vágur</place>
    <state></state>
    <state_code></state_code>
    <province></province>
    <province_code></province_code>
    <community></community>
    <community_code></community_code>
    <latitude>61.4389</latitude>
    <longitude>-6.7444</longitude>
  </object>
  <object>
    <country_code>FO</country_code>
    <zipcode>926</zipcode>
    <place>Lopra</place>
    <state></state>
    <state_code></state_code>
    <province></province>
    <province_code></province_code>
    <community></community>
    <community_code></community_code>
    <latitude>61.4333</latitude>
    <longitude>-6.7667</longitude>
  </object>
  <object>
    <country_code>FO</country_code>
    <zipcode>927</zipcode>
    <place>Akrar</place>
    <state></state>
    <state_code></state_code>
    <province></province>
    <province_code></province_code>
    <community></community>
    <community_code></community_code>
    <latitude>61.45</latitude>
    <longitude>-6.75</longitude>
  </object>
  <object>
    <country_code>FO</country_code>
    <zipcode>928</zipcode>
    <place>Vikarbyrgi</place>
    <state></state>
    <state_code></state_code>
    <province></province>
    <province_code></province_code>
    <community></community>
    <community_code></community_code>
    <latitude>61.4333</latitude>
    <longitude>-6.7167</longitude>
  </object>
  <object>
    <country_code>FO</country_code>
    <zipcode>950</zipcode>
    <place>Porkeri</place>
    <state></state>
    <state_code></state_code>
    <province></province>
    <province_code></province_code>
    <community></community>
    <community_code></community_code>
    <latitude>61.4833</latitude>
    <longitude>-6.7333</longitude>
  </object>
  <object>
    <country_code>FO</country_code>
    <zipcode>960</zipcode>
    <place>Hov</place>
    <state></state>
    <state_code></state_code>
    <province></province>
    <province_code></province_code>
    <community></community>
    <community_code></community_code>
    <latitude>61.5167</latitude>
    <longitude>-6.7333</longitude>
  </object>
  <object>
    <country_code>FO</country_code>
    <zipcode>970</zipcode>
    <place>Sumba</place>
    <state></state>
    <state_code></state_code>
    <province></province>
    <province_code></province_code>
    <community></community>
    <community_code></community_code>
    <latitude>61.4</latitude>
    <longitude>-6.7</longitude>
  </object>
</zipcodes>